user_id,watch_time,session_duration,visit_frequency,completion_rate,number_of_sessions,action_preference,family_preference,comedy_preference,drama_preference,primary_device,subscription_tier,weekend_watch_ratio,skip_intro_rate
USR_01502,948.4,41.7,2,0.656,22,0.048,0.741,0.145,0.066,Mobile,Basic,0.686,0.483
USR_02587,560.6,16.3,3,0.563,34,0.245,0.079,0.474,0.202,Web,Basic,0.262,0.603
USR_02654,425.0,19.8,3,0.472,21,0.158,0.128,0.478,0.236,Mobile,Standard,0.56,0.443
USR_01056,1868.1,41.0,27,0.8,45,0.781,0.093,0.126,0.0,Tablet,Standard,0.364,0.877
USR_00706,1793.4,40.8,17,1.0,43,0.703,0.047,0.082,0.168,SmartTV,Premium,0.386,0.9
USR_00107,2119.3,78.0,21,0.893,27,0.821,0.076,0.103,0.0,Console,Standard,0.449,1.0
USR_00590,2577.2,58.5,20,0.869,44,0.556,0.051,0.148,0.245,SmartTV,Standard,0.369,0.854
USR_02469,526.9,19.3,12,0.323,27,0.108,0.227,0.363,0.302,Tablet,Free,0.432,0.153
USR_02414,295.1,18.7,6,0.444,15,0.207,0.121,0.672,0.0,Mobile,Basic,0.424,0.438
USR_01601,1036.3,35.0,11,0.768,29,0.111,0.744,0.145,0.0,SmartTV,Standard,0.828,0.465
USR_02465,532.1,23.5,4,0.6,22,0.264,0.122,0.614,0.0,Mobile,Basic,0.661,0.125
USR_00229,1985.2,43.0,22,0.884,46,0.715,0.067,0.073,0.145,Tablet,Standard,0.398,0.984
USR_00916,2973.4,43.9,23,0.891,67,0.815,0.019,0.02,0.146,Tablet,Standard,0.47,0.969
USR_00795,2134.8,40.0,23,0.873,53,0.898,0.045,0.057,0.0,Mobile,Premium,0.492,0.924
USR_03022,359.3,11.7,6,0.323,30,0.171,0.0,0.733,0.096,Mobile,Free,0.463,0.226
USR_03544,1699.4,33.1,17,0.706,51,0.238,0.227,0.268,0.267,Tablet,Premium,0.423,0.638
USR_01074,2193.7,61.1,26,0.795,35,0.692,0.069,0.064,0.175,Console,Free,0.69,0.891
USR_03352,556.3,28.4,7,0.463,19,0.24,0.044,0.422,0.294,Mobile,Basic,0.343,0.293
USR_01745,567.5,23.7,4,0.676,23,0.114,0.45,0.219,0.217,Mobile,Premium,0.693,0.232
USR_01085,1776.6,62.1,20,0.93,28,0.866,0.0,0.071,0.063,Mobile,Standard,0.352,0.705
USR_00927,2486.8,75.1,15,0.844,33,0.824,0.071,0.105,0.0,Console,Standard,0.344,0.803
USR_03050,349.0,13.5,2,0.422,25,0.298,0.086,0.575,0.041,Mobile,Free,0.432,0.419
USR_01118,2705.7,36.4,28,0.975,74,0.782,0.113,0.072,0.033,SmartTV,Premium,0.271,0.789
USR_00643,1905.5,63.2,21,0.853,30,0.86,0.036,0.09,0.014,Web,Standard,0.532,0.973
USR_04768,3084.9,69.0,15,0.942,44,0.259,0.046,0.222,0.473,SmartTV,Standard,0.504,1.0
USR_00502,2696.6,74.4,23,0.807,36,0.833,0.033,0.134,0.0,SmartTV,Standard,0.546,0.887
USR_04067,1375.4,29.8,15,0.793,46,0.254,0.228,0.306,0.212,SmartTV,Premium,0.454,0.497
USR_00334,2591.0,61.0,12,0.822,42,0.922,0.037,0.041,0.0,SmartTV,Standard,0.404,1.0
USR_04685,2362.7,79.9,16,0.997,29,0.262,0.095,0.296,0.347,Mobile,Premium,0.434,0.901
USR_00487,1778.7,49.8,20,0.876,35,0.842,0.033,0.086,0.039,Console,Premium,0.419,0.862
USR_01963,773.9,55.8,7,0.75,13,0.0,0.636,0.173,0.191,SmartTV,Premium,0.649,0.521
USR_00394,3137.3,36.8,11,0.903,85,0.771,0.039,0.112,0.078,SmartTV,Standard,0.415,0.94
USR_04843,3690.7,81.3,17,0.94,45,0.168,0.11,0.192,0.53,SmartTV,Premium,0.616,0.834
USR_04867,2765.8,108.0,17,0.945,25,0.273,0.153,0.185,0.389,SmartTV,Standard,0.703,0.863
USR_01756,1184.2,47.5,8,0.628,24,0.121,0.612,0.115,0.152,SmartTV,Basic,0.741,0.284
USR_02516,534.4,28.4,4,0.553,18,0.301,0.184,0.381,0.134,Mobile,Basic,0.413,0.277
USR_03586,803.6,50.4,13,0.828,15,0.268,0.169,0.222,0.341,Mobile,Basic,0.29,0.576
USR_04316,1433.1,52.0,21,0.778,27,0.275,0.251,0.29,0.184,Mobile,Standard,0.458,0.464
USR_04967,2171.1,88.7,7,0.932,24,0.304,0.097,0.171,0.428,Web,Basic,0.46,0.898
USR_02100,1436.8,48.4,5,0.544,29,0.016,0.734,0.14,0.11,Mobile,Basic,0.556,0.377
USR_03600,1010.1,50.9,11,0.783,19,0.23,0.248,0.244,0.278,Tablet,Premium,0.271,0.813
USR_04122,1222.6,49.4,16,0.785,24,0.335,0.186,0.383,0.096,SmartTV,Standard,0.528,0.683
USR_00030,2147.9,54.7,22,0.957,39,0.727,0.082,0.09,0.101,Web,Premium,0.403,0.938
USR_00066,2232.9,38.1,18,0.813,58,0.782,0.081,0.136,0.001,SmartTV,Basic,0.478,0.76
USR_00839,3241.1,45.9,15,0.76,70,0.766,0.033,0.11,0.091,Web,Premium,0.431,0.722
USR_03907,1834.8,33.9,18,0.714,54,0.268,0.214,0.217,0.301,Web,Basic,0.468,0.529
USR_03774,1666.2,34.6,21,0.585,48,0.3,0.232,0.166,0.302,Web,Standard,0.328,0.554
USR_04636,3665.2,86.6,17,0.94,42,0.309,0.053,0.221,0.417,Tablet,Premium,0.554,0.921
USR_03162,340.6,9.7,3,0.394,35,0.153,0.095,0.719,0.033,Mobile,Free,0.314,0.362
USR_02660,494.8,21.3,7,0.392,23,0.311,0.069,0.619,0.001,Mobile,Free,0.323,0.174
USR_04616,2649.8,77.9,15,0.959,34,0.149,0.127,0.246,0.478,Tablet,Standard,0.554,0.917
USR_04629,3794.3,97.4,13,0.914,38,0.097,0.105,0.197,0.601,SmartTV,Premium,0.589,1.0
USR_02452,457.8,20.3,6,0.289,22,0.384,0.084,0.532,0.0,Mobile,Free,0.272,0.0
USR_02847,154.4,21.1,6,0.495,7,0.284,0.104,0.612,0.0,Tablet,Free,0.243,0.158
USR_01145,2532.3,37.0,17,0.907,68,0.749,0.075,0.177,-0.001,SmartTV,Standard,0.478,0.951
USR_03079,199.9,12.8,8,0.276,15,0.159,0.066,0.368,0.407,Mobile,Free,0.212,0.45
USR_01104,1065.0,68.8,21,0.892,15,0.809,0.111,0.079,0.001,SmartTV,Premium,0.441,0.984
USR_00169,2630.0,71.5,21,0.937,36,0.758,0.092,0.149,0.001,SmartTV,Standard,0.479,0.856
USR_01671,997.2,61.1,9,0.95,16,0.043,0.729,0.228,0.0,SmartTV,Standard,0.829,0.186
USR_02571,373.0,14.0,3,0.493,26,0.193,0.157,0.398,0.252,Mobile,Standard,0.27,0.267
USR_02378,509.7,22.6,1,0.545,22,0.154,0.088,0.576,0.182,Mobile,Free,0.388,0.313
USR_04396,1650.5,57.5,19,0.735,28,0.318,0.231,0.213,0.238,Mobile,Standard,0.422,0.553
USR_04258,1805.6,46.9,18,0.801,38,0.379,0.195,0.229,0.197,Tablet,Basic,0.279,0.713
USR_03863,2224.6,27.7,21,0.615,65,0.193,0.23,0.208,0.369,Mobile,Standard,0.425,0.866
USR_00024,2483.9,45.5,21,0.91,54,0.858,0.012,0.083,0.047,Mobile,Premium,0.382,0.798
USR_02634,669.4,20.8,1,0.397,32,0.335,0.08,0.585,0.0,Tablet,Basic,0.357,0.0
USR_03341,484.3,12.3,1,0.383,35,0.306,0.194,0.313,0.187,Mobile,Basic,0.43,0.0
USR_02216,1071.1,52.7,6,0.727,20,0.102,0.621,0.086,0.191,Web,Standard,0.731,0.423
USR_03683,1740.3,40.9,19,0.788,42,0.214,0.178,0.145,0.463,Web,Standard,0.367,0.738
USR_04725,2357.7,64.7,17,0.954,36,0.357,0.0,0.182,0.461,Tablet,Premium,0.593,0.965
USR_01908,960.4,61.9,12,0.634,15,0.055,0.752,0.129,0.064,SmartTV,Basic,0.712,0.608
USR_00085,2385.1,76.5,19,0.893,31,0.7,0.097,0.203,0.0,Tablet,Standard,0.378,0.811
USR_00228,2378.1,52.2,18,0.933,45,0.873,0.0,0.054,0.073,SmartTV,Standard,0.3,0.798
USR_00297,2359.8,54.5,15,0.97,43,0.777,0.077,0.146,0.0,SmartTV,Standard,0.338,0.888
USR_01002,2585.4,52.8,20,0.903,49,0.747,0.016,0.237,0.0,SmartTV,Standard,0.381,0.673
USR_02139,1187.6,52.5,7,0.797,22,0.053,0.812,0.136,-0.001,SmartTV,Standard,0.803,0.406
USR_00712,2701.5,57.1,23,0.876,47,0.709,0.101,0.08,0.11,Tablet,Premium,0.301,0.686
USR_02802,300.6,17.1,5,0.613,17,0.291,0.167,0.346,0.196,Mobile,Free,0.271,0.478
USR_02528,612.2,21.5,1,0.578,28,0.28,0.164,0.555,0.001,Mobile,Free,0.34,0.284
USR_03753,1600.0,54.0,20,0.6,29,0.334,0.293,0.28,0.093,Web,Standard,0.497,0.62
USR_03322,248.4,10.5,5,0.226,23,0.153,0.162,0.473,0.212,SmartTV,Basic,0.439,0.353
USR_03182,563.1,17.5,8,0.327,32,0.157,0.196,0.647,0.0,Tablet,Free,0.419,0.167
USR_04184,1390.2,35.1,11,0.703,39,0.249,0.187,0.244,0.32,Web,Premium,0.406,0.71
USR_01616,799.2,50.3,9,0.615,15,0.018,0.883,0.099,0.0,SmartTV,Premium,0.742,0.653
USR_03025,487.2,18.9,5,0.275,25,0.105,0.251,0.371,0.273,Tablet,Basic,0.554,0.173
USR_01414,972.2,46.8,12,0.801,20,0.054,0.741,0.14,0.065,Mobile,Free,0.605,0.411
USR_00764,2270.3,57.2,18,0.886,39,0.794,0.0,0.15,0.056,Tablet,Premium,0.349,0.857
USR_00656,1891.0,45.6,25,0.895,41,0.779,0.095,0.124,0.002,SmartTV,Basic,0.536,0.813
USR_04798,3449.1,86.7,18,0.975,39,0.417,0.101,0.103,0.379,Mobile,Premium,0.657,0.898
USR_03850,955.7,33.0,17,0.685,28,0.224,0.254,0.302,0.22,Web,Premium,0.446,0.597
USR_04154,1732.0,49.4,21,0.773,35,0.247,0.267,0.274,0.212,Tablet,Standard,0.456,0.834
USR_00469,2893.4,28.7,28,0.947,90,0.739,0.082,0.1,0.079,SmartTV,Premium,0.518,0.929
USR_00158,1919.6,55.3,27,0.875,34,0.821,0.018,0.121,0.04,SmartTV,Free,0.405,0.929
USR_01296,942.2,43.0,8,0.835,21,0.081,0.55,0.162,0.207,Tablet,Standard,0.61,0.524
USR_00498,2777.0,64.0,24,0.938,43,0.779,0.036,0.022,0.163,SmartTV,Premium,0.486,0.884
USR_04741,2960.8,79.3,15,0.935,37,0.316,0.11,0.207,0.367,Tablet,Premium,0.574,0.869
USR_02941,188.9,23.0,5,0.189,8,0.215,0.108,0.473,0.204,SmartTV,Basic,0.432,0.1
USR_03457,321.7,15.8,5,0.414,20,0.359,0.1,0.515,0.026,Tablet,Premium,0.132,0.634
USR_00374,2574.7,50.8,18,0.903,50,0.891,0.036,0.0,0.073,Console,Basic,0.387,0.923
USR_00080,2879.5,48.8,27,1.0,59,0.747,0.042,0.173,0.038,SmartTV,Basic,0.546,0.808
USR_01554,1191.9,45.5,9,0.778,26,0.143,0.729,0.128,0.0,Web,Standard,0.549,0.439
USR_01670,909.3,48.9,8,0.508,18,0.091,0.616,0.091,0.202,SmartTV,Standard,0.752,0.662
USR_02132,1271.7,21.3,10,0.672,40,0.216,0.646,0.138,0.0,SmartTV,Premium,0.735,0.288
USR_04440,2399.7,90.9,13,0.942,26,0.118,0.11,0.253,0.519,Web,Free,0.481,0.912
USR_00466,2395.6,63.1,24,0.856,37,0.688,0.019,0.081,0.212,SmartTV,Standard,0.472,0.924
USR_00249,2693.2,41.3,21,0.88,65,0.834,0.087,0.063,0.016,Web,Premium,0.427,0.887
USR_00932,2874.6,43.0,17,0.814,66,0.9,0.038,0.037,0.025,Web,Premium,0.386,0.831
USR_01336,844.7,37.7,13,0.88,22,0.103,0.834,0.006,0.057,Tablet,Free,0.601,0.364
USR_04525,3039.4,91.9,20,0.976,33,0.289,0.15,0.218,0.343,SmartTV,Basic,0.529,0.949
USR_01339,990.1,55.9,9,0.585,17,0.0,0.755,0.131,0.114,SmartTV,Standard,0.623,0.512
USR_01407,733.7,47.8,6,0.639,15,0.064,0.697,0.195,0.044,Tablet,Premium,0.667,0.543
USR_01091,2894.8,50.8,26,0.944,57,0.87,0.064,0.067,-0.001,Console,Standard,0.308,0.847
USR_04210,1840.9,53.1,12,0.796,34,0.217,0.188,0.256,0.339,Tablet,Standard,0.437,0.713
USR_00743,2716.6,54.1,20,0.858,50,0.774,0.042,0.133,0.051,Mobile,Basic,0.388,0.977
USR_02324,321.6,6.4,1,0.529,35,0.167,0.083,0.538,0.212,Web,Free,0.304,0.363
USR_03602,1403.1,20.8,18,0.719,65,0.238,0.29,0.238,0.234,Mobile,Basic,0.405,0.746
USR_02124,1297.0,72.7,7,0.563,17,0.061,0.59,0.162,0.187,SmartTV,Free,0.786,0.405
USR_02095,571.6,51.5,8,0.577,11,0.141,0.697,0.162,0.0,Tablet,Standard,0.631,0.42
USR_00241,2814.8,60.8,23,0.916,46,0.875,0.013,0.112,0.0,SmartTV,Basic,0.346,0.894
USR_02352,586.2,18.9,2,0.33,31,0.316,0.113,0.571,0.0,Web,Standard,0.378,0.497
USR_01371,735.7,54.9,9,0.564,13,0.045,0.796,0.088,0.071,SmartTV,Standard,0.572,0.279
USR_01058,3212.6,31.7,31,1.0,90,0.797,0.009,0.148,0.046,Tablet,Premium,0.411,0.841
USR_04817,2679.9,93.6,15,0.97,28,0.24,0.092,0.203,0.465,SmartTV,Premium,0.793,0.94
USR_00200,1850.7,49.6,27,0.9,37,0.807,0.085,0.043,0.065,SmartTV,Premium,0.503,0.844
USR_02281,87.5,17.5,3,0.241,4,0.13,0.143,0.565,0.162,Web,Free,0.525,0.301
USR_04750,3431.8,76.7,24,0.918,44,0.274,0.146,0.192,0.388,SmartTV,Premium,0.391,1.0
USR_02221,799.0,49.2,8,0.711,16,0.083,0.659,0.087,0.171,SmartTV,Standard,0.642,0.557
USR_04772,3402.0,64.0,15,0.941,53,0.19,0.089,0.109,0.612,Console,Standard,0.633,0.9
USR_02820,688.6,17.8,9,0.218,35,0.153,0.161,0.495,0.191,Tablet,Basic,0.221,0.024
USR_03151,294.1,15.4,3,0.343,19,0.273,0.145,0.581,0.001,Mobile,Free,0.511,0.466
USR_04257,2066.5,29.0,18,0.768,65,0.42,0.204,0.214,0.162,SmartTV,Standard,0.432,0.539
USR_03108,312.2,13.2,9,0.438,23,0.265,0.105,0.542,0.088,Web,Basic,0.243,0.123
USR_01974,599.2,52.1,7,0.676,11,0.029,0.634,0.128,0.209,Tablet,Standard,0.707,0.534
USR_01376,1283.7,48.6,9,0.828,26,0.049,0.688,0.141,0.122,SmartTV,Premium,0.77,0.53
USR_03969,1858.2,40.4,16,0.849,46,0.325,0.217,0.337,0.121,Web,Standard,0.488,0.553
USR_04063,1943.9,40.8,16,0.784,47,0.221,0.263,0.228,0.288,Web,Premium,0.209,0.595
USR_04446,4346.1,71.5,17,1.0,60,0.219,0.066,0.236,0.479,Web,Basic,0.571,0.945
USR_03558,1723.8,45.1,20,0.693,38,0.271,0.176,0.316,0.237,SmartTV,Basic,0.416,0.57
USR_00965,2505.1,80.4,18,0.864,31,0.86,0.058,0.082,0.0,Mobile,Premium,0.465,0.872
USR_00180,2303.3,70.7,27,0.846,32,0.761,0.0,0.06,0.179,SmartTV,Standard,0.497,0.979
USR_03699,1543.0,72.0,19,0.808,21,0.382,0.181,0.298,0.139,SmartTV,Premium,0.374,0.668
USR_03822,1783.3,43.8,19,0.727,40,0.276,0.281,0.257,0.186,SmartTV,Standard,0.415,0.672
USR_04879,3541.2,76.4,16,0.886,46,0.203,0.087,0.268,0.442,SmartTV,Standard,0.735,0.903
USR_03900,1819.4,37.5,20,0.732,48,0.333,0.22,0.209,0.238,Tablet,Free,0.519,0.662
USR_04488,3788.3,73.1,8,0.922,51,0.275,0.078,0.077,0.57,Web,Standard,0.667,0.899
USR_03239,391.0,10.9,4,0.237,35,0.229,0.108,0.419,0.244,Mobile,Free,0.564,0.263
USR_02975,312.7,15.9,8,0.51,19,0.351,0.149,0.454,0.046,Web,Basic,0.597,0.387
USR_03581,1322.7,50.5,14,0.789,26,0.222,0.272,0.292,0.214,Web,Basic,0.346,0.719
USR_02888,404.4,5.0,6,0.514,35,0.231,0.115,0.535,0.119,Web,Free,0.248,0.225
USR_02576,284.4,18.5,4,0.564,15,0.236,0.166,0.559,0.039,SmartTV,Basic,0.324,0.439
USR_01420,722.6,35.6,7,0.664,20,0.078,0.725,0.196,0.001,SmartTV,Premium,0.605,0.318
USR_03908,1156.5,45.4,11,0.788,25,0.277,0.199,0.238,0.286,Mobile,Basic,0.28,0.671
USR_04674,1950.8,76.3,14,0.971,25,0.236,0.057,0.302,0.405,Web,Standard,0.681,0.819
USR_04903,3290.0,85.8,19,0.927,38,0.269,0.044,0.245,0.442,Tablet,Premium,0.444,0.94
USR_01861,935.1,75.3,10,0.711,12,0.061,0.812,0.127,0.0,SmartTV,Standard,0.713,0.425
USR_00009,2036.2,49.0,25,0.9,41,0.732,0.081,0.105,0.082,SmartTV,Standard,0.497,0.794
USR_02895,268.9,15.6,2,0.275,17,0.201,0.237,0.563,-0.001,Tablet,Basic,0.471,0.42
USR_02848,484.3,30.0,7,0.445,16,0.15,0.018,0.512,0.32,Web,Free,0.478,0.252
USR_03665,1836.5,59.1,19,0.758,31,0.249,0.216,0.193,0.342,Mobile,Premium,0.448,0.394
USR_00145,1886.2,52.7,19,0.768,35,0.77,0.055,0.175,0.0,Tablet,Premium,0.47,0.768
USR_02105,480.3,50.5,13,0.82,9,0.13,0.715,0.155,0.0,SmartTV,Free,0.438,0.512
USR_03144,369.3,12.8,5,0.487,28,0.291,0.104,0.362,0.243,Tablet,Basic,0.205,0.343
USR_00842,2232.9,75.9,23,0.9,29,0.768,0.057,0.087,0.088,SmartTV,Standard,0.396,0.892
USR_01129,2089.7,54.4,23,0.801,38,0.768,0.031,0.045,0.156,Console,Free,0.441,0.912
USR_00152,2035.4,42.8,22,0.906,47,0.842,0.067,0.082,0.009,Mobile,Standard,0.354,0.857
USR_03592,1279.2,30.0,17,0.739,42,0.26,0.141,0.218,0.381,SmartTV,Standard,0.343,0.726
USR_01053,2634.9,48.5,21,0.8,54,0.703,0.099,0.102,0.096,SmartTV,Premium,0.389,0.841
USR_01591,768.1,65.0,6,0.592,11,0.096,0.71,0.158,0.036,SmartTV,Basic,0.869,0.53
USR_03009,276.1,13.7,5,0.417,20,0.133,0.185,0.6,0.082,Web,Basic,0.247,0.269
USR_02030,971.0,49.0,6,0.727,19,0.067,0.801,0.131,0.001,Web,Basic,0.594,0.236
USR_03419,551.1,18.2,6,0.572,30,0.255,0.112,0.632,0.001,Mobile,Free,0.448,0.336
USR_01808,754.9,34.9,10,0.7,21,0.128,0.605,0.162,0.105,SmartTV,Basic,0.757,0.369
USR_02697,303.5,11.0,1,0.419,27,0.276,0.177,0.468,0.079,Mobile,Standard,0.317,0.353
USR_03040,621.2,20.7,4,0.182,30,0.315,0.061,0.476,0.148,Mobile,Standard,0.332,0.292
USR_00473,1737.6,38.5,27,0.887,45,0.815,0.0,0.04,0.145,Web,Standard,0.491,0.873
USR_03290,363.8,15.2,1,0.416,23,0.128,0.13,0.55,0.192,Mobile,Basic,0.397,0.366
USR_04075,1642.8,36.7,15,0.808,44,0.241,0.22,0.203,0.336,Mobile,Premium,0.407,0.765
USR_03497,526.7,23.5,7,0.364,22,0.189,0.064,0.605,0.142,Mobile,Free,0.115,0.0
USR_00280,1666.3,60.6,28,0.823,27,0.835,0.087,0.079,-0.001,SmartTV,Basic,0.511,0.761
USR_01742,1011.6,30.4,6,0.763,33,0.0,0.81,0.019,0.171,SmartTV,Premium,0.507,0.36
USR_04625,2143.7,91.6,12,0.919,23,0.287,0.04,0.272,0.401,SmartTV,Premium,0.566,0.91
USR_02887,636.2,5.3,6,0.406,35,0.229,0.101,0.378,0.292,Mobile,Free,0.535,0.474
USR_01942,1149.6,20.0,7,0.832,40,0.057,0.823,0.12,0.0,Mobile,Basic,0.697,0.284
USR_00101,2693.5,36.1,27,0.963,74,0.724,0.076,0.125,0.075,Console,Basic,0.441,0.806
USR_02805,494.8,22.7,1,0.42,21,0.244,0.145,0.501,0.11,Tablet,Standard,0.369,0.192
USR_03571,1745.8,48.6,13,0.632,35,0.248,0.22,0.3,0.232,Mobile,Free,0.465,0.606
USR_03685,1387.0,39.9,18,0.734,34,0.249,0.13,0.21,0.411,Mobile,Basic,0.497,0.544
USR_03662,1197.3,34.3,16,0.808,34,0.32,0.191,0.23,0.259,Mobile,Premium,0.269,0.667
USR_00531,2584.2,51.7,22,0.908,50,0.763,0.056,0.089,0.092,SmartTV,Basic,0.498,0.884
USR_01887,1082.6,26.0,4,0.708,40,0.097,0.621,0.106,0.176,SmartTV,Premium,0.496,0.585
USR_00682,2429.3,34.1,22,0.897,71,0.846,0.008,0.146,0.0,SmartTV,Basic,0.609,0.82
USR_03795,1487.9,51.9,21,0.728,28,0.233,0.184,0.318,0.265,Mobile,Basic,0.486,0.648
USR_03945,1132.7,43.8,18,0.727,25,0.224,0.232,0.243,0.301,Mobile,Basic,0.488,0.495
USR_04667,3238.2,76.2,14,0.935,42,0.285,0.026,0.185,0.504,SmartTV,Standard,0.487,1.0
USR_02019,715.6,38.3,13,0.727,18,0.119,0.755,0.126,0.0,Mobile,Free,0.636,0.45
USR_01097,2211.1,55.3,19,0.9,40,0.732,0.079,0.161,0.028,Web,Basic,0.362,0.84
USR_00830,2231.0,49.0,23,0.89,45,0.872,0.095,0.034,-0.001,SmartTV,Standard,0.325,0.896
USR_02806,153.8,23.9,2,0.401,6,0.16,0.215,0.511,0.114,Mobile,Basic,0.313,0.412
USR_03830,1668.6,49.4,19,0.714,33,0.235,0.312,0.269,0.184,SmartTV,Standard,0.317,0.753
USR_04382,1187.5,29.1,12,0.731,40,0.278,0.255,0.324,0.143,SmartTV,Basic,0.47,0.483
USR_03892,1914.9,41.2,13,0.753,46,0.341,0.211,0.301,0.147,Web,Premium,0.433,0.685
USR_00765,2415.5,50.7,25,0.92,47,0.724,0.028,0.0,0.248,Web,Standard,0.432,0.843
USR_02768,589.4,18.6,6,0.364,31,0.18,0.174,0.414,0.232,Mobile,Basic,0.544,0.277
USR_04329,1573.3,37.3,15,0.903,42,0.309,0.223,0.226,0.242,Mobile,Standard,0.5,0.585
USR_03296,567.2,22.0,6,0.431,25,0.171,0.117,0.407,0.305,Tablet,Free,0.256,0.377
USR_02195,881.0,54.4,6,0.693,16,0.004,0.637,0.179,0.18,Web,Premium,0.557,0.569
USR_02358,479.0,19.2,8,0.313,25,0.185,0.156,0.3,0.359,Mobile,Basic,0.52,0.346
USR_03426,293.8,22.6,4,0.335,12,0.38,0.039,0.25,0.331,Mobile,Basic,0.438,0.245
USR_03980,1616.7,45.6,17,0.72,35,0.223,0.187,0.23,0.36,Mobile,Standard,0.445,0.752
USR_00912,2801.3,57.2,31,0.828,48,0.804,0.117,0.079,0.0,SmartTV,Basic,0.396,0.795
USR_03146,609.2,20.2,5,0.292,30,0.196,0.133,0.551,0.12,Mobile,Standard,0.379,0.444
USR_01000,1765.3,67.1,15,0.896,26,0.756,0.056,0.168,0.02,SmartTV,Premium,0.385,0.899
USR_03654,987.1,53.4,12,0.633,18,0.339,0.198,0.261,0.202,Mobile,Basic,0.356,0.892
USR_02484,576.7,15.5,5,0.59,35,0.129,0.156,0.459,0.256,Mobile,Basic,0.563,0.31
USR_04077,1978.4,63.1,12,0.796,31,0.349,0.27,0.237,0.144,Tablet,Standard,0.277,0.835
USR_02371,320.4,9.6,1,0.336,33,0.291,0.087,0.564,0.058,Mobile,Free,0.278,0.396
USR_04839,2700.2,98.7,19,0.932,27,0.331,0.082,0.22,0.367,SmartTV,Basic,0.48,0.935
USR_00034,2504.4,37.6,16,0.837,66,0.756,0.072,0.173,-0.001,SmartTV,Standard,0.489,0.837
USR_03790,901.0,47.5,19,0.741,18,0.369,0.22,0.177,0.234,Console,Standard,0.38,0.791
USR_01021,2956.9,73.9,25,0.961,39,0.914,0.065,0.02,0.001,SmartTV,Standard,0.395,0.881
USR_01648,1028.9,60.1,7,0.95,17,0.0,0.857,0.116,0.027,Tablet,Standard,0.518,0.357
USR_00734,2336.8,59.6,18,0.965,39,0.757,0.084,0.159,0.0,SmartTV,Premium,0.422,0.875
USR_04583,2354.4,54.9,15,1.0,42,0.225,0.071,0.249,0.455,SmartTV,Basic,0.535,0.959
USR_03275,276.7,16.8,2,0.403,16,0.164,0.064,0.561,0.211,Mobile,Free,0.273,0.229
USR_01621,1073.3,47.6,3,0.922,22,0.14,0.592,0.119,0.149,SmartTV,Premium,0.656,0.549
USR_03136,340.6,10.4,8,0.342,32,0.193,0.056,0.595,0.156,Console,Free,0.272,0.295
USR_02690,288.2,18.1,6,0.274,15,0.162,0.153,0.368,0.317,Tablet,Standard,0.366,0.486
USR_02708,479.4,27.6,6,0.302,17,0.194,0.0,0.535,0.271,Tablet,Basic,0.507,0.099
USR_00298,2279.6,53.8,19,0.906,42,0.822,0.032,0.064,0.082,SmartTV,Premium,0.411,0.778
USR_02340,361.4,8.7,2,0.57,35,0.264,0.047,0.332,0.357,Mobile,Basic,0.275,0.022
USR_00654,2529.4,44.7,18,0.753,56,0.825,0.03,0.145,0.0,Mobile,Standard,0.506,0.747
USR_03775,2058.5,38.4,15,0.615,53,0.257,0.175,0.248,0.32,SmartTV,Basic,0.4,0.593
USR_01256,844.4,74.0,8,0.733,11,0.105,0.763,0.132,0.0,Mobile,Standard,0.648,0.44
USR_04521,2420.9,92.3,19,0.982,26,0.224,0.141,0.197,0.438,SmartTV,Premium,0.435,0.84
USR_00231,2648.2,59.1,23,0.8,44,0.817,0.1,0.083,0.0,Mobile,Premium,0.417,0.728
USR_03277,466.5,19.9,1,0.298,23,0.184,0.166,0.65,0.0,Web,Premium,0.27,0.104
USR_03231,574.3,16.2,4,0.429,35,0.182,0.253,0.478,0.087,Mobile,Premium,0.222,0.538
USR_00692,1962.5,57.7,14,0.813,34,0.832,0.021,0.147,0.0,SmartTV,Basic,0.448,0.705
USR_02755,294.4,18.9,10,0.277,15,0.302,0.161,0.356,0.181,Mobile,Standard,0.417,0.311
USR_04864,2810.3,73.8,14,0.967,38,0.257,0.111,0.297,0.335,SmartTV,Standard,0.513,0.917
USR_00970,2109.2,49.3,24,0.977,42,0.733,0.007,0.132,0.128,Web,Standard,0.484,0.85
USR_00634,1983.6,60.7,19,0.866,32,0.822,0.081,0.046,0.051,SmartTV,Standard,0.5,0.94
USR_04093,1388.2,52.0,11,0.757,26,0.202,0.169,0.299,0.33,Tablet,Basic,0.301,0.513
USR_04078,1466.9,29.3,20,0.68,50,0.233,0.228,0.284,0.255,SmartTV,Basic,0.486,0.78
USR_01322,1037.0,39.9,8,0.523,25,0.106,0.769,0.125,0.0,SmartTV,Premium,0.613,0.463
USR_01832,706.3,63.7,6,0.712,11,0.047,0.814,0.101,0.038,Web,Free,0.848,0.3
USR_02179,1049.2,45.3,7,0.585,23,0.107,0.811,0.082,0.0,SmartTV,Standard,0.54,0.422
USR_01418,877.2,34.6,8,0.558,25,0.107,0.601,0.121,0.171,SmartTV,Basic,0.537,0.759
USR_01783,879.2,66.1,4,0.799,13,0.055,0.592,0.238,0.115,Mobile,Premium,0.791,0.445
USR_04716,3114.9,63.5,8,0.964,49,0.226,0.074,0.096,0.604,SmartTV,Standard,0.429,0.795
USR_04702,2658.4,77.7,6,0.92,34,0.099,0.083,0.18,0.638,SmartTV,Premium,0.515,0.889
USR_04119,1126.2,24.4,16,0.765,46,0.212,0.246,0.252,0.29,SmartTV,Premium,0.459,0.763
USR_01653,1084.2,71.2,12,0.666,15,0.03,0.66,0.31,0.0,SmartTV,Standard,0.523,0.364
USR_01484,1175.2,64.7,11,0.627,18,0.092,0.634,0.023,0.251,SmartTV,Standard,0.606,0.355
USR_02276,96.1,10.9,6,0.421,8,0.125,0.175,0.612,0.088,Mobile,Standard,0.315,0.27
USR_00878,2286.8,62.3,18,0.824,36,0.841,0.05,0.004,0.105,Tablet,Premium,0.563,0.815
USR_03526,1886.4,34.1,17,0.64,55,0.278,0.223,0.232,0.267,SmartTV,Basic,0.419,0.456
USR_02017,1011.5,53.5,8,0.737,18,0.051,0.626,0.287,0.036,Tablet,Premium,0.65,0.398
USR_00427,2577.9,43.5,19,0.852,59,0.821,0.122,0.057,0.0,Console,Standard,0.506,0.676
USR_00627,2745.4,55.0,26,1.0,49,0.651,0.051,0.0,0.298,SmartTV,Standard,0.435,0.879
USR_01590,582.4,55.0,9,0.686,10,0.073,0.786,0.142,-0.001,SmartTV,Basic,0.82,0.494
USR_02224,1154.8,37.8,9,0.676,30,0.0,0.766,0.147,0.087,SmartTV,Basic,0.796,0.33
USR_02218,815.9,37.3,8,0.716,21,0.079,0.793,0.128,0.0,Mobile,Premium,0.704,0.503
USR_04484,2781.9,76.9,19,0.992,36,0.202,0.169,0.117,0.512,Mobile,Premium,0.527,0.861
USR_01486,1023.4,59.0,4,0.653,17,0.108,0.691,0.128,0.073,SmartTV,Premium,0.666,0.32
USR_01740,1069.0,54.2,5,0.653,19,0.063,0.742,0.195,0.0,SmartTV,Standard,0.565,0.641
USR_02481,471.7,25.3,5,0.421,18,0.169,0.156,0.434,0.241,Mobile,Premium,0.243,0.29
USR_02585,486.4,20.2,7,0.442,24,0.103,0.15,0.551,0.196,SmartTV,Free,0.176,0.507
USR_02894,297.6,13.0,1,0.416,22,0.336,0.0,0.488,0.176,SmartTV,Free,0.431,0.026
USR_00150,2278.0,25.9,25,0.924,87,0.755,0.063,0.126,0.056,Web,Premium,0.295,0.808
USR_00677,3014.9,46.1,24,0.924,65,0.701,0.086,0.081,0.132,SmartTV,Basic,0.254,0.943
USR_01262,735.9,67.2,8,0.742,10,0.156,0.484,0.217,0.143,SmartTV,Basic,0.686,0.472
USR_04918,3349.4,90.8,13,0.99,36,0.169,0.046,0.132,0.653,Mobile,Basic,0.683,0.911
USR_00013,1954.3,48.2,22,0.85,40,0.64,0.063,0.047,0.25,Console,Basic,0.458,0.776
USR_01834,1007.9,43.4,8,0.666,23,0.073,0.643,0.016,0.268,SmartTV,Premium,0.762,0.449
USR_03249,342.1,13.1,4,0.723,26,0.195,0.067,0.738,0.0,SmartTV,Free,0.457,0.409
USR_01492,1041.4,46.3,5,0.671,22,0.129,0.676,0.194,0.001,SmartTV,Premium,0.754,0.384
USR_02728,497.0,13.9,4,0.57,35,0.128,0.166,0.52,0.186,Mobile,Free,0.281,0.117
USR_03687,1292.2,47.6,19,0.596,27,0.241,0.23,0.322,0.207,SmartTV,Premium,0.463,0.582
USR_01425,1210.0,53.5,7,0.782,22,0.032,0.698,0.128,0.142,SmartTV,Standard,0.556,0.37
USR_04606,3316.0,72.8,17,1.0,45,0.067,0.104,0.259,0.57,Console,Standard,0.394,0.884
USR_04596,3676.9,116.0,13,1.0,31,0.251,0.055,0.162,0.532,Mobile,Premium,0.51,0.99
USR_00732,3047.2,74.6,16,0.803,40,0.635,0.075,0.108,0.182,SmartTV,Standard,0.543,0.869
USR_01232,2162.7,55.1,24,0.783,39,0.697,0.054,0.056,0.193,SmartTV,Premium,0.355,0.822
USR_01635,857.7,70.3,8,0.635,12,0.04,0.713,0.081,0.166,Tablet,Premium,0.783,0.203
USR_03937,2472.4,36.2,22,0.832,65,0.283,0.312,0.243,0.162,Tablet,Premium,0.402,0.649
USR_01211,2715.6,63.7,21,0.899,42,0.682,0.111,0.0,0.207,SmartTV,Premium,0.413,0.941
USR_03269,420.3,9.1,13,0.496,35,0.282,0.167,0.444,0.107,Mobile,Free,0.334,0.317
USR_01935,577.8,48.0,5,0.724,12,0.104,0.603,0.198,0.095,SmartTV,Free,0.914,0.52
USR_00554,1861.5,63.7,19,1.0,29,0.691,0.023,0.072,0.214,SmartTV,Premium,0.439,0.812
USR_00492,1952.2,39.4,14,0.873,49,0.781,0.069,0.078,0.072,SmartTV,Standard,0.404,0.879
USR_02963,307.2,14.8,5,0.453,20,0.196,0.068,0.633,0.103,SmartTV,Basic,0.381,0.142
USR_02330,509.4,17.4,4,0.63,29,0.225,0.059,0.682,0.034,Tablet,Basic,0.17,0.0
USR_02196,1193.6,44.2,15,0.817,26,0.033,0.795,0.144,0.028,SmartTV,Premium,0.602,0.292
USR_03065,272.7,24.1,8,0.397,11,0.149,0.129,0.449,0.273,Mobile,Free,0.445,0.383
USR_00658,2804.2,50.6,24,0.8,55,0.885,0.001,0.067,0.047,Web,Standard,0.34,0.71
USR_02375,573.2,23.5,4,0.478,24,0.13,0.147,0.536,0.187,Tablet,Free,0.395,0.255
USR_02226,1381.0,45.7,12,0.69,30,0.086,0.706,0.152,0.056,Tablet,Standard,0.8,0.522
USR_04265,1473.3,41.7,24,0.691,35,0.321,0.191,0.201,0.287,Web,Premium,0.393,0.95
USR_01171,2104.5,38.7,19,0.86,54,0.567,0.052,0.146,0.235,Tablet,Basic,0.465,0.81
USR_00133,2985.8,73.7,22,0.835,40,0.779,0.031,0.19,0.0,SmartTV,Free,0.431,0.821
USR_00472,1936.6,47.1,21,0.824,41,0.8,0.044,0.157,-0.001,SmartTV,Standard,0.542,0.844
USR_03226,523.3,18.7,9,0.302,28,0.21,0.084,0.563,0.143,SmartTV,Basic,0.317,0.266
USR_01406,710.5,66.0,8,0.48,10,0.0,0.794,0.106,0.1,SmartTV,Free,0.724,0.434
USR_02877,227.0,16.6,10,0.289,13,0.114,0.045,0.813,0.028,SmartTV,Basic,0.406,0.259
USR_04505,3743.6,95.2,7,0.938,39,0.219,0.02,0.156,0.605,SmartTV,Premium,0.413,0.865
USR_04693,3089.3,71.5,17,0.935,43,0.324,0.051,0.181,0.444,Mobile,Standard,0.475,0.928
USR_02827,534.1,30.3,1,0.657,17,0.194,0.174,0.632,0.0,SmartTV,Free,0.538,0.191
USR_00288,2601.1,43.4,21,0.917,59,0.794,0.037,0.111,0.058,SmartTV,Premium,0.477,0.686
USR_01870,1299.7,60.2,9,0.692,21,0.104,0.683,0.141,0.072,SmartTV,Standard,0.667,0.349
USR_03115,416.5,25.1,7,0.341,16,0.201,0.157,0.442,0.2,Mobile,Basic,0.456,0.324
USR_03626,1280.4,38.0,15,0.71,33,0.314,0.203,0.331,0.152,Mobile,Basic,0.33,0.74
USR_02313,514.9,21.9,1,0.421,23,0.088,0.174,0.334,0.404,Mobile,Standard,0.328,0.382
USR_04924,3372.5,89.8,17,0.922,37,0.267,0.073,0.113,0.547,Web,Premium,0.6,0.946
USR_01619,1227.3,46.5,6,0.828,26,0.047,0.783,0.136,0.034,SmartTV,Standard,0.496,0.555
USR_00995,2961.3,56.6,28,0.96,52,0.838,0.062,0.1,0.0,SmartTV,Premium,0.481,0.819
USR_01804,1240.3,45.3,9,0.586,27,0.085,0.737,0.154,0.024,SmartTV,Standard,0.688,0.461
USR_02643,562.2,15.0,5,0.218,35,0.121,0.146,0.631,0.102,Tablet,Free,0.432,0.398
USR_04803,2885.6,83.3,17,0.997,34,0.287,0.041,0.133,0.539,SmartTV,Premium,0.581,0.927
USR_03536,2021.8,37.8,18,0.711,53,0.333,0.265,0.176,0.226,SmartTV,Premium,0.519,0.935
USR_04832,2069.4,102.2,15,0.961,20,0.27,0.159,0.119,0.452,SmartTV,Premium,0.424,0.917
USR_03912,2280.2,43.6,17,0.887,52,0.323,0.208,0.271,0.198,SmartTV,Standard,0.349,0.663
USR_02108,753.2,20.0,6,0.665,37,0.085,0.659,0.216,0.04,Console,Premium,0.53,0.283
USR_03045,303.5,25.5,7,0.578,11,0.144,0.078,0.652,0.126,Tablet,Basic,0.344,0.215
USR_00417,2126.6,50.1,19,0.794,42,0.791,0.083,0.125,0.001,SmartTV,Premium,0.486,0.876
USR_00978,3327.2,67.4,20,0.891,49,0.662,0.066,0.125,0.147,Web,Premium,0.461,0.935
USR_02418,396.5,12.5,2,0.392,31,0.344,0.065,0.592,-0.001,Tablet,Free,0.54,0.307
USR_00506,2395.9,60.7,15,0.848,39,0.757,0.07,0.16,0.013,SmartTV,Standard,0.358,0.81
USR_04153,1897.5,42.8,17,0.643,44,0.234,0.175,0.232,0.359,SmartTV,Premium,0.409,0.637
USR_04256,1250.2,54.0,17,0.808,23,0.24,0.125,0.172,0.463,SmartTV,Premium,0.625,0.578
USR_03942,1088.1,44.0,16,0.808,24,0.349,0.212,0.326,0.113,Tablet,Standard,0.386,0.591
USR_00415,2131.5,80.2,19,0.882,26,0.719,0.069,0.013,0.199,Tablet,Premium,0.376,0.763
USR_04149,1306.1,37.7,14,0.817,34,0.297,0.266,0.328,0.109,Console,Standard,0.264,0.559
USR_01184,2875.7,58.5,27,0.879,49,0.817,0.083,0.1,0.0,SmartTV,Standard,0.333,0.735
USR_00486,2420.7,49.2,31,0.878,49,0.654,0.055,0.126,0.165,Tablet,Standard,0.554,0.803
USR_00894,2026.5,73.5,16,0.887,27,0.77,0.093,0.095,0.042,SmartTV,Free,0.279,0.83
USR_00806,2262.5,67.6,18,0.844,33,0.815,0.059,0.126,0.0,Web,Basic,0.439,0.888
USR_00556,1592.7,47.1,19,0.841,33,0.745,0.035,0.11,0.11,SmartTV,Premium,0.449,0.777
USR_03826,2449.1,47.3,20,0.623,51,0.299,0.204,0.291,0.206,SmartTV,Basic,0.43,0.768
USR_01198,3024.1,61.6,20,0.793,49,0.762,0.051,0.152,0.035,SmartTV,Premium,0.445,0.979
USR_04254,1605.9,27.7,17,0.665,57,0.276,0.185,0.242,0.297,Mobile,Free,0.307,0.764
USR_04059,1802.9,50.5,18,0.685,35,0.279,0.308,0.267,0.146,Tablet,Standard,0.512,0.588
USR_01294,892.3,76.8,10,0.699,11,0.08,0.766,0.155,-0.001,SmartTV,Free,0.836,0.157
USR_02222,1289.2,46.9,13,0.79,27,0.093,0.706,0.201,0.0,Tablet,Basic,0.565,0.373
USR_03505,1416.2,51.5,19,0.687,27,0.342,0.245,0.181,0.232,SmartTV,Standard,0.25,0.488
USR_03655,2221.1,38.3,15,0.801,58,0.34,0.18,0.323,0.157,Mobile,Premium,0.405,0.711
USR_04759,2561.1,86.2,11,0.978,29,0.259,0.0,0.239,0.502,Web,Standard,0.498,0.89
USR_03007,508.6,6.9,2,0.668,35,0.2,0.174,0.627,-0.001,SmartTV,Premium,0.397,0.453
USR_02094,759.5,54.7,4,0.577,13,0.123,0.734,0.142,0.001,SmartTV,Basic,0.708,0.356
USR_02188,830.8,65.3,11,0.58,12,0.034,0.761,0.069,0.136,Mobile,Standard,0.631,0.552
USR_03037,434.5,23.9,8,0.445,18,0.225,0.128,0.504,0.143,Mobile,Free,0.1,0.47
USR_03919,2308.4,46.3,21,0.677,49,0.369,0.207,0.234,0.19,SmartTV,Standard,0.443,0.603
USR_01273,1036.8,53.7,4,0.808,19,0.0,0.803,0.196,0.001,SmartTV,Basic,0.637,0.573
USR_00291,2501.4,63.3,16,0.982,39,0.798,0.125,0.063,0.014,SmartTV,Premium,0.565,0.912
USR_04828,3223.3,73.3,18,0.969,43,0.254,0.064,0.24,0.442,SmartTV,Standard,0.642,0.892
USR_00253,2104.0,65.3,17,0.933,32,0.795,0.082,0.041,0.082,SmartTV,Standard,0.348,0.898
USR_03246,385.4,21.3,4,0.257,18,0.212,0.091,0.413,0.284,Mobile,Standard,0.222,0.323
USR_00351,2879.3,72.4,18,0.83,39,0.767,0.072,0.074,0.087,SmartTV,Standard,0.528,0.884
USR_01188,2999.9,55.0,19,0.896,54,0.878,0.032,0.023,0.067,SmartTV,Basic,0.476,0.876
USR_01962,1040.6,23.7,8,0.712,40,0.0,0.756,0.116,0.128,SmartTV,Standard,0.599,0.38
USR_00423,2616.3,73.0,20,0.85,35,0.79,0.064,0.146,0.0,Mobile,Standard,0.443,0.757
USR_00091,2509.7,48.2,16,0.932,52,0.771,0.052,0.177,0.0,Console,Standard,0.334,0.728
USR_03730,1815.1,43.5,21,0.817,41,0.405,0.229,0.23,0.136,Mobile,Basic,0.367,0.83
USR_02237,766.3,55.7,8,0.657,13,0.114,0.71,0.172,0.004,SmartTV,Standard,0.667,0.446
USR_00671,2462.1,32.4,22,0.932,76,0.737,0.127,0.027,0.109,Mobile,Standard,0.515,0.904
USR_03041,400.9,24.1,7,0.332,16,0.128,0.071,0.515,0.286,Mobile,Free,0.2,0.314
USR_00027,2923.4,55.1,18,0.908,53,0.798,0.036,0.103,0.063,SmartTV,Premium,0.389,0.859
USR_00430,2554.8,49.1,26,0.91,51,0.785,0.087,0.128,0.0,SmartTV,Standard,0.309,0.911
USR_00684,3803.0,54.3,21,0.89,70,0.805,0.018,0.177,0.0,Web,Standard,0.44,0.908
USR_04464,3294.0,48.5,12,0.955,60,0.255,0.012,0.168,0.565,SmartTV,Standard,0.543,0.878
USR_03946,1693.3,31.0,14,0.74,54,0.246,0.293,0.309,0.152,Console,Premium,0.472,0.744
USR_03524,1743.2,44.4,16,0.749,39,0.206,0.263,0.262,0.269,Web,Free,0.433,0.617
USR_01542,615.8,54.3,6,0.662,11,0.054,0.758,0.188,0.0,Tablet,Premium,0.556,0.356
USR_02032,1421.9,69.9,9,0.839,20,0.071,0.75,0.122,0.057,SmartTV,Premium,0.551,0.564
USR_02233,1117.2,57.8,8,0.676,19,0.058,0.644,0.134,0.164,Web,Standard,0.552,0.349
USR_04121,1602.4,54.7,16,0.675,29,0.301,0.253,0.228,0.218,Mobile,Free,0.346,0.705
USR_03236,512.9,16.8,8,0.267,30,0.213,0.108,0.634,0.045,SmartTV,Basic,0.108,0.141
USR_00255,2557.3,36.2,22,0.864,70,0.841,0.048,0.084,0.027,SmartTV,Standard,0.479,0.877
USR_01030,2252.3,54.4,27,0.891,41,0.708,0.032,0.13,0.13,Web,Premium,0.524,0.873
USR_04393,2043.8,44.7,18,0.686,45,0.155,0.227,0.265,0.353,Tablet,Premium,0.339,0.521
USR_03801,1026.3,37.6,15,0.678,27,0.231,0.223,0.276,0.27,Mobile,Standard,0.431,0.672
USR_04311,1683.4,28.9,11,0.773,58,0.268,0.301,0.232,0.199,Web,Premium,0.503,0.715
USR_02510,662.9,18.3,2,0.475,35,0.084,0.1,0.541,0.275,Mobile,Premium,0.635,0.348
USR_02293,509.9,9.4,6,0.461,35,0.069,0.056,0.519,0.356,SmartTV,Basic,0.412,0.327
USR_01324,789.2,60.3,8,0.645,13,0.087,0.812,0.101,0.0,Tablet,Free,0.72,0.412
USR_01551,1157.3,50.2,8,0.806,23,0.043,0.698,0.238,0.021,Web,Premium,0.66,0.268
USR_04648,3231.1,97.5,22,0.933,33,0.418,0.08,0.176,0.326,Tablet,Premium,0.509,0.9
USR_00316,2775.6,74.1,24,0.964,37,0.659,0.005,0.093,0.243,SmartTV,Premium,0.46,0.994
USR_01243,3185.0,54.3,15,0.909,58,0.808,0.018,0.054,0.12,Web,Basic,0.418,0.878
USR_02451,742.8,14.7,10,0.257,35,0.285,0.206,0.31,0.199,SmartTV,Free,0.367,0.407
USR_01579,797.9,53.7,4,0.796,14,0.006,0.698,0.155,0.141,SmartTV,Basic,0.784,0.433
USR_04626,2672.8,45.0,9,0.994,59,0.185,0.023,0.175,0.617,SmartTV,Standard,0.772,0.975
USR_03117,331.2,7.9,6,0.554,35,0.215,0.031,0.532,0.222,SmartTV,Standard,0.259,0.0
USR_00070,2579.6,56.4,22,0.858,45,0.775,0.072,0.014,0.139,SmartTV,Premium,0.312,0.909
USR_00860,3070.6,51.0,17,0.816,60,0.628,0.056,0.18,0.136,SmartTV,Premium,0.409,0.874
USR_02754,578.3,23.0,3,0.232,25,0.22,0.234,0.319,0.227,Tablet,Free,0.19,0.413
USR_01633,1276.4,62.1,7,0.71,20,0.142,0.805,0.052,0.001,Mobile,Standard,0.704,0.4
USR_01651,319.9,48.2,3,0.546,6,0.013,0.624,0.109,0.254,SmartTV,Basic,0.631,0.5
USR_03861,1660.8,37.6,21,0.819,44,0.352,0.182,0.268,0.198,Web,Premium,0.498,0.83
USR_03107,574.1,16.4,6,0.332,34,0.088,0.088,0.479,0.345,Mobile,Free,0.385,0.247
USR_01075,2364.8,48.8,20,0.882,48,0.79,0.042,0.086,0.082,Tablet,Standard,0.528,0.961
USR_04002,2030.4,40.4,12,0.746,50,0.326,0.301,0.2,0.173,SmartTV,Standard,0.243,0.71
USR_00788,2280.7,57.9,18,0.932,39,0.814,0.05,0.136,0.0,SmartTV,Standard,0.354,0.811
USR_02606,362.3,23.1,3,0.446,15,0.11,0.228,0.305,0.357,Mobile,Basic,0.307,0.16
USR_03631,1954.7,44.1,14,0.846,44,0.301,0.158,0.204,0.337,SmartTV,Basic,0.286,0.404
USR_02122,1221.7,65.9,9,0.776,18,0.0,0.871,0.094,0.035,SmartTV,Premium,0.629,0.336
USR_01875,849.2,49.2,9,0.695,17,0.088,0.643,0.114,0.155,SmartTV,Premium,0.906,0.567
USR_00812,2408.2,60.4,15,0.837,39,0.775,0.072,0.152,0.001,SmartTV,Standard,0.408,0.882
USR_00388,2262.5,75.1,14,0.959,30,0.76,0.094,0.104,0.042,SmartTV,Premium,0.511,0.819
USR_02883,893.7,21.6,9,0.512,35,0.287,0.148,0.56,0.005,Mobile,Premium,0.176,0.354
USR_01176,2174.5,52.6,24,0.744,41,0.789,0.094,0.058,0.059,SmartTV,Premium,0.353,0.701
USR_03198,459.8,11.2,4,0.36,35,0.251,0.214,0.469,0.066,Mobile,Free,0.535,0.616
USR_02624,449.2,8.1,4,0.287,35,0.253,0.172,0.576,-0.001,Web,Free,0.391,0.172
USR_01352,426.7,69.1,9,0.747,6,0.026,0.794,0.157,0.023,SmartTV,Standard,0.522,0.591
USR_00411,2949.1,42.1,18,0.942,70,0.721,0.095,0.184,0.0,Tablet,Premium,0.388,0.905
USR_04213,1666.5,27.8,20,0.668,59,0.271,0.252,0.202,0.275,Mobile,Standard,0.352,0.785
USR_00110,1847.6,51.4,27,0.871,35,0.791,0.053,0.101,0.055,SmartTV,Premium,0.332,0.735
USR_04996,1869.3,68.2,17,0.921,27,0.373,0.079,0.238,0.31,SmartTV,Premium,0.654,0.793
USR_03430,490.1,25.4,7,0.327,19,0.24,0.18,0.532,0.048,Console,Free,0.379,0.455
USR_02810,288.3,12.4,1,0.374,23,0.106,0.163,0.393,0.338,Mobile,Basic,0.528,0.299
USR_02595,533.2,21.2,6,0.368,25,0.187,0.108,0.384,0.321,Tablet,Free,0.345,0.434
USR_02837,136.1,16.6,1,0.293,8,0.173,0.129,0.633,0.065,SmartTV,Basic,0.433,0.123
USR_02373,240.7,15.2,8,0.416,15,0.244,0.103,0.403,0.25,Mobile,Standard,0.321,0.147
USR_01236,2181.5,38.9,28,0.952,56,0.819,0.058,0.078,0.045,Tablet,Standard,0.443,0.976
USR_02147,501.0,55.4,9,0.544,9,0.088,0.629,0.0,0.283,Web,Premium,0.573,0.346
USR_04976,3464.8,81.1,8,1.0,42,0.332,0.095,0.155,0.418,Mobile,Standard,0.551,0.788
USR_00600,1788.8,53.6,22,0.921,33,0.74,0.066,0.098,0.096,Web,Free,0.346,0.841
USR_01435,1097.6,46.6,4,0.761,23,0.025,0.722,0.12,0.133,SmartTV,Premium,0.769,0.293
USR_04997,3067.5,81.6,20,1.0,37,0.167,0.083,0.264,0.486,SmartTV,Premium,0.529,0.93
USR_00539,2146.1,37.1,27,0.85,57,0.666,0.053,0.103,0.178,Mobile,Premium,0.28,0.877
USR_00722,3072.8,45.4,19,0.832,67,0.697,0.165,0.139,-0.001,Mobile,Standard,0.508,0.889
USR_04411,3671.5,72.5,19,0.977,50,0.332,0.06,0.109,0.499,SmartTV,Standard,0.487,0.867
USR_01873,826.1,64.3,11,0.526,12,0.112,0.688,0.2,0.0,Mobile,Standard,0.719,0.415
USR_02846,519.6,24.2,4,0.422,21,0.228,0.0,0.405,0.367,Tablet,Standard,0.33,0.274
USR_02054,894.7,72.3,11,0.47,12,0.04,0.768,0.061,0.131,Tablet,Basic,0.667,0.471
USR_02908,80.0,21.8,6,0.291,3,0.244,0.035,0.405,0.316,Mobile,Basic,0.265,0.381
USR_02255,206.4,32.3,2,0.618,6,0.206,0.089,0.582,0.123,Mobile,Standard,0.51,0.128
USR_03913,2104.3,40.4,14,0.663,52,0.284,0.18,0.178,0.358,SmartTV,Standard,0.292,0.791
USR_00178,2592.2,40.7,25,0.94,63,0.72,0.116,0.087,0.077,Console,Standard,0.443,0.871
USR_02891,502.1,38.0,5,0.474,13,0.176,0.043,0.568,0.213,Mobile,Premium,0.353,0.0
USR_03674,1582.0,35.5,18,0.633,44,0.35,0.275,0.268,0.107,Mobile,Basic,0.411,0.589
USR_00081,1795.0,44.0,17,0.834,40,0.759,0.068,0.173,0.0,Console,Standard,0.34,0.929
USR_02562,357.9,8.1,2,0.616,35,0.17,0.0,0.469,0.361,Tablet,Free,0.159,0.309
USR_01724,1080.7,38.9,11,0.625,27,0.053,0.693,0.103,0.151,Tablet,Basic,0.762,0.452
USR_01618,1003.7,61.5,8,0.78,16,0.061,0.696,0.183,0.06,Web,Standard,0.753,0.516
USR_01655,1258.3,36.6,7,0.779,34,0.01,0.559,0.164,0.267,SmartTV,Basic,0.73,0.333
USR_02329,155.6,17.2,4,0.417,9,0.265,0.213,0.521,0.001,Tablet,Basic,0.202,0.248
USR_04614,2524.8,77.6,12,0.91,32,0.063,0.101,0.165,0.671,Mobile,Premium,0.49,0.931
USR_00222,2122.2,60.3,25,0.907,35,0.828,0.053,0.119,0.0,Web,Premium,0.333,0.819
USR_00094,1756.2,65.1,19,0.853,26,0.641,0.044,0.0,0.315,Tablet,Premium,0.293,0.911
USR_02610,645.2,21.7,6,0.368,29,0.252,0.064,0.509,0.175,Mobile,Basic,0.281,0.64
USR_03383,286.8,16.5,6,0.4,17,0.199,0.134,0.578,0.089,Tablet,Free,0.213,0.262
USR_04416,1746.3,76.3,10,1.0,22,0.249,0.089,0.115,0.547,SmartTV,Premium,0.438,0.998
USR_01398,1005.9,38.3,9,0.442,26,0.05,0.802,0.148,0.0,SmartTV,Standard,0.697,0.658
USR_04687,2903.2,86.3,19,0.998,33,0.172,0.076,0.193,0.559,SmartTV,Premium,0.582,0.963
USR_01293,1271.2,41.4,8,0.455,30,0.014,0.781,0.163,0.042,SmartTV,Premium,0.855,0.581
USR_02165,1003.3,46.8,9,0.617,21,0.13,0.729,0.142,-0.001,SmartTV,Free,0.61,0.518
USR_02940,281.8,26.7,10,0.487,10,0.206,0.096,0.518,0.18,Mobile,Basic,0.245,0.246
USR_03669,1829.8,42.4,18,0.672,43,0.331,0.1,0.237,0.332,Web,Standard,0.39,0.407
USR_00813,1384.9,60.2,22,0.843,23,0.634,0.085,0.087,0.194,SmartTV,Premium,0.465,0.999
USR_01259,784.5,53.6,12,0.781,14,0.095,0.704,0.201,0.0,SmartTV,Standard,0.788,0.488
USR_00890,2763.8,52.4,21,0.89,52,0.839,0.085,0.076,0.0,SmartTV,Premium,0.377,0.901
USR_01452,748.2,20.0,5,0.511,37,0.099,0.684,0.127,0.09,Tablet,Standard,0.795,0.337
USR_03317,517.7,27.5,6,0.448,18,0.189,0.102,0.709,0.0,Tablet,Basic,0.381,0.352
USR_02560,608.0,20.9,10,0.395,29,0.016,0.028,0.586,0.37,Mobile,Basic,0.173,0.17
USR_03575,850.7,47.1,18,0.725,18,0.336,0.168,0.238,0.258,Mobile,Basic,0.426,0.548
USR_02681,291.8,11.1,9,0.317,26,0.273,0.079,0.381,0.267,Tablet,Basic,0.423,0.205
USR_04652,3515.5,85.8,17,0.971,40,0.206,0.065,0.204,0.525,SmartTV,Standard,0.615,0.887
USR_04812,3403.3,84.8,12,0.947,40,0.275,0.007,0.284,0.434,SmartTV,Standard,0.417,1.0
USR_04680,2346.5,72.8,19,0.944,32,0.27,0.075,0.19,0.465,SmartTV,Standard,0.557,0.918
USR_02965,536.5,32.5,8,0.644,16,0.185,0.082,0.57,0.163,SmartTV,Free,0.464,0.103
USR_02673,751.8,24.2,6,0.504,31,0.221,0.01,0.448,0.321,Mobile,Standard,0.236,0.198
USR_00562,2475.0,69.2,23,0.822,35,0.708,0.064,0.0,0.228,SmartTV,Premium,0.554,0.885
USR_02779,540.0,20.1,9,0.378,26,0.311,0.122,0.532,0.035,Mobile,Basic,0.604,0.227
USR_02949,423.1,25.1,1,0.311,16,0.397,0.135,0.469,-0.001,Tablet,Free,0.445,0.182
USR_02818,337.8,26.3,5,0.523,12,0.134,0.095,0.511,0.26,Mobile,Free,0.502,0.0
USR_02759,478.6,17.4,5,0.39,27,0.151,0.105,0.744,0.0,SmartTV,Basic,0.506,0.169
USR_01757,525.9,29.8,9,0.657,17,0.144,0.6,0.134,0.122,SmartTV,Standard,0.72,0.28
USR_00725,2896.7,50.4,21,0.909,57,0.798,0.042,0.16,0.0,Mobile,Premium,0.249,0.911
USR_00220,2635.1,62.8,15,0.943,41,0.69,0.045,0.113,0.152,SmartTV,Premium,0.58,1.0
USR_04140,1653.3,43.9,21,0.824,37,0.27,0.216,0.231,0.283,SmartTV,Standard,0.515,0.537
USR_03958,1526.2,41.5,19,0.648,36,0.271,0.125,0.238,0.366,SmartTV,Standard,0.53,0.469
USR_01589,930.0,50.7,5,0.618,18,0.049,0.805,0.087,0.059,SmartTV,Premium,0.504,0.184
USR_03348,426.8,17.8,3,0.461,23,0.128,0.165,0.439,0.268,Tablet,Basic,0.464,0.586
USR_03971,1904.3,38.6,18,0.792,49,0.288,0.174,0.227,0.311,Console,Premium,0.478,0.62
USR_04708,3188.4,75.3,6,0.946,42,0.277,0.064,0.152,0.507,SmartTV,Standard,0.565,0.896
USR_00044,2359.9,59.4,18,0.849,39,0.685,0.057,0.148,0.11,SmartTV,Free,0.341,0.89
USR_03002,506.9,16.6,6,0.488,30,0.144,0.194,0.304,0.358,Tablet,Free,0.509,0.383
USR_00211,3067.9,59.3,20,0.88,51,0.667,0.084,0.144,0.105,SmartTV,Free,0.384,0.812
USR_00678,2051.2,58.3,21,0.913,35,0.659,0.03,0.094,0.217,Mobile,Premium,0.572,0.841
USR_00355,2544.8,57.0,18,0.869,44,0.584,0.067,0.171,0.178,SmartTV,Premium,0.302,0.803
USR_01434,697.9,23.9,8,0.622,29,0.031,0.593,0.15,0.226,Console,Premium,0.831,0.371
USR_00950,2285.2,34.5,21,0.929,66,0.85,0.079,0.072,-0.001,SmartTV,Basic,0.262,0.81
USR_02844,564.1,20.4,6,0.502,27,0.284,0.038,0.661,0.017,SmartTV,Basic,0.29,0.211
USR_00578,2439.4,57.8,19,0.845,42,0.801,0.015,0.117,0.067,Mobile,Standard,0.348,0.935
USR_03929,1320.4,47.2,16,0.71,27,0.291,0.283,0.333,0.093,Tablet,Standard,0.441,0.639
USR_00545,2227.3,57.4,21,0.821,38,0.776,0.011,0.17,0.043,SmartTV,Premium,0.312,0.834
USR_00368,2471.0,41.8,16,0.836,59,0.809,0.089,0.102,0.0,Web,Premium,0.297,0.834
USR_01613,993.0,50.2,10,0.685,19,0.103,0.787,0.109,0.001,SmartTV,Basic,0.71,0.39
USR_03551,1393.3,56.5,13,0.778,24,0.25,0.241,0.253,0.256,Mobile,Basic,0.375,0.697
USR_03717,2329.1,26.6,18,0.674,65,0.191,0.163,0.248,0.398,SmartTV,Standard,0.431,0.777
USR_03780,2135.9,42.1,17,0.687,50,0.29,0.314,0.205,0.191,Web,Basic,0.456,0.689
USR_00136,3374.3,47.3,25,0.883,71,0.765,0.115,0.119,0.001,SmartTV,Standard,0.463,0.936
USR_04481,2888.4,63.0,17,1.0,45,0.356,0.106,0.139,0.399,Web,Standard,0.395,0.879
USR_01438,1274.9,42.5,5,0.649,29,0.062,0.771,0.167,0.0,SmartTV,Basic,0.706,0.42
USR_00048,2491.6,47.2,17,0.981,52,0.786,0.055,0.159,0.0,Mobile,Premium,0.426,0.781
USR_01361,1312.6,32.3,6,0.595,40,0.127,0.727,0.146,0.0,Tablet,Standard,0.758,0.35
USR_00735,2764.5,46.3,22,0.888,59,0.694,0.153,0.03,0.123,Tablet,Basic,0.316,0.955
USR_01535,1300.2,54.4,5,0.95,23,0.084,0.662,0.225,0.029,SmartTV,Basic,0.633,0.62
USR_02005,804.1,31.4,9,0.812,25,0.139,0.595,0.17,0.096,Mobile,Free,0.823,0.481
USR_03796,1574.3,30.1,18,0.835,52,0.221,0.232,0.3,0.247,Web,Standard,0.42,0.587
USR_02520,597.3,24.8,5,0.424,24,0.151,0.142,0.585,0.122,Mobile,Basic,0.281,0.162
USR_01973,732.8,44.8,8,0.671,16,0.147,0.687,0.084,0.082,Tablet,Standard,0.593,0.499
USR_00997,2214.9,56.7,14,0.876,39,0.801,0.057,0.072,0.07,SmartTV,Premium,0.344,0.94
USR_00062,3088.3,42.9,15,0.929,72,0.787,0.008,0.035,0.17,SmartTV,Standard,0.393,0.984
USR_01109,2116.7,40.2,23,0.793,52,0.834,0.085,0.017,0.064,Web,Basic,0.544,0.891
USR_02406,655.5,24.3,3,0.566,27,0.26,0.058,0.569,0.113,Mobile,Standard,0.227,0.541
USR_00096,1481.2,43.0,20,0.988,34,0.835,0.037,0.128,0.0,SmartTV,Premium,0.532,0.924
USR_00479,3383.3,46.8,28,0.903,72,0.825,0.0,0.091,0.084,Console,Standard,0.355,0.916
USR_04360,1714.6,36.3,17,0.88,47,0.274,0.244,0.252,0.23,Mobile,Premium,0.372,0.647
USR_04113,1850.6,45.6,14,0.669,40,0.336,0.136,0.278,0.25,SmartTV,Basic,0.372,0.717
USR_03708,1203.9,55.9,13,0.927,21,0.298,0.223,0.223,0.256,Web,Standard,0.459,0.625
USR_01102,2996.5,81.1,14,0.836,36,0.674,0.149,0.177,0.0,Mobile,Premium,0.54,0.824
USR_02747,198.6,12.8,9,0.544,15,0.257,0.144,0.598,0.001,Mobile,Free,0.216,0.305
USR_02171,845.9,49.6,6,0.584,17,0.118,0.757,0.108,0.017,SmartTV,Premium,0.731,0.366
USR_00323,2596.2,25.0,24,0.888,90,0.76,0.142,0.066,0.032,SmartTV,Basic,0.388,1.0
USR_04255,1594.6,42.1,18,0.804,37,0.263,0.184,0.252,0.301,SmartTV,Premium,0.345,0.641
USR_03143,250.2,18.4,6,0.201,13,0.219,0.046,0.589,0.146,Web,Free,0.134,0.589
USR_03538,1034.6,51.6,20,0.605,20,0.238,0.185,0.239,0.338,Web,Basic,0.301,0.704
USR_04926,2467.8,72.0,12,0.982,34,0.43,0.101,0.124,0.345,SmartTV,Premium,0.637,1.0
USR_02925,426.9,14.4,3,0.582,29,0.121,0.161,0.422,0.296,Mobile,Free,0.215,0.209
USR_01150,2364.3,65.8,19,0.872,35,0.825,0.104,0.072,-0.001,Tablet,Basic,0.577,0.875
USR_03618,2078.4,24.3,19,0.688,65,0.227,0.287,0.237,0.249,Mobile,Standard,0.368,0.691
USR_00292,2648.9,69.4,22,0.762,38,0.679,0.053,0.115,0.153,Mobile,Standard,0.415,0.948
USR_03750,2139.3,34.9,19,0.853,61,0.351,0.198,0.313,0.138,Web,Standard,0.505,0.627
USR_03587,1873.1,28.5,18,0.676,65,0.32,0.104,0.286,0.29,SmartTV,Standard,0.236,0.625
USR_00534,2828.6,46.1,25,0.889,61,0.807,0.029,0.135,0.029,Web,Basic,0.587,0.769
USR_03608,1897.2,45.3,17,0.676,41,0.263,0.219,0.196,0.322,Web,Standard,0.489,0.597
USR_02649,498.0,17.5,6,0.322,28,0.23,0.127,0.39,0.253,Mobile,Basic,0.427,0.045
USR_04811,2776.1,86.2,16,0.963,32,0.269,0.059,0.11,0.562,SmartTV,Premium,0.558,0.975
USR_01984,985.4,33.1,11,0.724,29,0.111,0.687,0.062,0.14,SmartTV,Premium,0.773,0.457
USR_02933,358.5,11.5,3,0.212,31,0.252,0.064,0.516,0.168,Mobile,Basic,0.328,0.159
USR_01537,958.3,45.7,8,0.745,20,0.095,0.696,0.209,0.0,SmartTV,Basic,0.678,0.357
USR_04535,2419.2,64.8,20,0.939,37,0.153,0.046,0.177,0.624,Mobile,Standard,0.639,0.96
USR_04173,1604.0,23.0,16,0.74,65,0.284,0.254,0.259,0.203,SmartTV,Free,0.37,0.54
USR_03361,511.3,14.4,7,0.47,35,0.248,0.114,0.526,0.112,Mobile,Standard,0.241,0.672
USR_03666,2018.0,36.7,17,0.598,55,0.329,0.212,0.326,0.133,Mobile,Premium,0.435,0.678
USR_04006,754.7,40.2,16,0.736,18,0.309,0.18,0.257,0.254,Web,Premium,0.432,0.536
USR_03627,1339.8,31.0,18,0.731,43,0.15,0.32,0.259,0.271,SmartTV,Standard,0.4,0.807
USR_00587,1756.1,49.3,20,0.859,35,0.73,0.016,0.215,0.039,Tablet,Free,0.569,0.757
USR_03257,389.9,10.5,8,0.373,35,0.382,0.161,0.457,0.0,Mobile,Free,0.42,0.0
USR_02299,291.8,17.7,2,0.349,16,0.216,0.027,0.576,0.181,Mobile,Basic,0.234,0.082
USR_03989,2482.4,30.7,16,0.799,65,0.272,0.1,0.24,0.388,Mobile,Basic,0.511,0.483
USR_00585,2551.9,51.8,21,0.807,49,0.791,0.081,0.127,0.001,SmartTV,Standard,0.396,0.712
USR_02424,469.5,15.0,8,0.56,31,0.361,0.054,0.565,0.02,Mobile,Premium,0.235,0.149
USR_01392,453.4,63.4,4,0.641,7,0.097,0.719,0.184,0.0,Tablet,Standard,0.528,0.618
USR_04526,3988.0,103.8,14,0.983,38,0.34,0.03,0.155,0.475,SmartTV,Standard,0.67,0.914
USR_04921,3679.5,79.5,8,0.916,46,0.317,0.072,0.275,0.336,Web,Premium,0.64,0.933
USR_04801,3379.6,74.1,17,0.973,45,0.235,0.121,0.185,0.459,SmartTV,Standard,0.621,0.945
USR_03241,354.6,10.0,5,0.409,35,0.154,0.038,0.392,0.416,Tablet,Free,0.429,0.119
USR_04282,1661.0,37.1,14,0.708,44,0.313,0.222,0.226,0.239,Tablet,Free,0.239,0.75
USR_03339,172.0,10.5,3,0.329,16,0.153,0.181,0.42,0.246,Mobile,Basic,0.521,0.227
USR_03221,618.2,5.0,7,0.507,35,0.083,0.137,0.433,0.347,Mobile,Standard,0.398,0.286
USR_02112,747.2,46.3,2,0.601,16,0.095,0.667,0.198,0.04,Tablet,Premium,0.524,0.501
USR_01175,2952.9,81.4,27,0.833,36,0.717,0.054,0.189,0.04,Web,Premium,0.407,0.744
USR_04863,3426.6,105.1,20,0.989,32,0.267,0.109,0.155,0.469,SmartTV,Basic,0.528,1.0
USR_03812,1826.5,54.0,20,0.762,33,0.305,0.162,0.379,0.154,Mobile,Standard,0.448,0.725
USR_01868,1179.1,49.7,6,0.688,23,0.127,0.722,0.15,0.001,SmartTV,Standard,0.609,0.656
USR_02615,398.3,10.1,6,0.428,35,0.283,0.163,0.553,0.001,Mobile,Basic,0.397,0.289
USR_03867,1840.5,40.1,24,0.779,45,0.253,0.202,0.243,0.302,Tablet,Basic,0.33,0.853
USR_04886,2348.3,60.0,16,0.972,39,0.202,0.096,0.197,0.505,SmartTV,Standard,0.52,0.899
USR_03779,1495.3,40.9,21,0.819,36,0.15,0.264,0.332,0.254,Web,Standard,0.423,0.764
USR_03847,1340.1,58.7,19,0.842,22,0.302,0.253,0.286,0.159,SmartTV,Standard,0.503,0.646
USR_02417,311.3,19.1,6,0.552,16,0.289,0.126,0.553,0.032,Web,Basic,0.39,0.08
USR_00071,2408.3,59.2,19,0.833,40,0.798,0.021,0.12,0.061,SmartTV,Free,0.284,0.932
USR_04881,3025.5,109.8,16,0.985,27,0.277,0.061,0.281,0.381,SmartTV,Premium,0.569,0.885
USR_01127,2345.7,50.8,21,0.837,46,0.748,0.141,0.054,0.057,Web,Basic,0.398,0.819
USR_04025,1463.8,30.1,14,0.716,48,0.349,0.191,0.29,0.17,SmartTV,Basic,0.281,0.266
USR_03251,300.1,17.8,10,0.58,16,0.16,0.197,0.604,0.039,Tablet,Free,0.426,0.365
USR_03902,1521.8,39.3,17,0.896,38,0.231,0.285,0.28,0.204,Mobile,Premium,0.222,0.605
USR_01096,1897.8,40.8,28,0.944,46,0.78,0.067,0.088,0.065,SmartTV,Premium,0.466,0.796
USR_04546,2364.2,80.2,19,0.964,29,0.25,0.101,0.186,0.463,Tablet,Premium,0.644,0.948
USR_01213,3157.2,50.9,31,0.881,62,0.693,0.035,0.0,0.272,Tablet,Free,0.549,0.978
USR_03922,2467.7,38.0,17,0.814,64,0.277,0.286,0.224,0.213,Mobile,Standard,0.467,0.597
USR_01426,431.3,70.2,8,0.742,6,0.056,0.741,0.179,0.024,SmartTV,Premium,0.746,0.513
USR_03067,421.4,14.4,5,0.343,29,0.329,0.163,0.501,0.007,Mobile,Free,0.327,0.314
USR_04520,3977.1,72.8,14,0.997,54,0.338,0.072,0.209,0.381,Console,Free,0.642,0.898
USR_02101,936.4,42.7,4,0.647,21,0.059,0.752,0.15,0.039,SmartTV,Premium,0.759,0.362
USR_00808,1925.1,67.1,20,0.827,28,0.65,0.079,0.169,0.102,SmartTV,Premium,0.521,0.907
USR_04744,2758.5,92.7,12,0.95,29,0.248,0.055,0.255,0.442,Web,Premium,0.474,0.891
USR_03751,2052.2,54.2,27,0.784,37,0.289,0.278,0.337,0.096,Web,Standard,0.345,0.626
USR_01363,673.1,64.8,6,0.695,10,0.095,0.661,0.227,0.017,SmartTV,Standard,0.568,0.451
USR_02318,402.2,9.8,7,0.555,35,0.105,0.113,0.418,0.364,SmartTV,Free,0.402,0.246
USR_04582,3154.7,116.6,12,0.975,27,0.256,0.12,0.133,0.491,Web,Premium,0.528,0.926
USR_04742,3362.2,62.6,13,0.912,53,0.235,0.01,0.251,0.504,SmartTV,Standard,0.659,0.912
USR_01026,2371.1,41.6,20,0.858,56,0.805,0.038,0.07,0.087,SmartTV,Basic,0.535,0.873
USR_03110,405.8,10.4,9,0.721,35,0.094,0.204,0.468,0.234,SmartTV,Premium,0.31,0.34
USR_02111,706.3,36.7,5,0.746,19,0.043,0.746,0.156,0.055,SmartTV,Basic,0.917,0.458
USR_01042,2750.4,47.9,20,0.801,57,0.776,0.071,0.154,-0.001,SmartTV,Premium,0.483,0.827
USR_01877,1117.5,47.6,12,0.756,23,0.109,0.702,0.189,0.0,Mobile,Premium,0.648,0.454
USR_00882,1604.2,65.0,23,0.893,24,0.822,0.129,0.049,0.0,SmartTV,Standard,0.506,0.843
USR_04300,1178.7,63.7,16,0.77,18,0.322,0.218,0.233,0.227,Web,Standard,0.511,0.655
USR_01193,2356.5,74.4,19,0.884,31,0.908,0.071,0.02,0.001,Mobile,Standard,0.46,0.757
USR_04588,2336.5,91.6,12,1.0,25,0.221,0.075,0.05,0.654,SmartTV,Premium,0.434,0.806
USR_04511,3469.8,61.2,11,0.945,56,0.307,0.117,0.188,0.388,SmartTV,Premium,0.648,0.954
USR_03671,1469.5,41.9,13,0.712,35,0.223,0.177,0.247,0.353,Mobile,Premium,0.345,0.95
USR_00625,1571.9,70.9,19,0.844,22,0.621,0.13,0.036,0.213,SmartTV,Standard,0.425,0.923
USR_02797,328.6,23.5,13,0.554,13,0.194,0.174,0.631,0.001,Mobile,Basic,0.183,0.484
USR_04292,2397.0,37.7,22,0.662,63,0.258,0.279,0.267,0.196,Tablet,Free,0.29,0.677
USR_04969,2607.4,119.2,21,0.937,21,0.256,0.039,0.159,0.546,Tablet,Standard,0.592,0.962
USR_00234,2294.5,45.6,19,0.825,50,0.705,0.057,0.064,0.174,Tablet,Basic,0.475,0.969
USR_04567,3939.3,92.6,16,0.917,42,0.133,0.058,0.218,0.591,Web,Premium,0.549,0.949
USR_01663,678.9,47.9,10,0.789,14,0.103,0.681,0.194,0.022,SmartTV,Standard,0.613,0.63
USR_00416,2460.9,26.5,30,0.898,90,0.71,0.066,0.109,0.115,SmartTV,Free,0.367,0.866
USR_04247,1681.0,20.5,21,0.804,65,0.279,0.154,0.283,0.284,SmartTV,Premium,0.378,0.316
USR_02174,405.1,41.9,6,0.634,9,0.0,0.792,0.133,0.075,Web,Standard,0.653,0.388
USR_01457,501.4,32.3,10,0.776,15,0.003,0.8,0.146,0.051,SmartTV,Premium,0.758,0.344
USR_00747,1806.0,52.1,27,0.877,34,0.769,0.077,0.154,0.0,Console,Standard,0.288,0.897
USR_00018,2553.5,55.2,27,0.864,46,0.876,0.074,0.05,0.0,Console,Premium,0.334,0.889
USR_01201,2626.0,35.5,21,0.888,73,0.752,0.053,0.021,0.174,Mobile,Premium,0.449,0.902
USR_01700,1162.4,61.7,6,0.545,18,0.071,0.714,0.085,0.13,SmartTV,Basic,0.89,0.363
USR_03254,698.3,5.4,6,0.286,35,0.297,0.144,0.534,0.025,Tablet,Standard,0.282,0.54
USR_00597,2300.3,37.7,25,0.948,61,0.605,0.099,0.059,0.237,Web,Standard,0.489,0.845
USR_03227,314.3,15.2,5,0.177,20,0.047,0.163,0.329,0.461,Tablet,Free,0.327,0.243
USR_04406,2797.1,98.2,16,0.962,28,0.197,0.093,0.28,0.43,Tablet,Standard,0.69,0.938
USR_04720,2738.3,88.1,13,0.986,31,0.365,0.096,0.195,0.344,Tablet,Standard,0.539,0.925
USR_01506,985.7,28.7,5,0.83,34,0.067,0.807,0.126,0.0,Tablet,Free,0.583,0.384
USR_01413,915.3,20.0,7,0.77,40,0.078,0.692,0.172,0.058,SmartTV,Standard,0.74,0.221
USR_01966,1064.3,31.7,5,0.654,33,0.134,0.825,0.041,0.0,SmartTV,Standard,0.611,0.334
USR_00372,2019.8,54.0,24,0.937,37,0.759,0.132,0.109,0.0,SmartTV,Standard,0.392,0.721
USR_01341,1435.0,58.4,11,0.616,24,0.133,0.689,0.147,0.031,Tablet,Premium,0.844,0.295
USR_00599,2225.5,70.7,20,0.795,31,0.733,0.085,0.17,0.012,SmartTV,Basic,0.429,0.955
USR_00239,2250.9,47.7,17,0.83,47,0.875,0.096,0.028,0.001,SmartTV,Premium,0.314,0.889
USR_03401,431.4,21.2,9,0.493,20,0.32,0.171,0.509,0.0,Mobile,Basic,0.406,0.485
USR_02068,962.0,42.5,5,0.563,22,0.076,0.782,0.142,0.0,Tablet,Free,0.521,0.333
USR_00811,2241.4,80.8,21,0.95,27,0.744,0.088,0.146,0.022,Tablet,Premium,0.437,0.662
USR_01095,2963.9,53.9,26,0.948,54,0.803,0.079,0.119,-0.001,SmartTV,Standard,0.259,0.859
USR_04325,2147.7,41.0,13,0.744,52,0.369,0.195,0.262,0.174,SmartTV,Standard,0.305,0.638
USR_04761,3365.0,55.3,17,0.935,60,0.218,0.063,0.136,0.583,Web,Basic,0.479,0.9
USR_03677,1337.8,49.1,17,0.76,27,0.335,0.134,0.205,0.326,SmartTV,Standard,0.482,0.662
USR_03465,571.5,11.7,3,0.69,35,0.098,0.054,0.525,0.323,Mobile,Standard,0.355,0.219
USR_03104,287.2,14.9,4,0.489,19,0.156,0.105,0.619,0.12,Mobile,Free,0.38,0.143
USR_02750,564.5,19.8,6,0.232,28,0.191,0.033,0.455,0.321,SmartTV,Basic,0.46,0.485
USR_02296,442.1,9.4,7,0.594,35,0.188,0.087,0.597,0.128,SmartTV,Basic,0.268,0.341
USR_04193,1449.8,55.9,14,0.724,25,0.249,0.129,0.268,0.354,Web,Standard,0.382,0.654
USR_03709,1904.3,54.4,19,0.664,35,0.155,0.231,0.261,0.353,Tablet,Premium,0.573,0.636
USR_03019,482.7,16.3,7,0.433,29,0.189,0.214,0.509,0.088,Tablet,Standard,0.425,0.195
USR_04253,2585.2,20.0,16,0.804,65,0.356,0.151,0.218,0.275,Web,Premium,0.348,0.572
USR_00804,1803.8,60.0,18,0.914,30,0.715,0.111,0.051,0.123,Web,Standard,0.411,0.806
USR_04191,703.7,37.6,21,0.628,18,0.26,0.236,0.211,0.293,SmartTV,Free,0.401,0.696
USR_03706,1315.7,63.5,12,0.919,20,0.345,0.253,0.307,0.095,SmartTV,Standard,0.436,0.446
USR_00752,3005.7,52.9,27,0.869,56,0.795,0.0,0.205,0.0,Mobile,Standard,0.54,0.827
USR_04645,3233.8,89.7,10,0.916,36,0.2,0.09,0.187,0.523,SmartTV,Basic,0.538,0.953
USR_02532,130.6,10.8,7,0.336,12,0.136,0.182,0.682,0.0,Tablet,Free,0.462,0.136
USR_00622,3005.7,54.7,24,0.969,54,0.763,0.069,0.164,0.004,Console,Premium,0.409,0.744
USR_02298,343.0,21.2,6,0.407,16,0.194,0.268,0.39,0.148,Tablet,Premium,0.455,0.302
USR_03829,2093.1,43.4,17,0.684,48,0.302,0.236,0.214,0.248,SmartTV,Standard,0.492,0.855
USR_00567,3296.1,59.7,28,0.846,55,0.708,0.062,0.122,0.108,SmartTV,Premium,0.388,0.893
USR_01136,1781.2,57.4,16,0.901,31,0.914,0.006,0.08,0.0,Web,Premium,0.218,0.826
USR_01205,2279.8,65.4,21,0.932,34,0.794,0.064,0.094,0.048,Console,Basic,0.304,1.0
USR_01048,2400.3,64.9,19,0.83,36,0.719,0.037,0.141,0.103,Mobile,Standard,0.326,0.8
USR_00052,2421.6,62.7,15,0.876,38,0.671,0.034,0.102,0.193,SmartTV,Premium,0.351,0.819
USR_03652,1839.5,35.1,19,0.677,52,0.232,0.131,0.271,0.366,Tablet,Premium,0.352,0.78
USR_01045,2743.4,66.1,22,0.976,41,0.8,0.003,0.118,0.079,Mobile,Standard,0.44,0.802
USR_02182,909.0,43.9,8,0.794,20,0.027,0.8,0.173,0.0,SmartTV,Standard,0.629,0.29
USR_02689,730.7,32.6,3,0.567,22,0.213,0.216,0.557,0.014,Web,Standard,0.362,0.0
USR_00535,2753.9,48.3,10,0.962,57,0.848,0.0,0.07,0.082,Web,Basic,0.545,0.966
USR_03185,617.6,5.0,4,0.229,35,0.18,0.116,0.388,0.316,Tablet,Free,0.1,0.331
USR_03858,1742.4,37.9,13,0.771,45,0.262,0.215,0.391,0.132,Web,Standard,0.364,0.688
USR_00444,3149.4,62.8,15,0.909,50,0.685,0.093,0.052,0.17,Tablet,Premium,0.475,0.938
USR_03605,1515.5,31.7,16,0.685,47,0.382,0.175,0.269,0.174,Console,Basic,0.315,0.656
USR_00196,2215.8,45.1,26,0.88,49,0.779,0.047,0.108,0.066,SmartTV,Basic,0.486,0.781
USR_01116,1932.6,31.9,24,0.915,60,0.821,0.112,0.067,0.0,SmartTV,Standard,0.306,0.844
USR_00766,2911.3,46.6,26,0.848,62,0.85,0.002,0.112,0.036,SmartTV,Premium,0.261,0.829
USR_01946,1022.8,45.1,6,0.909,22,0.053,0.764,0.149,0.034,Console,Basic,0.715,0.471
USR_03248,416.4,12.9,3,0.57,32,0.14,0.05,0.558,0.252,Web,Standard,0.346,0.103
USR_03003,262.8,18.7,6,0.448,14,0.153,0.09,0.534,0.223,Mobile,Basic,0.263,0.341
USR_01433,783.2,48.5,8,0.876,16,0.053,0.79,0.157,0.0,Tablet,Premium,0.81,0.489
USR_04201,1619.8,54.5,9,0.783,29,0.342,0.186,0.303,0.169,Mobile,Standard,0.384,0.64
USR_03096,476.9,27.3,9,0.242,17,0.213,0.207,0.496,0.084,Tablet,Premium,0.318,0.464
USR_02923,425.6,28.9,13,0.364,14,0.153,0.188,0.557,0.102,Web,Free,0.486,0.36
USR_00645,2598.7,37.8,18,0.754,68,0.652,0.067,0.002,0.279,Mobile,Standard,0.302,0.85
USR_01050,2432.9,47.1,22,0.847,51,0.685,0.013,0.178,0.124,SmartTV,Premium,0.491,0.988
USR_03746,1339.7,50.6,22,0.864,26,0.239,0.233,0.23,0.298,SmartTV,Standard,0.548,0.806
USR_04094,1870.5,48.4,15,0.818,38,0.164,0.244,0.188,0.404,Mobile,Premium,0.353,0.595
USR_04404,2175.8,99.7,16,0.911,21,0.314,0.135,0.103,0.448,Console,Basic,0.47,0.945
USR_00121,3152.7,60.0,19,0.877,52,0.814,0.062,0.124,0.0,SmartTV,Standard,0.346,0.864
USR_02053,1097.2,44.9,7,0.613,24,0.105,0.69,0.129,0.076,SmartTV,Standard,0.595,0.531
USR_04259,2092.9,35.2,16,0.821,59,0.322,0.25,0.23,0.198,Console,Standard,0.271,0.565
USR_04889,3722.7,67.3,12,0.902,55,0.281,0.083,0.135,0.501,Tablet,Standard,0.576,0.881
USR_04335,1440.6,54.4,16,0.661,26,0.226,0.282,0.281,0.211,Web,Standard,0.495,0.725
USR_04692,4118.9,76.3,10,0.997,53,0.267,0.113,0.052,0.568,Tablet,Premium,0.628,0.895
USR_00135,2848.2,45.9,16,0.97,62,0.751,0.05,0.166,0.033,SmartTV,Premium,0.464,0.886
USR_02461,703.1,18.5,3,0.408,35,0.175,0.077,0.537,0.211,Tablet,Basic,0.313,0.187
USR_01955,1097.8,34.7,11,0.63,31,0.033,0.742,0.225,0.0,Tablet,Free,0.722,0.571
USR_02464,646.8,22.2,8,0.576,29,0.201,0.199,0.558,0.042,SmartTV,Basic,0.428,0.507
USR_00185,1261.4,51.6,26,0.998,24,0.669,0.08,0.077,0.174,SmartTV,Premium,0.412,1.0
USR_01393,1168.6,47.8,4,0.618,24,0.142,0.766,0.092,0.0,Console,Premium,0.398,0.394
USR_02277,130.4,20.9,3,0.373,6,0.337,0.112,0.52,0.031,Tablet,Free,0.411,0.376
USR_00512,2472.8,56.2,22,0.795,43,0.805,0.066,0.129,0.0,SmartTV,Basic,0.269,0.875
USR_04730,2704.4,71.5,15,0.994,37,0.233,0.074,0.175,0.518,Web,Premium,0.368,0.953
USR_04055,1312.4,22.5,16,0.687,58,0.15,0.232,0.191,0.427,Mobile,Premium,0.393,0.606
USR_03138,586.8,23.8,10,0.322,24,0.325,0.038,0.636,0.001,SmartTV,Basic,0.316,0.534
USR_02670,347.2,17.4,4,0.3,19,0.148,0.157,0.617,0.078,Tablet,Free,0.311,0.235
USR_04774,3224.0,102.0,17,0.938,31,0.225,0.116,0.106,0.553,SmartTV,Free,0.629,0.902
USR_04862,1978.9,69.8,9,0.919,28,0.138,0.089,0.194,0.579,SmartTV,Basic,0.611,0.957
USR_02118,798.8,71.3,11,0.317,11,0.138,0.713,0.098,0.051,SmartTV,Standard,0.579,0.306
USR_00252,2301.9,41.9,18,0.858,54,0.653,0.061,0.145,0.141,Web,Premium,0.347,0.972
USR_03527,1984.3,65.1,14,0.721,30,0.238,0.231,0.22,0.311,SmartTV,Standard,0.425,0.73
USR_03560,1989.1,35.0,14,0.761,56,0.334,0.184,0.158,0.324,SmartTV,Premium,0.308,0.596
USR_04012,1168.4,39.6,20,0.82,29,0.195,0.176,0.17,0.459,Tablet,Premium,0.321,0.497
USR_01508,812.4,64.5,6,0.574,12,0.084,0.705,0.103,0.108,Tablet,Basic,0.562,0.415
USR_00123,2486.4,51.3,22,0.871,48,0.841,0.098,0.061,0.0,SmartTV,Standard,0.314,0.703
USR_04260,1266.4,47.8,18,0.692,26,0.254,0.244,0.234,0.268,Web,Basic,0.348,0.887
USR_03334,80.0,17.5,4,0.491,4,0.163,0.047,0.65,0.14,Tablet,Free,0.475,0.21
USR_01872,765.6,24.2,9,0.768,31,0.069,0.722,0.209,0.0,Console,Basic,0.61,0.348
USR_03693,1821.7,57.5,14,0.8,31,0.213,0.279,0.214,0.294,Mobile,Free,0.332,0.788
USR_00568,2537.9,43.0,24,0.932,58,0.795,0.106,0.039,0.06,SmartTV,Standard,0.457,0.756
USR_01372,1038.0,48.1,11,0.573,21,0.0,0.766,0.133,0.101,SmartTV,Standard,0.609,0.498
USR_03186,733.0,27.0,1,0.365,27,0.118,0.072,0.707,0.103,Mobile,Basic,0.377,0.418
USR_03956,1416.0,52.4,17,0.797,27,0.281,0.197,0.213,0.309,SmartTV,Premium,0.285,0.761
USR_01057,2366.7,50.1,17,0.731,47,0.687,0.105,0.08,0.128,SmartTV,Premium,0.406,0.902
USR_00857,2264.3,37.2,27,0.876,60,0.763,0.096,0.121,0.02,Console,Basic,0.33,0.844
USR_03839,2230.5,35.8,21,0.796,62,0.243,0.232,0.265,0.26,Mobile,Free,0.387,0.632
USR_02861,262.9,24.2,5,0.226,10,0.1,0.15,0.39,0.36,SmartTV,Basic,0.573,0.159
USR_04770,3477.6,77.1,16,0.97,45,0.281,0.079,0.139,0.501,Tablet,Standard,0.491,0.946
USR_00777,2448.5,67.0,24,1.0,36,0.939,0.061,0.0,0.0,SmartTV,Basic,0.519,0.807
USR_00721,2231.1,54.4,22,0.659,41,0.707,0.044,0.175,0.074,Mobile,Standard,0.334,0.863
USR_02711,510.8,20.6,6,0.234,24,0.229,0.126,0.457,0.188,SmartTV,Free,0.313,0.0
USR_02655,543.4,18.5,10,0.411,29,0.108,0.0,0.704,0.188,Mobile,Free,0.407,0.382
USR_04878,2608.1,73.2,21,0.946,35,0.301,0.081,0.179,0.439,Web,Premium,0.624,0.827
USR_00603,3025.6,76.4,21,0.742,39,0.706,0.043,0.087,0.164,Console,Premium,0.405,0.94
USR_03823,2247.6,52.7,22,0.654,42,0.337,0.293,0.278,0.092,SmartTV,Standard,0.548,0.746
USR_01245,2213.9,44.8,24,0.871,49,0.783,0.104,0.094,0.019,Console,Premium,0.421,0.802
USR_04846,3051.0,78.3,15,0.936,38,0.242,0.071,0.171,0.516,SmartTV,Basic,0.376,0.915
USR_04842,2805.0,81.2,13,0.951,34,0.346,0.154,0.161,0.339,Tablet,Basic,0.477,0.918
USR_00319,1592.7,38.7,19,0.997,41,0.733,0.067,0.12,0.08,Tablet,Standard,0.43,0.844
USR_00829,3323.1,46.7,21,0.864,71,0.604,0.048,0.144,0.204,Web,Standard,0.463,0.9
USR_03264,275.7,11.4,6,0.558,24,0.155,0.039,0.42,0.386,Tablet,Basic,0.397,0.109
USR_00275,1462.1,75.7,20,0.897,19,0.776,0.043,0.072,0.109,SmartTV,Standard,0.446,0.729
USR_02665,236.4,23.3,10,0.241,10,0.206,0.098,0.614,0.082,Mobile,Standard,0.1,0.572
USR_00550,2107.8,58.5,21,0.855,36,0.815,0.093,0.092,0.0,Mobile,Standard,0.236,0.821
USR_03642,2282.9,47.0,16,0.727,48,0.31,0.224,0.29,0.176,Mobile,Standard,0.514,0.638
USR_04054,1510.3,30.3,13,0.558,49,0.279,0.322,0.15,0.249,Web,Standard,0.383,0.624
USR_04893,2753.9,70.1,14,0.952,39,0.234,0.089,0.152,0.525,Tablet,Premium,0.655,0.823
USR_02935,243.7,21.0,9,0.317,11,0.162,0.19,0.481,0.167,Tablet,Basic,0.232,0.432
USR_00606,2398.3,35.9,19,0.826,66,0.853,0.065,0.036,0.046,SmartTV,Premium,0.49,0.735
USR_00897,2641.6,40.0,27,0.768,66,0.718,0.056,0.121,0.105,Mobile,Standard,0.546,0.701
USR_00528,2388.2,55.4,24,0.945,43,0.842,0.071,0.05,0.037,SmartTV,Basic,0.42,0.807
USR_04608,4156.3,84.5,21,0.973,49,0.235,0.078,0.241,0.446,SmartTV,Standard,0.697,0.949
USR_02348,395.0,16.1,5,0.42,24,0.255,0.124,0.621,0.0,Console,Free,0.379,0.175
USR_03440,572.7,10.6,5,0.33,35,0.207,0.106,0.485,0.202,Mobile,Basic,0.603,0.565
USR_04999,2973.5,92.5,21,0.982,32,0.162,0.14,0.252,0.446,SmartTV,Premium,0.525,0.887
USR_04827,3387.9,92.4,15,0.96,36,0.306,0.106,0.24,0.348,SmartTV,Standard,0.546,0.871
USR_03923,1697.2,61.2,16,0.726,27,0.309,0.19,0.226,0.275,Tablet,Free,0.406,0.598
USR_00299,1091.9,50.5,17,0.782,21,0.669,0.064,0.166,0.101,SmartTV,Standard,0.445,0.801
USR_02120,1111.7,42.9,9,0.699,25,0.079,0.891,0.029,0.001,SmartTV,Standard,0.576,0.29
USR_02537,163.3,19.2,2,0.304,8,0.279,0.108,0.597,0.016,Mobile,Free,0.324,0.466
USR_04204,1148.8,43.8,17,0.8,26,0.344,0.219,0.236,0.201,SmartTV,Standard,0.187,0.656
USR_03255,600.0,11.9,9,0.388,35,0.247,0.111,0.313,0.329,SmartTV,Free,0.465,0.026
USR_03726,1711.1,30.5,11,0.819,56,0.254,0.224,0.283,0.239,Tablet,Standard,0.335,0.666
USR_01261,802.9,60.7,9,0.558,13,0.1,0.655,0.245,0.0,SmartTV,Basic,0.72,0.403
USR_01559,988.5,38.3,7,0.726,25,0.131,0.573,0.141,0.155,Tablet,Standard,0.841,0.391
USR_03270,711.6,15.8,4,0.245,35,0.004,0.01,0.641,0.345,Mobile,Free,0.349,0.425
USR_04047,1426.0,54.1,28,0.682,26,0.226,0.162,0.273,0.339,Tablet,Standard,0.431,0.662
USR_00757,2367.2,77.7,22,0.83,30,0.8,0.046,0.116,0.038,Tablet,Premium,0.466,0.947
USR_01011,2783.4,66.0,22,0.844,42,0.85,0.058,0.056,0.036,SmartTV,Premium,0.346,0.732
USR_02795,80.0,24.2,4,0.546,3,0.159,0.127,0.614,0.1,Tablet,Standard,0.478,0.335
USR_02906,298.2,8.3,5,0.536,35,0.148,0.129,0.686,0.037,SmartTV,Basic,0.339,0.313
USR_01871,1540.2,60.3,3,0.655,25,0.072,0.759,0.081,0.088,Tablet,Basic,0.683,0.405
USR_02230,1433.8,44.9,6,0.603,31,0.08,0.697,0.116,0.107,SmartTV,Basic,0.55,0.226
USR_01174,1578.5,54.1,31,0.839,29,0.748,0.044,0.096,0.112,SmartTV,Free,0.394,0.737
USR_01833,613.6,61.3,6,0.679,10,0.064,0.589,0.135,0.212,SmartTV,Premium,0.806,0.54
USR_00377,3306.9,70.5,20,0.814,46,0.811,0.063,0.118,0.008,SmartTV,Premium,0.435,0.89
USR_03854,2258.6,39.3,17,0.772,57,0.195,0.18,0.188,0.437,Mobile,Premium,0.366,0.541
USR_03617,2233.9,33.5,17,0.813,65,0.281,0.248,0.253,0.218,Tablet,Standard,0.305,0.664
USR_00799,2055.1,54.1,19,0.924,38,0.754,0.066,0.108,0.072,Web,Standard,0.436,0.848
USR_00379,3265.6,45.7,15,0.852,71,0.607,0.091,0.0,0.302,Console,Free,0.422,0.684
USR_01159,2824.4,60.4,19,0.96,46,0.658,0.056,0.148,0.138,Mobile,Basic,0.362,0.875
USR_03820,1583.1,42.6,14,0.792,37,0.15,0.26,0.288,0.302,Tablet,Basic,0.317,0.658
USR_02793,80.0,19.1,8,0.406,4,0.26,0.089,0.349,0.302,Mobile,Free,0.35,0.402
USR_02241,815.3,29.4,9,0.751,27,0.097,0.611,0.095,0.197,SmartTV,Premium,0.703,0.217
USR_04036,1458.1,44.7,17,0.705,32,0.327,0.25,0.248,0.175,Web,Premium,0.508,0.66
USR_02663,258.7,13.1,8,0.442,19,0.208,0.12,0.515,0.157,Mobile,Free,0.325,0.378
USR_04013,1591.5,42.3,22,0.657,37,0.164,0.256,0.23,0.35,Mobile,Standard,0.308,0.716
USR_02958,440.8,9.8,5,0.363,35,0.238,0.158,0.547,0.057,Web,Free,0.404,0.284
USR_03928,1843.5,61.8,24,0.614,29,0.262,0.177,0.257,0.304,SmartTV,Premium,0.28,0.585
USR_01039,1062.0,39.8,19,0.897,26,0.806,0.053,0.132,0.009,SmartTV,Premium,0.338,0.899
USR_03260,470.4,15.6,5,0.163,30,0.294,0.007,0.348,0.351,Mobile,Free,0.228,0.285
USR_01345,975.2,45.4,4,0.7,21,0.014,0.737,0.222,0.027,Tablet,Basic,0.652,0.279
USR_02506,531.7,14.1,6,0.625,35,0.143,0.227,0.63,0.0,Mobile,Basic,0.514,0.346
USR_01722,1265.6,61.0,7,0.872,20,0.061,0.63,0.011,0.298,Tablet,Basic,0.562,0.518
USR_04664,2896.7,86.3,15,0.962,33,0.213,0.088,0.215,0.484,Mobile,Standard,0.31,0.904
USR_00176,3034.9,63.5,22,0.937,47,0.806,0.036,0.118,0.04,SmartTV,Standard,0.329,0.859
USR_04894,1942.0,100.6,18,0.96,19,0.232,0.016,0.189,0.563,SmartTV,Basic,0.406,1.0
USR_01910,431.1,67.2,6,0.862,6,0.136,0.655,0.076,0.133,Mobile,Premium,0.661,0.407
USR_00046,2496.3,53.7,21,0.917,46,0.848,0.039,0.071,0.042,Tablet,Standard,0.398,0.666
USR_03410,509.3,13.2,9,0.421,35,0.182,0.0,0.654,0.164,Mobile,Free,0.385,0.233
USR_04675,3792.1,75.7,15,0.963,50,0.296,0.019,0.059,0.626,SmartTV,Basic,0.675,0.87
USR_01076,2513.4,73.7,27,0.924,34,0.824,0.056,0.119,0.001,SmartTV,Premium,0.366,0.873
USR_02830,267.4,14.8,5,0.359,18,0.325,0.114,0.561,0.0,SmartTV,Basic,0.529,0.204
USR_01505,1110.5,30.0,6,0.613,37,0.192,0.639,0.09,0.079,Mobile,Premium,0.576,0.487
USR_02310,588.7,18.2,6,0.502,32,0.151,0.146,0.419,0.284,Mobile,Free,0.51,0.38
USR_01437,914.6,72.8,5,0.689,12,0.17,0.699,0.132,-0.001,SmartTV,Standard,0.731,0.372
USR_02419,449.2,12.8,4,0.474,34,0.295,0.101,0.512,0.092,Mobile,Free,0.43,0.274
USR_03987,986.2,55.2,15,0.748,17,0.3,0.147,0.196,0.357,Web,Free,0.541,0.642
USR_03099,257.0,12.2,2,0.341,21,0.182,0.083,0.306,0.429,Mobile,Standard,0.366,0.335
USR_04589,3427.7,94.1,19,0.953,36,0.256,0.103,0.132,0.509,Console,Premium,0.456,0.997
USR_00284,2304.5,58.1,17,0.9,39,0.766,0.0,0.057,0.177,SmartTV,Premium,0.387,1.0
USR_04919,3381.9,105.8,10,0.998,31,0.105,0.116,0.25,0.529,SmartTV,Premium,0.672,0.948
USR_00843,1894.6,79.5,24,0.898,23,0.685,0.085,0.094,0.136,SmartTV,Standard,0.437,0.772
USR_01514,1169.8,51.8,7,0.543,22,0.112,0.766,0.118,0.004,SmartTV,Premium,0.651,0.476
USR_01169,1861.6,25.8,20,0.876,72,0.7,0.066,0.125,0.109,Console,Standard,0.474,0.662
USR_01593,1196.1,28.5,8,0.813,40,0.11,0.62,0.101,0.169,SmartTV,Premium,0.635,0.348
USR_03461,349.8,16.4,4,0.261,21,0.103,0.143,0.424,0.33,Mobile,Basic,0.419,0.211
USR_03166,428.8,26.1,3,0.455,16,0.22,0.114,0.666,0.0,Mobile,Standard,0.314,0.054
USR_02285,395.3,18.5,10,0.442,21,0.259,0.167,0.574,0.0,Tablet,Basic,0.335,0.295
USR_03576,888.7,39.5,17,0.687,22,0.201,0.227,0.242,0.33,Mobile,Standard,0.457,0.56
USR_04871,3235.5,66.6,12,0.908,48,0.288,0.03,0.246,0.436,Mobile,Premium,0.629,0.915
USR_02306,189.3,17.0,10,0.245,11,0.196,0.143,0.66,0.001,SmartTV,Free,0.291,0.205
USR_00953,2462.9,57.9,25,0.987,42,0.657,0.058,0.086,0.199,SmartTV,Standard,0.455,0.867
USR_04943,3333.1,98.3,8,0.958,33,0.319,0.05,0.196,0.435,SmartTV,Premium,0.457,0.922
USR_03054,160.1,17.6,7,0.445,9,0.197,0.23,0.563,0.01,Mobile,Basic,0.443,0.461
USR_04560,2671.4,104.4,10,0.999,25,0.337,0.087,0.175,0.401,SmartTV,Premium,0.495,0.857
USR_02686,386.3,22.5,11,0.493,17,0.18,0.066,0.625,0.129,Mobile,Free,0.252,0.421
USR_01490,600.9,70.0,11,0.728,8,0.096,0.727,0.0,0.177,Mobile,Premium,0.541,0.432
USR_00928,2960.3,53.6,17,0.936,55,0.804,0.148,0.048,0.0,Console,Free,0.486,0.745
USR_01210,2278.9,48.0,22,0.891,47,0.831,0.06,0.109,0.0,Tablet,Premium,0.401,0.859
USR_03974,1607.7,21.2,22,0.732,65,0.25,0.243,0.214,0.293,Mobile,Premium,0.419,0.63
USR_03546,2013.6,19.7,18,0.757,65,0.215,0.131,0.273,0.381,Web,Standard,0.288,0.897
USR_04362,1371.4,54.9,20,0.857,25,0.221,0.268,0.213,0.298,Web,Standard,0.184,0.758
USR_01922,1003.3,51.6,7,0.934,19,0.076,0.782,0.023,0.119,Mobile,Basic,0.594,0.29
USR_00352,2417.8,58.4,13,0.941,41,0.654,0.162,0.184,0.0,Tablet,Standard,0.405,0.841
USR_04899,2814.0,99.3,17,0.952,28,0.272,0.051,0.162,0.515,Tablet,Standard,0.544,0.894
USR_03394,717.0,11.6,1,0.407,35,0.271,0.165,0.537,0.027,Mobile,Free,0.15,0.319
USR_02722,179.8,17.6,4,0.305,10,0.189,0.165,0.559,0.087,Mobile,Basic,0.47,0.266
USR_04982,3164.3,78.0,16,0.921,40,0.221,0.095,0.227,0.457,SmartTV,Premium,0.521,0.88
USR_00719,2578.4,57.0,18,0.916,45,0.712,0.056,0.172,0.06,Mobile,Premium,0.367,0.724
USR_02703,470.4,22.2,6,0.278,21,0.021,0.121,0.488,0.37,Mobile,Basic,0.198,0.424
USR_02723,346.7,18.6,2,0.383,18,0.254,0.157,0.475,0.114,Mobile,Basic,0.678,0.274
USR_04562,4239.2,67.1,22,0.935,60,0.21,0.005,0.234,0.551,Tablet,Premium,0.609,0.921
USR_00309,2292.9,55.6,18,0.95,41,0.813,0.133,0.054,0.0,SmartTV,Standard,0.39,0.869
USR_01676,1014.5,31.3,10,0.722,32,0.098,0.807,0.094,0.001,SmartTV,Basic,0.667,0.459
USR_00834,1583.0,70.1,26,0.831,22,0.676,0.08,0.132,0.112,SmartTV,Standard,0.452,0.689
USR_00367,2396.8,52.4,20,0.836,45,0.776,0.121,0.103,0.0,SmartTV,Premium,0.5,0.739
USR_04507,2731.0,82.8,12,1.0,32,0.145,0.054,0.232,0.569,SmartTV,Premium,0.51,0.954
USR_02079,844.6,47.2,5,0.483,17,0.119,0.717,0.143,0.021,Console,Standard,0.581,0.398
USR_04039,1416.6,58.8,17,0.634,24,0.307,0.284,0.309,0.1,Mobile,Free,0.408,0.747
USR_04847,2530.7,82.7,14,0.941,30,0.27,0.095,0.177,0.458,Tablet,Free,0.607,0.899
USR_04480,3127.0,80.1,9,0.939,39,0.245,0.16,0.202,0.393,Web,Premium,0.566,1.0
USR_01747,1294.6,42.9,8,0.691,30,0.082,0.655,0.132,0.131,Tablet,Free,0.662,0.419
USR_00020,1839.4,44.4,22,0.883,41,0.677,0.074,0.128,0.121,SmartTV,Standard,0.507,0.934
USR_01323,994.7,45.6,10,0.761,21,0.031,0.619,0.125,0.225,SmartTV,Premium,0.754,0.438
USR_03568,2150.4,37.2,14,0.804,57,0.279,0.257,0.206,0.258,SmartTV,Basic,0.458,0.629
USR_02522,436.4,23.4,6,0.675,18,0.311,0.149,0.417,0.123,Tablet,Free,0.332,0.372
USR_00219,2752.5,52.0,19,0.965,52,0.822,0.087,0.091,0.0,Web,Standard,0.355,0.784
USR_01488,610.6,50.0,6,0.78,12,0.039,0.799,0.088,0.074,Tablet,Premium,0.616,0.511
USR_00439,2425.1,51.3,26,0.71,47,0.779,0.056,0.077,0.088,Web,Standard,0.558,0.779
USR_04175,1830.1,37.5,23,0.878,48,0.308,0.268,0.199,0.225,SmartTV,Standard,0.28,0.633
USR_02751,658.2,14.5,2,0.504,35,0.257,0.087,0.531,0.125,Web,Free,0.403,0.331
USR_03289,606.8,29.2,4,0.436,20,0.205,0.054,0.582,0.159,SmartTV,Free,0.443,0.138
USR_03434,512.6,13.1,5,0.246,35,0.196,0.139,0.587,0.078,Mobile,Free,0.397,0.037
USR_02526,245.1,5.0,3,0.357,35,0.128,0.155,0.434,0.283,Mobile,Basic,0.407,0.115
USR_04651,2256.9,100.8,18,0.972,22,0.314,0.033,0.203,0.45,Tablet,Premium,0.521,0.95
USR_03689,1792.1,43.6,18,0.634,41,0.218,0.257,0.278,0.247,Web,Standard,0.434,0.58
USR_02764,637.4,14.5,9,0.331,35,0.136,0.034,0.487,0.343,Mobile,Free,0.46,0.338
USR_00803,2615.2,48.1,22,0.787,54,0.916,0.006,0.078,0.0,Mobile,Premium,0.417,1.0
USR_02998,641.0,13.3,6,0.437,35,0.209,0.119,0.534,0.138,Web,Free,0.408,0.475
USR_02229,789.7,27.1,4,0.612,29,0.045,0.62,0.163,0.172,SmartTV,Basic,0.731,0.365
USR_04786,3741.1,69.9,10,1.0,53,0.194,0.094,0.15,0.562,SmartTV,Premium,0.433,0.972
USR_02078,1203.0,63.5,9,0.752,18,0.129,0.62,0.152,0.099,Tablet,Standard,0.718,0.372
USR_00583,2052.1,44.6,24,0.907,46,0.766,0.023,0.105,0.106,SmartTV,Standard,0.295,0.861
USR_00204,2723.2,63.1,24,0.859,43,0.728,0.064,0.177,0.031,SmartTV,Standard,0.321,0.733
USR_04347,1324.6,46.1,20,0.676,28,0.246,0.149,0.244,0.361,Mobile,Basic,0.225,0.614
USR_03479,417.2,15.5,1,0.459,26,0.234,0.233,0.533,0.0,Tablet,Free,0.194,0.298
USR_02930,595.1,12.6,6,0.469,35,0.237,0.114,0.383,0.266,Web,Standard,0.243,0.449
USR_03086,524.6,19.7,9,0.551,26,0.207,0.218,0.396,0.179,SmartTV,Basic,0.637,0.168
USR_01019,1547.4,53.1,23,0.946,29,0.599,0.016,0.074,0.311,SmartTV,Premium,0.42,0.838
USR_01584,1167.8,33.0,7,0.713,35,0.04,0.632,0.132,0.196,Tablet,Basic,0.76,0.497
USR_01033,1720.3,46.7,19,0.858,36,0.697,0.039,0.024,0.24,Tablet,Basic,0.464,0.843
USR_01719,986.2,60.2,7,0.648,16,0.176,0.658,0.166,0.0,Tablet,Basic,0.534,0.335
USR_01282,1106.3,72.9,9,0.75,15,0.101,0.726,0.173,0.0,Tablet,Basic,0.724,0.528
USR_02499,427.6,22.5,6,0.404,18,0.171,0.227,0.602,0.0,Mobile,Standard,0.409,0.312
USR_03351,375.3,24.9,9,0.465,15,0.196,0.154,0.447,0.203,Mobile,Standard,0.314,0.189
USR_00518,1901.3,47.5,20,0.818,40,0.762,0.059,0.133,0.046,Mobile,Standard,0.507,0.79
USR_01748,1185.9,72.6,5,0.637,16,0.039,0.739,0.108,0.114,SmartTV,Standard,0.704,0.552
USR_04653,2444.1,73.9,14,0.952,33,0.166,0.007,0.188,0.639,Mobile,Premium,0.563,0.951
USR_03733,1726.3,40.3,17,0.834,42,0.254,0.287,0.259,0.2,SmartTV,Premium,0.367,0.556
USR_00669,2506.3,43.7,20,0.868,57,0.852,0.0,0.148,0.0,Web,Premium,0.345,0.74
USR_04060,1749.8,54.3,14,0.832,32,0.381,0.191,0.205,0.223,SmartTV,Premium,0.398,0.672
USR_03027,231.4,13.0,1,0.618,17,0.118,0.112,0.369,0.401,Mobile,Free,0.25,0.563
USR_04933,2815.7,109.7,12,0.963,25,0.263,0.078,0.309,0.35,SmartTV,Premium,0.719,0.838
USR_03287,450.0,12.7,10,0.366,35,0.303,0.289,0.408,0.0,Tablet,Free,0.391,0.28
USR_02651,398.4,5.0,6,0.562,35,0.105,0.128,0.456,0.311,SmartTV,Free,0.547,0.215
USR_04454,3192.0,70.5,20,0.97,45,0.24,0.135,0.158,0.467,SmartTV,Premium,0.408,0.973
USR_03193,687.9,15.6,5,0.346,35,0.064,0.176,0.76,0.0,SmartTV,Basic,0.297,0.177
USR_02125,544.8,62.3,3,0.51,8,0.071,0.745,0.165,0.019,Mobile,Premium,0.673,0.631
USR_03376,540.2,19.8,1,0.313,27,0.257,0.119,0.326,0.298,Mobile,Free,0.216,0.0
USR_03393,739.8,27.7,7,0.367,26,0.249,0.004,0.611,0.136,Mobile,Free,0.223,0.468
USR_03486,526.7,16.3,7,0.239,32,0.319,0.184,0.498,-0.001,Mobile,Free,0.244,0.419
USR_00760,2374.9,46.2,19,1.0,51,0.868,0.0,0.072,0.06,Mobile,Standard,0.275,0.774
USR_03380,503.5,19.0,6,0.413,26,0.22,0.212,0.568,0.0,Tablet,Basic,0.363,0.399
USR_04441,2850.8,78.7,12,0.927,36,0.346,0.0,0.21,0.444,SmartTV,Standard,0.578,1.0
USR_02527,80.0,25.4,3,0.631,3,0.248,0.157,0.595,0.0,SmartTV,Basic,0.364,0.319
USR_04859,3173.6,111.2,14,0.957,28,0.244,0.028,0.246,0.482,Mobile,Premium,0.517,0.933
USR_00908,2247.6,36.6,23,0.949,61,0.638,0.076,0.129,0.157,SmartTV,Premium,0.255,0.914
USR_02684,261.5,8.9,6,0.41,29,0.22,0.074,0.451,0.255,Mobile,Free,0.485,0.366
USR_00215,2314.9,66.1,21,0.971,35,0.649,0.06,0.037,0.254,SmartTV,Basic,0.449,0.921
USR_03332,472.5,11.7,8,0.477,35,0.125,0.244,0.497,0.134,Mobile,Free,0.19,0.186
USR_04459,2680.8,86.1,11,0.974,31,0.229,0.099,0.147,0.525,SmartTV,Basic,0.606,0.962
USR_00694,2186.9,83.4,27,0.895,26,0.807,0.059,0.013,0.121,Web,Basic,0.421,0.947
USR_01504,811.1,41.1,9,0.897,19,0.066,0.724,0.209,0.001,SmartTV,Free,0.783,0.418
USR_02415,147.9,30.5,4,0.346,4,0.24,0.153,0.594,0.013,Mobile,Standard,0.563,0.525
USR_02119,611.4,33.4,8,0.686,18,0.108,0.713,0.062,0.117,SmartTV,Basic,0.729,0.299
USR_03859,1740.6,39.3,26,0.671,44,0.268,0.266,0.209,0.257,Mobile,Premium,0.469,0.592
USR_02463,544.4,21.3,8,0.449,25,0.323,0.123,0.52,0.034,Tablet,Standard,0.426,0.536
USR_03636,1322.2,43.3,24,0.653,30,0.197,0.251,0.239,0.313,Mobile,Standard,0.352,0.499
USR_04106,2238.4,26.1,13,0.753,65,0.232,0.253,0.334,0.181,SmartTV,Free,0.312,0.543
USR_04479,1753.1,79.3,14,0.96,22,0.212,0.121,0.165,0.502,SmartTV,Standard,0.563,0.965
USR_00197,1794.4,45.2,20,0.932,39,0.793,0.067,0.141,-0.001,SmartTV,Premium,0.409,0.881
USR_04668,3373.9,61.5,17,1.0,54,0.279,0.087,0.191,0.443,SmartTV,Standard,0.56,0.93
USR_01544,1207.9,45.6,6,0.504,26,0.115,0.703,0.15,0.032,SmartTV,Free,0.59,0.382
USR_01331,1021.6,36.2,5,0.577,28,0.068,0.727,0.206,-0.001,SmartTV,Premium,0.607,0.678
USR_00880,2447.9,57.4,11,0.906,42,0.799,0.06,0.142,-0.001,Mobile,Standard,0.366,0.877
USR_04503,3591.1,77.7,20,0.976,46,0.251,0.116,0.226,0.407,SmartTV,Premium,0.445,0.994
USR_03502,1424.9,38.6,11,0.708,36,0.291,0.27,0.224,0.215,SmartTV,Premium,0.555,0.494
USR_03895,1382.5,39.3,19,0.722,35,0.21,0.295,0.173,0.322,Mobile,Premium,0.199,0.755
USR_04991,2229.9,75.5,20,0.969,29,0.326,0.079,0.261,0.334,SmartTV,Basic,0.695,0.873
USR_00888,3001.0,36.9,21,0.845,81,0.81,0.028,0.049,0.113,Tablet,Basic,0.255,0.948
USR_01346,918.3,45.9,12,0.808,19,0.072,0.792,0.116,0.02,Tablet,Standard,0.683,0.377
USR_00069,1699.5,62.3,16,0.985,27,0.593,0.128,0.111,0.168,Console,Standard,0.412,0.806
USR_04211,1491.2,34.8,13,0.63,42,0.196,0.236,0.28,0.288,Console,Standard,0.322,0.513
USR_01816,724.0,46.2,13,0.489,15,0.058,0.604,0.072,0.266,SmartTV,Standard,0.597,0.458
USR_00569,1976.1,48.4,21,0.93,40,0.751,0.0,0.157,0.092,Console,Standard,0.353,0.845
USR_02168,756.6,62.8,14,0.632,12,0.062,0.643,0.208,0.087,Tablet,Basic,0.761,0.315
USR_00097,2426.8,47.2,24,0.904,51,0.783,0.078,0.139,0.0,Mobile,Premium,0.377,0.955
USR_04182,1320.5,41.5,22,0.749,31,0.282,0.241,0.274,0.203,Web,Basic,0.422,0.645
USR_03354,411.6,24.5,8,0.476,16,0.299,0.065,0.47,0.166,Mobile,Basic,0.424,0.229
USR_00140,3570.8,64.0,23,0.957,55,0.841,0.054,0.039,0.066,Web,Standard,0.403,0.782
USR_04955,2028.5,61.6,17,0.932,32,0.268,0.081,0.081,0.57,Tablet,Basic,0.616,0.935
USR_02603,428.9,5.0,1,0.319,35,0.164,0.208,0.516,0.112,Mobile,Free,0.505,0.243
USR_04024,1002.3,58.0,23,0.95,17,0.218,0.18,0.225,0.377,SmartTV,Basic,0.353,0.665
USR_04773,2857.3,101.0,9,0.999,28,0.226,0.117,0.192,0.465,SmartTV,Premium,0.635,0.914
USR_01607,1169.1,56.0,12,0.734,20,0.0,0.803,0.044,0.153,SmartTV,Standard,0.725,0.214
USR_01630,775.1,26.4,10,0.731,29,0.094,0.763,0.099,0.044,Mobile,Standard,0.579,0.425
USR_01540,379.2,34.7,7,0.553,10,0.0,0.823,0.14,0.037,SmartTV,Free,0.84,0.523
USR_01695,637.9,50.9,6,0.712,12,0.132,0.868,0.0,0.0,SmartTV,Standard,0.597,0.384
USR_02060,1074.9,59.1,9,0.859,18,0.064,0.621,0.099,0.216,SmartTV,Basic,0.63,0.286
USR_00464,1943.5,46.8,25,0.94,41,0.858,0.025,0.118,-0.001,SmartTV,Basic,0.471,0.812
USR_02331,482.1,10.2,5,0.387,35,0.177,0.205,0.405,0.213,Mobile,Basic,0.388,0.479
USR_03044,496.6,20.7,10,0.509,23,0.319,0.101,0.451,0.129,Mobile,Standard,0.117,0.311
USR_04735,2828.3,70.3,25,0.952,40,0.347,0.074,0.15,0.429,Mobile,Premium,0.692,0.959
USR_00595,1855.9,55.7,22,0.891,33,0.835,0.097,0.068,0.0,SmartTV,Premium,0.371,0.767
USR_03815,1006.4,55.2,11,0.678,18,0.258,0.309,0.251,0.182,SmartTV,Free,0.381,0.538
USR_00626,2589.8,45.3,22,0.833,57,0.772,0.084,0.143,0.001,Console,Premium,0.322,1.0
USR_00451,2633.5,60.9,22,0.905,43,0.856,0.045,0.099,0.0,SmartTV,Premium,0.333,0.781
USR_01500,1432.7,48.7,5,0.606,29,0.198,0.65,0.152,0.0,Mobile,Standard,0.618,0.608
USR_02457,469.1,9.1,5,0.544,35,0.142,0.132,0.344,0.382,SmartTV,Premium,0.193,0.421
USR_04723,3572.8,68.5,15,0.961,52,0.236,0.104,0.115,0.545,Console,Premium,0.601,0.977
USR_02985,483.4,26.6,6,0.274,18,0.15,0.069,0.475,0.306,SmartTV,Basic,0.485,0.48
USR_01570,675.8,36.6,6,0.521,18,0.082,0.643,0.187,0.088,Console,Premium,0.744,0.623
USR_01035,1939.4,51.6,28,0.798,37,0.86,0.046,0.094,0.0,SmartTV,Basic,0.333,0.788
USR_03519,1834.5,50.5,17,0.883,36,0.413,0.245,0.227,0.115,Mobile,Basic,0.424,0.503
USR_01558,1129.0,53.0,9,0.635,21,0.0,0.773,0.135,0.092,Mobile,Standard,0.683,0.551
USR_03625,2120.6,33.1,14,0.62,64,0.335,0.203,0.23,0.232,Console,Standard,0.299,0.867
USR_04665,3547.2,104.5,18,0.962,33,0.266,0.121,0.275,0.338,Tablet,Basic,0.58,0.889
USR_00151,2757.4,39.9,23,0.799,69,0.822,0.059,0.019,0.1,Console,Standard,0.513,0.791
USR_01421,634.2,41.2,7,0.851,15,0.11,0.726,0.164,0.0,SmartTV,Basic,0.775,0.337
USR_02012,929.6,52.3,7,0.617,17,0.058,0.652,0.152,0.138,SmartTV,Premium,0.539,0.456
USR_02687,261.0,22.7,2,0.453,11,0.204,0.126,0.476,0.194,Web,Basic,0.3,0.323
USR_01787,867.9,46.5,11,0.71,18,0.107,0.74,0.152,0.001,SmartTV,Standard,0.711,0.188
USR_00089,2199.1,57.3,26,0.818,38,0.792,0.032,0.16,0.016,Web,Free,0.298,0.805
USR_00458,2038.2,58.7,21,0.959,34,0.701,0.085,0.086,0.128,Mobile,Basic,0.407,0.835
USR_01306,764.1,38.4,10,0.419,19,0.053,0.802,0.122,0.023,SmartTV,Premium,0.598,0.473
USR_02926,513.0,12.2,3,0.468,35,0.372,0.062,0.566,0.0,Mobile,Basic,0.312,0.229
USR_03271,662.0,27.3,8,0.444,24,0.261,0.142,0.502,0.095,Mobile,Basic,0.301,0.468
USR_03228,501.3,23.1,1,0.386,21,0.342,0.078,0.514,0.066,Mobile,Basic,0.518,0.219
USR_01989,626.9,42.2,8,0.756,14,0.042,0.676,0.228,0.054,SmartTV,Standard,0.796,0.445
USR_03755,1877.4,45.2,20,0.854,41,0.183,0.192,0.238,0.387,SmartTV,Premium,0.312,0.618
USR_03647,1644.8,60.1,20,0.663,27,0.369,0.218,0.32,0.093,Web,Standard,0.376,0.683
USR_00832,1780.2,50.9,26,0.949,34,0.765,0.031,0.148,0.056,Mobile,Basic,0.515,0.757
USR_00240,2646.3,53.5,23,0.885,49,0.587,0.051,0.058,0.304,SmartTV,Premium,0.434,1.0
USR_04682,3523.4,78.9,8,0.929,44,0.203,0.128,0.195,0.474,SmartTV,Free,0.484,0.828
USR_03023,417.5,10.3,1,0.357,35,0.095,0.13,0.54,0.235,Mobile,Standard,0.233,0.22
USR_03149,607.7,30.2,3,0.552,20,0.115,0.025,0.495,0.365,Mobile,Basic,0.531,0.151
USR_01947,1170.3,51.7,8,0.686,22,0.073,0.629,0.136,0.162,SmartTV,Free,0.704,0.468
USR_02776,582.9,13.3,2,0.331,35,0.309,0.162,0.383,0.146,Mobile,Free,0.14,0.133
USR_00193,1676.6,45.8,18,0.824,36,0.855,0.052,0.087,0.006,Console,Premium,0.26,0.901
USR_04850,4061.6,72.6,19,0.961,55,0.256,0.07,0.174,0.5,SmartTV,Standard,0.552,0.926
USR_04940,3207.9,84.1,17,0.933,38,0.258,0.051,0.13,0.561,SmartTV,Basic,0.497,0.907
USR_00945,3081.9,48.5,28,0.826,63,0.689,0.0,0.078,0.233,SmartTV,Basic,0.38,0.892
USR_01269,1063.6,33.7,8,0.655,31,0.094,0.648,0.105,0.153,Tablet,Premium,0.797,0.294
USR_04232,1362.6,41.8,18,0.74,32,0.275,0.226,0.313,0.186,Mobile,Free,0.219,0.881
USR_02308,511.1,19.2,6,0.484,26,0.219,0.002,0.579,0.2,Tablet,Standard,0.362,0.165
USR_04425,3917.0,63.0,12,0.963,60,0.139,0.045,0.221,0.595,SmartTV,Premium,0.506,1.0
USR_04712,3674.5,76.6,18,0.914,47,0.339,0.035,0.098,0.528,Tablet,Standard,0.672,0.92
USR_02314,252.3,20.3,7,0.377,12,0.232,0.121,0.519,0.128,SmartTV,Free,0.269,0.114
USR_03215,514.3,16.1,5,0.471,31,0.236,0.088,0.634,0.042,Mobile,Free,0.446,0.034
USR_02733,443.3,18.5,5,0.273,23,0.135,0.037,0.581,0.247,Web,Basic,0.336,0.292
USR_01927,947.2,67.7,12,0.709,13,0.0,0.75,0.196,0.054,SmartTV,Basic,0.702,0.507
USR_04228,1678.5,53.5,18,0.68,31,0.246,0.265,0.246,0.243,Web,Premium,0.4,0.626
USR_04677,3648.7,72.2,9,0.956,50,0.222,0.158,0.149,0.471,SmartTV,Premium,0.519,0.931
USR_00801,2001.4,47.5,17,0.924,42,0.871,0.061,0.057,0.011,SmartTV,Premium,0.547,0.79
USR_03672,1967.6,43.1,16,0.95,45,0.273,0.19,0.212,0.325,SmartTV,Premium,0.43,0.821
USR_04194,1582.0,31.0,24,0.721,51,0.315,0.229,0.255,0.201,Mobile,Premium,0.45,0.808
USR_02969,225.2,15.6,10,0.493,14,0.24,0.169,0.592,-0.001,Mobile,Free,0.54,0.21
USR_04794,3322.5,89.4,11,0.882,37,0.261,0.139,0.105,0.495,Web,Premium,0.445,0.938
USR_04369,1665.7,38.6,15,0.742,43,0.318,0.307,0.276,0.099,Web,Premium,0.605,0.674
USR_02777,595.9,14.7,10,0.218,35,0.192,0.167,0.613,0.028,Mobile,Free,0.31,0.45
USR_02971,400.7,24.3,2,0.51,16,0.084,0.121,0.58,0.215,Mobile,Free,0.313,0.671
USR_03868,1697.1,56.4,21,0.679,30,0.213,0.291,0.169,0.327,SmartTV,Standard,0.433,0.582
USR_01744,917.5,50.2,10,0.503,18,0.076,0.644,0.192,0.088,Tablet,Basic,0.755,0.481
USR_03949,1542.7,43.8,19,0.642,35,0.393,0.183,0.276,0.148,Mobile,Standard,0.298,0.663
USR_03803,1652.0,50.4,19,0.75,32,0.294,0.254,0.348,0.104,SmartTV,Premium,0.218,0.715
USR_02025,912.5,57.5,5,0.646,15,0.138,0.648,0.132,0.082,Web,Standard,0.523,0.661
USR_02275,279.5,28.2,6,0.333,9,0.308,0.15,0.325,0.217,Web,Basic,0.287,0.342
USR_00100,2691.2,40.3,16,0.893,66,0.81,0.118,0.071,0.001,Console,Standard,0.506,0.847
USR_04922,3166.8,64.8,13,0.972,48,0.226,0.099,0.242,0.433,Tablet,Standard,0.532,0.898
USR_03408,213.8,17.6,3,0.593,12,0.173,0.0,0.522,0.305,Mobile,Standard,0.321,0.579
USR_04246,1653.2,51.1,15,0.615,32,0.262,0.216,0.293,0.229,SmartTV,Standard,0.269,0.692
USR_04620,3672.0,61.1,15,0.951,60,0.308,0.044,0.249,0.399,SmartTV,Premium,0.647,0.851
USR_04917,3425.4,111.2,17,0.948,30,0.167,0.074,0.157,0.602,Tablet,Standard,0.581,0.917
USR_00192,2064.8,45.5,20,0.766,45,0.799,0.06,0.059,0.082,SmartTV,Basic,0.473,0.925
USR_04697,2728.9,89.1,10,0.953,30,0.278,0.085,0.136,0.501,SmartTV,Premium,0.624,0.933
USR_01785,1487.8,73.3,9,0.574,20,0.125,0.696,0.011,0.168,SmartTV,Premium,0.709,0.319
USR_01533,949.1,55.1,10,0.597,17,0.098,0.669,0.129,0.104,SmartTV,Standard,0.696,0.419
USR_02835,677.7,10.0,2,0.385,35,0.092,0.102,0.437,0.369,Tablet,Free,0.322,0.342
USR_04445,3264.9,56.9,22,0.973,57,0.295,0.117,0.239,0.349,SmartTV,Basic,0.458,0.866
USR_04916,2547.7,64.4,18,0.986,39,0.133,0.09,0.147,0.63,SmartTV,Standard,0.583,0.905
USR_01599,706.5,38.5,2,0.829,18,0.0,0.694,0.069,0.237,SmartTV,Basic,0.592,0.585
USR_01780,802.7,33.3,8,0.685,24,0.08,0.668,0.105,0.147,Tablet,Basic,0.572,0.478
USR_04901,3121.3,85.1,10,0.944,36,0.207,0.062,0.232,0.499,Mobile,Basic,0.678,0.951
USR_02575,297.0,6.4,8,0.323,35,0.206,0.168,0.626,0.0,Mobile,Basic,0.347,0.358
USR_03399,477.3,9.4,5,0.537,35,0.237,0.128,0.514,0.121,Tablet,Basic,0.185,0.092
USR_03976,2098.4,50.4,17,0.775,41,0.329,0.219,0.19,0.262,Mobile,Premium,0.427,0.77
USR_03771,2278.9,39.8,22,0.736,57,0.288,0.234,0.355,0.123,Console,Standard,0.288,0.709
USR_00167,2760.0,35.6,17,0.816,77,0.795,0.118,0.087,0.0,SmartTV,Premium,0.406,0.856
USR_01752,707.8,59.1,11,0.755,11,0.108,0.706,0.186,0.0,Tablet,Standard,0.709,0.637
USR_01480,1565.8,43.7,9,0.468,35,0.097,0.799,0.104,0.0,Web,Standard,0.429,0.415
USR_01025,2354.9,57.6,20,0.86,40,0.789,0.068,0.1,0.043,Mobile,Standard,0.556,0.771
USR_01789,680.7,57.3,8,0.71,11,0.128,0.592,0.189,0.091,SmartTV,Standard,0.623,0.552
USR_02265,211.1,14.1,9,0.479,14,0.234,0.081,0.523,0.162,Mobile,Standard,0.285,0.171
USR_02474,178.7,5.0,4,0.396,35,0.116,0.058,0.496,0.33,Tablet,Standard,0.393,0.166
USR_01823,1129.3,40.1,4,0.621,28,0.04,0.813,0.147,0.0,SmartTV,Standard,0.818,0.34
USR_01221,2772.4,65.1,23,0.752,42,0.688,0.067,0.107,0.138,SmartTV,Standard,0.402,0.88
USR_01667,827.2,52.2,5,0.66,15,0.142,0.719,0.139,0.0,Mobile,Free,0.701,0.373
USR_02961,504.3,8.6,7,0.541,35,0.174,0.146,0.481,0.199,Mobile,Basic,0.456,0.253
USR_00153,2596.5,65.8,12,0.819,39,0.774,0.132,0.094,0.0,SmartTV,Premium,0.362,0.835
USR_02535,445.6,25.5,9,0.278,17,0.299,0.191,0.503,0.007,Tablet,Free,0.411,0.374
USR_04689,3306.2,80.7,21,0.946,40,0.131,0.049,0.248,0.572,SmartTV,Premium,0.602,0.923
USR_01979,991.7,37.7,8,0.766,26,0.033,0.69,0.229,0.048,Tablet,Free,0.608,0.428
USR_01470,997.9,20.0,5,0.637,40,0.135,0.71,0.109,0.046,Mobile,Standard,0.591,0.499
USR_02808,467.2,5.0,7,0.676,35,0.19,0.032,0.595,0.183,Mobile,Basic,0.559,0.379
USR_02513,193.7,16.5,5,0.458,11,0.11,0.143,0.366,0.381,SmartTV,Basic,0.362,0.202
USR_02944,304.9,25.6,5,0.226,11,0.237,0.128,0.468,0.167,Tablet,Standard,0.382,0.293
USR_02981,355.0,23.5,5,0.256,15,0.313,0.041,0.454,0.192,Web,Free,0.326,0.451
USR_04823,3507.2,101.3,26,0.932,34,0.299,0.098,0.157,0.446,SmartTV,Standard,0.485,1.0
USR_03018,468.9,31.0,6,0.423,15,0.205,0.153,0.516,0.126,SmartTV,Free,0.352,0.303
USR_01567,996.7,65.9,7,0.909,15,0.021,0.705,0.108,0.166,Tablet,Standard,0.774,0.151
USR_00032,3341.6,68.9,25,0.917,48,0.837,0.06,0.055,0.048,SmartTV,Premium,0.426,0.796
USR_00938,2278.4,66.2,23,0.813,34,0.776,0.099,0.037,0.088,Tablet,Premium,0.471,1.0
USR_01216,2689.0,57.0,16,0.908,47,0.681,0.098,0.066,0.155,SmartTV,Premium,0.407,0.96
USR_01938,1030.2,47.1,6,0.737,21,0.156,0.67,0.079,0.095,SmartTV,Standard,0.566,0.316
USR_01130,2778.5,61.9,20,0.923,44,0.808,0.065,0.069,0.058,Mobile,Premium,0.38,0.856
USR_00310,2690.9,65.6,24,0.825,41,0.809,0.096,0.096,-0.001,Mobile,Basic,0.426,0.894
USR_04902,2931.8,86.4,15,0.94,33,0.293,0.109,0.101,0.497,SmartTV,Premium,0.512,0.959
USR_02169,1045.8,58.6,5,0.473,17,0.033,0.723,0.244,0.0,SmartTV,Basic,0.637,0.693
USR_03114,373.2,21.1,7,0.609,17,0.19,0.009,0.652,0.149,Tablet,Basic,0.373,0.342
USR_00496,2171.8,76.4,22,0.867,28,0.696,0.177,0.046,0.081,Web,Premium,0.386,0.883
USR_00206,1660.6,55.3,22,0.804,30,0.725,0.045,0.084,0.146,Mobile,Basic,0.523,0.895
USR_02674,689.1,22.9,1,0.507,30,0.295,0.0,0.604,0.101,Mobile,Basic,0.179,0.004
USR_03358,549.8,18.8,8,0.579,29,0.199,0.154,0.475,0.172,Mobile,Standard,0.462,0.314
USR_03831,1737.3,42.6,21,0.531,40,0.172,0.289,0.244,0.295,Web,Standard,0.362,0.489
USR_00306,2962.3,50.0,13,0.816,59,0.89,0.008,0.102,0.0,Console,Basic,0.501,0.75
USR_03794,1979.3,47.0,11,0.799,42,0.34,0.283,0.212,0.165,Tablet,Premium,0.416,0.733
USR_02202,871.2,35.6,9,0.828,24,0.076,0.745,0.179,0.0,SmartTV,Basic,0.763,0.306
USR_01062,2345.5,60.4,19,0.909,38,0.826,0.089,0.085,0.0,Web,Premium,0.474,0.896
USR_00844,2472.1,63.8,15,0.914,38,0.842,0.025,0.059,0.074,Console,Standard,0.402,0.873
USR_03873,2227.1,32.2,18,0.706,65,0.247,0.239,0.229,0.285,SmartTV,Free,0.567,0.413
USR_02252,479.0,18.0,8,0.322,26,0.078,0.062,0.638,0.222,Mobile,Free,0.331,0.314
USR_00212,2519.6,80.2,21,0.858,31,0.722,0.09,0.091,0.097,SmartTV,Premium,0.368,0.956
USR_03998,1642.0,37.0,14,0.892,44,0.284,0.204,0.356,0.156,Mobile,Basic,0.42,0.95
USR_00680,2074.1,63.8,18,0.883,32,0.803,0.0,0.197,0.0,Tablet,Premium,0.397,0.688
USR_00566,2133.5,63.2,13,0.907,33,0.723,0.126,0.131,0.02,Tablet,Standard,0.439,0.889
USR_03291,306.2,21.9,5,0.555,13,0.262,0.233,0.505,0.0,Tablet,Basic,0.172,0.351
USR_04355,1959.0,46.9,12,0.673,41,0.379,0.259,0.169,0.193,SmartTV,Premium,0.442,0.55
USR_00681,2363.1,66.9,24,0.898,35,0.77,0.052,0.177,0.001,SmartTV,Premium,0.302,0.861
USR_00181,2388.1,58.4,18,0.905,40,0.737,0.059,0.127,0.077,SmartTV,Standard,0.421,0.815
USR_04280,1269.3,33.1,14,0.751,38,0.287,0.185,0.341,0.187,Web,Standard,0.417,0.63
USR_02496,527.2,14.9,4,0.232,35,0.261,0.142,0.567,0.03,Tablet,Basic,0.383,0.186
USR_02317,450.2,19.0,6,0.431,23,0.195,0.204,0.601,0.0,Tablet,Basic,0.352,0.233
USR_04274,1870.0,39.3,20,0.637,47,0.291,0.161,0.245,0.303,Web,Basic,0.27,0.781
USR_00279,2848.5,49.4,24,0.869,57,0.809,0.014,0.104,0.073,Tablet,Premium,0.181,0.835
USR_03684,2216.7,45.8,18,0.691,48,0.15,0.281,0.247,0.322,Mobile,Standard,0.525,0.536
USR_04763,3419.4,93.3,19,0.943,36,0.399,0.091,0.17,0.34,SmartTV,Premium,0.661,0.953
USR_00433,2792.8,43.4,21,0.862,64,0.689,0.074,0.073,0.164,Mobile,Basic,0.472,0.764
USR_00290,2492.0,58.8,20,0.874,42,0.732,0.0,0.116,0.152,Console,Standard,0.56,0.851
USR_01028,2666.2,50.4,21,0.956,52,0.884,0.048,0.068,0.0,SmartTV,Standard,0.351,0.905
USR_00536,2822.4,53.4,26,0.827,52,0.707,0.1,0.098,0.095,SmartTV,Standard,0.53,0.796
USR_03632,1797.6,42.4,17,0.683,42,0.371,0.144,0.176,0.309,SmartTV,Basic,0.441,0.575
USR_00189,2312.3,68.6,24,0.704,33,0.834,0.067,0.098,0.001,Tablet,Basic,0.389,0.94
USR_02175,937.0,28.9,9,0.735,32,0.085,0.781,0.134,0.0,SmartTV,Free,0.791,0.589
USR_03916,1961.3,40.2,19,0.695,48,0.15,0.25,0.173,0.427,Tablet,Standard,0.337,0.748
USR_01863,1069.6,48.5,8,0.667,22,0.052,0.676,0.0,0.272,SmartTV,Standard,0.662,0.602
USR_00271,1902.8,57.6,26,0.849,33,0.715,0.051,0.159,0.075,Tablet,Standard,0.436,0.808
USR_01729,659.7,63.1,7,0.865,10,0.004,0.88,0.116,0.0,Tablet,Free,0.642,0.443
USR_04076,1316.4,42.5,16,0.802,30,0.32,0.213,0.26,0.207,Web,Standard,0.467,0.715
USR_02158,967.5,69.7,6,0.653,13,0.102,0.705,0.152,0.041,Mobile,Standard,0.839,0.374
USR_03932,1857.8,48.2,23,0.755,38,0.329,0.222,0.221,0.228,SmartTV,Standard,0.496,0.502
USR_00112,2253.8,38.3,15,0.941,58,0.804,0.093,0.103,0.0,Console,Free,0.468,0.918
USR_02385,460.1,16.9,3,0.491,27,0.276,0.127,0.402,0.195,Mobile,Free,0.287,0.291
USR_00221,2640.5,65.7,20,0.988,40,0.79,0.079,0.131,0.0,SmartTV,Standard,0.454,0.917
USR_00628,2382.4,59.5,27,0.845,40,0.82,0.0,0.123,0.057,SmartTV,Premium,0.389,0.789
USR_01182,2327.2,51.5,23,0.972,45,0.836,0.117,0.047,0.0,SmartTV,Basic,0.445,0.862
USR_03382,467.1,18.9,9,0.349,24,0.287,0.122,0.446,0.145,SmartTV,Free,0.338,0.221
USR_02423,580.5,16.5,9,0.464,35,0.03,0.186,0.408,0.376,Tablet,Basic,0.453,0.435
USR_00791,1504.5,59.0,20,0.899,25,0.833,0.111,0.025,0.031,Mobile,Premium,0.375,0.884
USR_04276,1367.2,26.2,16,0.845,52,0.298,0.222,0.231,0.249,Web,Standard,0.359,0.715
USR_00462,3454.6,65.4,25,0.888,52,0.767,0.041,0.059,0.133,SmartTV,Standard,0.365,0.742
USR_04403,3083.9,108.1,17,0.945,28,0.394,0.08,0.055,0.471,SmartTV,Premium,0.411,0.948
USR_00552,2280.6,41.6,26,0.844,54,0.629,0.056,0.102,0.213,SmartTV,Basic,0.433,0.959
USR_03130,481.4,22.9,5,0.392,21,0.272,0.099,0.629,0.0,Mobile,Free,0.259,0.183
USR_01445,1180.1,62.9,5,0.512,18,0.04,0.763,0.197,0.0,Tablet,Standard,0.588,0.457
USR_00199,2677.1,69.4,21,0.853,38,0.78,0.084,0.028,0.108,SmartTV,Basic,0.236,0.806
USR_02590,369.7,23.3,7,0.504,15,0.109,0.129,0.486,0.276,Web,Free,0.525,0.326
USR_00403,3045.8,50.8,27,0.875,59,0.614,0.096,0.071,0.219,SmartTV,Free,0.476,0.852
USR_03960,1711.7,34.8,19,0.634,49,0.269,0.282,0.203,0.246,Mobile,Free,0.467,0.52
USR_04190,1431.3,28.7,17,0.817,49,0.237,0.143,0.335,0.285,Web,Standard,0.472,0.75
USR_04764,3794.2,84.8,12,0.911,44,0.309,0.118,0.061,0.512,Tablet,Premium,0.478,0.923
USR_02096,1106.8,45.1,6,0.75,24,0.017,0.812,0.062,0.109,SmartTV,Premium,0.744,0.342
USR_02901,411.1,18.1,5,0.367,22,0.139,0.125,0.559,0.177,Tablet,Free,0.399,0.31
USR_04463,2156.3,77.2,20,0.928,27,0.211,0.19,0.2,0.399,SmartTV,Premium,0.524,0.896
USR_00651,2648.0,46.2,20,0.782,57,0.797,0.058,0.064,0.081,Mobile,Standard,0.405,0.864
USR_00709,2281.0,45.7,19,0.88,49,0.685,0.04,0.074,0.201,Console,Standard,0.59,0.628
USR_01481,1452.7,42.7,5,0.552,34,0.09,0.768,0.107,0.035,SmartTV,Basic,0.758,0.476
USR_04415,3868.6,84.5,19,0.941,45,0.199,0.065,0.22,0.516,SmartTV,Standard,0.555,0.943
USR_03066,860.4,17.1,5,0.543,35,0.194,0.234,0.572,0.0,Mobile,Standard,0.292,0.189
USR_02396,605.6,10.3,8,0.251,35,0.195,0.126,0.466,0.213,Mobile,Free,0.328,0.092
USR_01770,485.5,31.6,3,0.646,15,0.107,0.793,0.1,0.0,Console,Premium,0.753,0.496
USR_00315,2488.3,44.2,15,0.895,56,0.831,0.075,0.094,0.0,SmartTV,Premium,0.373,0.763
USR_03762,1800.9,42.4,16,0.743,42,0.288,0.314,0.278,0.12,SmartTV,Basic,0.381,0.638
USR_04910,2319.0,94.9,12,0.964,24,0.153,0.098,0.289,0.46,SmartTV,Premium,0.354,0.884
USR_00114,1903.4,66.0,15,0.821,28,0.865,0.021,0.089,0.025,SmartTV,Standard,0.464,0.773
USR_00961,1873.8,53.2,15,0.856,35,0.783,0.026,0.077,0.114,SmartTV,Standard,0.307,0.856
USR_02911,401.4,12.5,7,0.441,32,0.274,0.167,0.559,0.0,Mobile,Free,0.31,0.316
USR_03406,691.8,11.2,4,0.432,35,0.207,0.18,0.613,0.0,Tablet,Basic,0.351,0.266
USR_01624,965.5,45.9,2,0.632,21,0.167,0.713,0.12,0.0,SmartTV,Free,0.682,0.463
USR_03323,522.8,19.8,1,0.304,26,0.0,0.044,0.556,0.4,Mobile,Basic,0.223,0.175
USR_05000,2627.7,98.5,14,0.969,26,0.053,0.01,0.147,0.79,Tablet,Premium,0.459,0.958
USR_01819,867.0,69.0,6,0.898,12,0.105,0.795,0.099,0.001,SmartTV,Standard,0.721,0.304
USR_03195,251.6,10.5,2,0.482,23,0.191,0.191,0.421,0.197,SmartTV,Free,0.1,0.28
USR_03008,103.1,16.6,1,0.21,6,0.176,0.08,0.525,0.219,Web,Basic,0.348,0.32
USR_03415,312.7,17.5,6,0.402,17,0.202,0.166,0.495,0.137,Tablet,Free,0.33,0.274
USR_04529,4054.1,45.0,6,0.983,60,0.267,0.107,0.148,0.478,SmartTV,Standard,0.336,0.878
USR_01898,1405.2,79.0,8,0.696,17,0.063,0.627,0.223,0.087,SmartTV,Standard,0.867,0.313
USR_01919,914.3,40.9,7,0.808,22,0.08,0.774,0.089,0.057,Mobile,Premium,0.618,0.462
USR_01271,1091.8,61.9,7,0.787,17,0.0,0.614,0.15,0.236,SmartTV,Premium,0.713,0.311
USR_04177,1970.3,32.3,19,0.687,60,0.289,0.17,0.246,0.295,Mobile,Standard,0.276,0.631
USR_04963,2703.8,99.8,19,1.0,27,0.218,0.086,0.194,0.502,SmartTV,Premium,0.517,0.94
USR_04884,2638.1,72.5,14,0.969,36,0.295,0.061,0.118,0.526,Mobile,Premium,0.564,0.946
USR_04095,1620.1,37.6,14,0.658,43,0.299,0.219,0.288,0.194,SmartTV,Standard,0.378,0.625
USR_03160,404.7,17.8,4,0.479,22,0.205,0.133,0.438,0.224,SmartTV,Premium,0.433,0.22
USR_01814,988.4,57.4,3,0.573,17,0.0,0.671,0.166,0.163,SmartTV,Premium,0.691,0.707
USR_02427,363.7,14.0,3,0.517,25,0.211,0.195,0.426,0.168,SmartTV,Standard,0.143,0.322
USR_03951,2199.3,49.4,16,0.784,44,0.403,0.215,0.286,0.096,Web,Basic,0.361,0.778
USR_04429,2790.0,72.9,15,0.985,38,0.291,0.119,0.244,0.346,Tablet,Basic,0.528,1.0
USR_02143,692.5,38.6,7,0.578,17,0.041,0.727,0.153,0.079,Tablet,Premium,0.538,0.468
USR_01627,849.3,40.9,7,0.675,20,0.118,0.757,0.125,0.0,SmartTV,Standard,0.595,0.355
USR_00790,2914.5,67.4,23,0.822,43,0.658,0.066,0.091,0.185,Mobile,Standard,0.427,0.849
USR_03787,1383.7,34.9,17,0.645,39,0.276,0.243,0.173,0.308,Mobile,Standard,0.343,0.95
USR_01865,975.8,38.0,2,0.798,25,0.0,0.779,0.142,0.079,Tablet,Standard,0.892,0.54
USR_02866,612.3,17.3,5,0.678,35,0.194,0.061,0.568,0.177,Tablet,Free,0.41,0.289
USR_00872,2185.8,41.5,15,0.943,52,0.614,0.07,0.144,0.172,Console,Premium,0.304,0.776
USR_03272,225.7,10.1,4,0.315,22,0.174,0.084,0.45,0.292,Mobile,Standard,0.313,0.29
USR_03834,1269.4,41.4,11,0.743,30,0.353,0.224,0.286,0.137,Web,Standard,0.425,0.582
USR_00074,3584.6,44.7,24,0.845,80,0.754,0.155,0.091,0.0,SmartTV,Basic,0.512,0.794
USR_01753,1168.5,58.3,2,0.782,20,0.074,0.676,0.051,0.199,SmartTV,Basic,0.679,0.424
USR_01422,900.3,34.1,7,0.755,26,0.086,0.843,0.071,0.0,SmartTV,Free,0.73,0.27
USR_04222,1463.8,51.1,19,0.727,28,0.377,0.212,0.164,0.247,Web,Standard,0.424,0.503
USR_04694,2563.5,94.7,17,0.975,27,0.271,0.076,0.225,0.428,Web,Premium,0.467,1.0
USR_04370,2327.9,46.4,18,0.727,50,0.298,0.242,0.179,0.281,Web,Premium,0.463,0.472
USR_04576,3695.6,81.0,22,0.907,45,0.088,0.076,0.157,0.679,Console,Standard,0.529,0.908
USR_03810,1637.6,21.3,14,0.715,65,0.288,0.215,0.236,0.261,Tablet,Basic,0.348,0.691
USR_02245,739.8,47.0,2,0.696,15,0.139,0.578,0.169,0.114,SmartTV,Premium,0.619,0.516
USR_03048,242.1,5.0,4,0.55,35,0.186,0.148,0.54,0.126,SmartTV,Basic,0.147,0.239
USR_02446,317.1,5.0,14,0.443,35,0.196,0.004,0.403,0.397,SmartTV,Free,0.549,0.525
USR_00495,1938.4,55.7,22,0.815,34,0.764,0.076,0.118,0.042,SmartTV,Standard,0.46,0.873
USR_03131,420.4,10.0,6,0.488,35,0.103,0.089,0.582,0.226,Mobile,Basic,0.219,0.253
USR_04322,1463.8,36.5,12,0.75,40,0.341,0.282,0.19,0.187,Mobile,Free,0.5,0.897
USR_04398,1854.3,28.0,19,0.718,65,0.298,0.246,0.163,0.293,SmartTV,Premium,0.421,0.781
USR_01165,2510.6,38.0,20,0.843,66,0.738,0.008,0.156,0.098,SmartTV,Standard,0.548,0.928
USR_03735,1803.9,52.1,14,0.777,34,0.31,0.143,0.325,0.222,SmartTV,Standard,0.296,0.494
USR_01731,767.1,50.7,7,0.925,15,0.07,0.737,0.192,0.001,SmartTV,Standard,0.772,0.448
USR_04813,2893.2,75.4,13,0.949,38,0.256,0.044,0.23,0.47,Mobile,Premium,0.691,0.823
USR_02403,561.5,21.6,8,0.318,26,0.179,0.159,0.594,0.068,Tablet,Premium,0.269,0.392
USR_03404,611.4,17.7,3,0.453,34,0.279,0.064,0.571,0.086,Tablet,Free,0.1,0.143
USR_00619,2660.5,60.5,28,0.955,43,0.718,0.093,0.052,0.137,SmartTV,Standard,0.476,0.809
USR_01698,1198.6,39.4,7,0.566,30,0.036,0.763,0.148,0.053,Tablet,Premium,0.729,0.446
USR_03594,1726.2,40.7,11,0.735,42,0.245,0.137,0.371,0.247,Web,Basic,0.428,0.652
USR_01958,1349.9,64.4,9,0.742,20,0.034,0.693,0.226,0.047,SmartTV,Standard,0.619,0.547
USR_01222,2405.2,66.8,20,0.8,36,0.711,0.046,0.15,0.093,Tablet,Standard,0.417,0.835
USR_02074,1086.4,55.2,10,0.698,19,0.067,0.665,0.1,0.168,SmartTV,Basic,0.519,0.311
USR_03411,260.4,15.8,7,0.594,16,0.203,0.076,0.508,0.213,Mobile,Basic,0.459,0.469
USR_00870,2225.2,52.9,21,0.777,42,0.775,0.054,0.172,-0.001,Console,Premium,0.345,0.705
USR_02719,492.8,11.8,5,0.264,35,0.206,0.129,0.483,0.182,Mobile,Free,0.296,0.058
USR_01043,1869.8,60.2,26,0.925,31,0.873,0.051,0.076,0.0,SmartTV,Premium,0.361,0.846
USR_01362,1436.8,46.5,7,0.863,30,0.095,0.767,0.138,0.0,SmartTV,Standard,0.595,0.35
USR_00357,2034.1,64.9,22,0.881,31,0.692,0.112,0.133,0.063,SmartTV,Standard,0.376,0.93
USR_01163,1721.9,56.8,19,0.918,30,0.7,0.029,0.0,0.271,Console,Standard,0.434,0.837
USR_02766,228.4,22.4,9,0.541,10,0.252,0.14,0.548,0.06,Mobile,Free,0.275,0.146
USR_03253,318.0,17.9,3,0.393,17,0.28,0.052,0.466,0.202,Mobile,Basic,0.412,0.0
USR_01439,685.3,20.0,8,0.767,34,0.075,0.667,0.168,0.09,Tablet,Premium,0.672,0.622
USR_03604,2213.7,38.9,19,0.856,56,0.33,0.228,0.241,0.201,SmartTV,Standard,0.445,0.586
USR_04941,3744.1,77.2,12,0.984,48,0.308,0.108,0.25,0.334,SmartTV,Premium,0.569,0.928
USR_04594,3759.2,113.7,13,0.948,33,0.28,0.188,0.196,0.336,SmartTV,Standard,0.486,0.838
USR_03640,2078.7,53.0,16,0.734,39,0.285,0.165,0.272,0.278,Web,Standard,0.492,0.633
USR_01254,992.4,66.3,10,0.442,14,0.118,0.737,0.145,0.0,SmartTV,Standard,0.507,0.327
USR_03366,450.0,29.1,6,0.436,15,0.332,0.073,0.595,0.0,Mobile,Standard,0.286,0.463
USR_00333,2625.1,48.6,26,0.827,54,0.885,0.0,0.115,0.0,SmartTV,Standard,0.458,0.786
USR_03695,1371.0,45.0,19,0.81,30,0.392,0.197,0.26,0.151,SmartTV,Standard,0.286,0.73
USR_03569,1836.4,49.7,16,0.768,36,0.3,0.257,0.299,0.144,SmartTV,Standard,0.563,0.594
USR_02729,397.5,21.6,5,0.392,18,0.213,0.149,0.591,0.047,Mobile,Free,0.184,0.258
USR_03668,1526.4,57.0,23,0.896,26,0.284,0.252,0.197,0.267,SmartTV,Premium,0.368,0.516
USR_01631,1148.9,48.4,8,0.681,23,0.029,0.722,0.06,0.189,SmartTV,Free,0.668,0.616
USR_01117,2364.1,47.7,14,0.854,49,0.678,0.069,0.067,0.186,Console,Premium,0.509,0.978
USR_01850,711.4,31.3,8,0.687,22,0.072,0.687,0.241,0.0,Mobile,Standard,0.723,0.656
USR_03555,1071.0,34.2,18,0.746,31,0.393,0.182,0.262,0.163,Mobile,Standard,0.502,0.571
USR_03154,657.0,11.2,8,0.451,35,0.273,0.05,0.323,0.354,Tablet,Free,0.254,0.364
USR_03266,304.9,11.7,12,0.332,26,0.158,0.087,0.538,0.217,Mobile,Standard,0.462,0.0
USR_01666,1050.1,28.7,3,0.907,36,0.054,0.701,0.073,0.172,SmartTV,Premium,0.775,0.326
USR_00446,2182.7,54.0,22,0.937,40,0.827,0.052,0.09,0.031,SmartTV,Premium,0.461,0.952
USR_02246,989.7,53.7,8,0.826,18,0.097,0.649,0.146,0.108,Tablet,Free,0.643,0.439
USR_00453,2702.4,59.6,18,0.895,45,0.674,0.05,0.151,0.125,Web,Premium,0.484,0.851
USR_01552,782.7,34.9,8,0.581,22,0.094,0.646,0.013,0.247,Tablet,Free,0.711,0.438
USR_04435,2925.1,79.4,15,1.0,36,0.162,0.002,0.093,0.743,SmartTV,Premium,0.618,0.915
USR_02955,519.9,14.9,2,0.491,34,0.123,0.162,0.596,0.119,Web,Free,0.294,0.283
USR_00015,2516.9,64.4,17,0.801,39,0.818,0.071,0.111,0.0,SmartTV,Premium,0.448,0.796
USR_03629,2430.1,48.0,18,0.519,50,0.317,0.356,0.231,0.096,Web,Standard,0.327,0.67
USR_00946,2509.8,50.5,14,0.821,49,0.711,0.117,0.11,0.062,Tablet,Premium,0.473,0.73
USR_00248,2495.1,32.5,24,0.842,76,0.673,0.035,0.091,0.201,Web,Premium,0.372,0.674
USR_04698,2013.7,74.1,12,0.93,27,0.264,0.102,0.189,0.445,SmartTV,Standard,0.645,0.949
USR_00361,1775.2,35.8,17,0.89,49,0.7,0.081,0.102,0.117,Tablet,Basic,0.263,0.902
USR_04657,3211.2,83.4,6,0.955,38,0.24,0.105,0.117,0.538,SmartTV,Premium,0.633,0.895
USR_01615,651.1,56.7,7,0.699,11,0.066,0.719,0.113,0.102,SmartTV,Premium,0.583,0.477
USR_02304,396.0,35.2,7,0.438,11,0.254,0.094,0.622,0.03,Mobile,Free,0.393,0.347
USR_04142,1769.0,39.1,18,0.782,45,0.237,0.101,0.21,0.452,Mobile,Basic,0.206,0.56
USR_03169,459.2,21.5,6,0.431,21,0.188,0.136,0.462,0.214,Mobile,Free,0.434,0.0
USR_02479,494.7,29.3,6,0.407,16,0.179,0.015,0.485,0.321,Web,Free,0.317,0.339
USR_04215,765.3,52.2,19,0.755,14,0.246,0.203,0.22,0.331,Mobile,Standard,0.404,0.514
USR_04181,1811.0,56.1,20,0.773,32,0.282,0.197,0.275,0.246,SmartTV,Premium,0.429,0.605
USR_04885,2445.4,79.9,17,0.934,30,0.225,0.107,0.195,0.473,SmartTV,Free,0.55,0.887
USR_03164,91.2,13.4,4,0.529,6,0.218,0.064,0.623,0.095,Mobile,Basic,0.38,0.344
USR_00491,2757.6,66.7,19,0.871,41,0.711,0.015,0.115,0.159,Tablet,Standard,0.318,0.817
USR_00863,2741.5,60.4,28,0.905,45,0.801,0.069,0.13,0.0,Mobile,Premium,0.394,0.851
USR_01741,968.2,72.0,11,0.643,13,0.097,0.786,0.117,0.0,Tablet,Basic,0.617,0.441
USR_04100,1475.5,34.2,16,0.772,43,0.3,0.191,0.169,0.34,Web,Standard,0.395,0.641
USR_04386,2120.0,45.8,17,0.715,46,0.238,0.288,0.242,0.232,Web,Standard,0.349,0.614
USR_02448,516.5,16.9,8,0.501,30,0.139,0.207,0.392,0.262,Tablet,Basic,0.481,0.217
USR_04231,1833.1,45.7,13,0.748,40,0.202,0.279,0.312,0.207,SmartTV,Standard,0.374,0.778
USR_00507,2243.8,64.2,17,0.906,34,0.627,0.038,0.084,0.251,Mobile,Standard,0.554,0.828
USR_02678,279.8,16.0,5,0.554,17,0.231,0.177,0.581,0.011,Mobile,Standard,0.416,0.25
USR_02996,488.8,12.9,3,0.51,35,0.086,0.117,0.492,0.305,Mobile,Standard,0.474,0.335
USR_01943,1170.5,48.4,4,0.685,24,0.123,0.772,0.104,0.001,Mobile,Premium,0.514,0.521
USR_01223,2106.6,53.8,27,0.911,39,0.633,0.0,0.097,0.27,SmartTV,Standard,0.323,0.902
USR_01114,2674.0,58.6,15,0.919,45,0.893,0.022,0.085,0.0,Web,Standard,0.372,0.949
USR_01906,820.3,65.5,6,0.503,12,0.088,0.674,0.062,0.176,SmartTV,Standard,0.71,0.394
USR_03424,505.2,5.8,9,0.618,35,0.344,0.16,0.399,0.097,Mobile,Free,0.344,0.083
USR_01878,720.9,75.8,13,0.764,9,0.083,0.625,0.194,0.098,SmartTV,Standard,0.701,0.485
USR_04673,3095.8,77.6,18,1.0,39,0.393,0.065,0.237,0.305,SmartTV,Premium,0.65,0.933
USR_00434,3173.6,64.5,19,0.931,49,0.669,0.118,0.101,0.112,SmartTV,Premium,0.372,0.826
USR_02365,341.8,13.2,10,0.283,25,0.192,0.138,0.417,0.253,Mobile,Standard,0.428,0.254
USR_03155,713.5,11.8,5,0.33,35,0.219,0.004,0.685,0.092,Tablet,Basic,0.353,0.438
USR_02836,368.5,24.3,10,0.394,15,0.366,0.173,0.384,0.077,Mobile,Basic,0.199,0.213
USR_02093,1274.5,70.7,9,0.677,18,0.161,0.652,0.088,0.099,SmartTV,Standard,0.62,0.483
USR_03011,537.1,9.4,7,0.333,35,0.071,0.061,0.523,0.345,Mobile,Standard,0.517,0.437
USR_03163,559.9,28.0,6,0.383,19,0.26,0.0,0.545,0.195,Mobile,Free,0.224,0.419
USR_02946,647.7,24.7,5,0.516,26,0.333,0.18,0.487,0.0,Mobile,Basic,0.159,0.349
USR_03917,882.5,45.0,17,0.819,19,0.369,0.155,0.251,0.225,SmartTV,Basic,0.475,0.609
USR_02917,314.7,21.8,8,0.384,14,0.161,0.125,0.682,0.032,Mobile,Standard,0.355,0.11
USR_01103,2839.8,57.2,21,0.865,49,0.761,0.084,0.118,0.037,Web,Premium,0.417,0.971
USR_01449,342.2,63.2,9,0.649,5,0.108,0.622,0.144,0.126,SmartTV,Standard,0.759,0.1
USR_01721,1269.4,55.2,7,0.737,23,0.039,0.735,0.073,0.153,Tablet,Free,0.502,0.426
USR_04519,3307.2,69.2,12,0.937,47,0.244,0.098,0.202,0.456,Web,Basic,0.521,0.952
USR_03843,1230.6,45.3,24,0.662,27,0.25,0.359,0.209,0.182,Web,Premium,0.516,0.623
USR_00157,2618.1,44.8,19,0.942,58,0.75,0.044,0.052,0.154,SmartTV,Premium,0.454,1.0
USR_02979,337.4,11.9,7,0.361,28,0.218,0.137,0.645,0.0,Mobile,Basic,0.444,0.198
USR_01774,1278.2,34.0,11,0.923,37,0.0,0.612,0.186,0.202,SmartTV,Premium,0.731,0.513
USR_00616,2931.9,69.7,17,0.906,42,0.657,0.103,0.087,0.153,SmartTV,Basic,0.521,0.889
USR_00644,3107.6,43.6,18,0.739,71,0.887,0.024,0.089,0.0,SmartTV,Standard,0.347,0.906
USR_01936,909.3,37.3,8,0.555,24,0.0,0.742,0.141,0.117,SmartTV,Standard,0.623,0.266
USR_04278,1207.1,33.9,18,0.738,35,0.277,0.217,0.286,0.22,SmartTV,Standard,0.301,0.733
USR_01069,3360.9,51.0,20,0.859,65,0.722,0.031,0.074,0.173,Web,Premium,0.311,0.787
USR_04455,2765.3,89.7,19,0.937,30,0.29,0.09,0.13,0.49,Web,Basic,0.55,0.893
USR_04155,1593.6,37.7,22,0.661,42,0.381,0.276,0.246,0.097,SmartTV,Free,0.508,0.729
USR_04240,1393.6,46.9,20,0.609,29,0.256,0.261,0.243,0.24,SmartTV,Premium,0.364,0.75
USR_04869,3199.1,99.6,22,0.952,32,0.174,0.047,0.297,0.482,Console,Premium,0.698,0.865
USR_00331,3088.6,63.0,18,0.784,49,0.751,0.051,0.125,0.073,Mobile,Premium,0.377,0.891
USR_02058,956.8,34.0,9,0.638,28,0.081,0.743,0.159,0.017,Tablet,Premium,0.795,0.288
USR_02647,527.0,17.9,2,0.536,29,0.195,0.046,0.759,0.0,SmartTV,Basic,0.224,0.432
USR_02192,1265.7,48.8,10,0.546,25,0.149,0.569,0.093,0.189,SmartTV,Standard,0.586,0.585
USR_00623,3364.4,49.4,22,0.949,68,0.725,0.02,0.113,0.142,SmartTV,Standard,0.277,0.827
USR_01596,778.9,20.0,10,0.515,38,0.085,0.753,0.16,0.002,Mobile,Free,0.652,0.453
USR_02916,362.5,15.8,7,0.356,22,0.335,0.15,0.515,0.0,Mobile,Basic,0.33,0.478
USR_04822,4002.4,79.1,22,0.968,50,0.276,0.172,0.227,0.325,Mobile,Premium,0.543,0.946
USR_03899,2486.8,54.9,18,0.63,45,0.199,0.278,0.23,0.293,Tablet,Standard,0.385,0.513
USR_01920,1423.2,50.1,11,0.767,28,0.0,0.615,0.16,0.225,SmartTV,Free,0.501,0.312
USR_04174,1495.6,48.0,21,0.686,31,0.34,0.248,0.206,0.206,SmartTV,Standard,0.422,0.694
USR_04478,2942.1,92.4,15,0.953,31,0.168,0.088,0.119,0.625,Web,Standard,0.486,0.913
USR_00756,2690.1,56.0,23,0.821,48,0.845,0.063,0.014,0.078,SmartTV,Free,0.346,0.81
USR_00519,2532.1,58.0,20,0.887,43,0.854,0.07,0.076,0.0,SmartTV,Free,0.38,0.836
USR_03804,1666.7,40.2,9,0.786,41,0.273,0.178,0.252,0.297,Console,Standard,0.374,0.441
USR_00033,2028.5,51.1,23,0.846,39,0.706,0.07,0.112,0.112,SmartTV,Premium,0.379,0.812
USR_02938,298.6,28.0,2,0.237,10,0.144,0.188,0.46,0.208,Tablet,Basic,0.391,0.311
USR_01158,1910.6,29.1,26,0.953,65,0.741,0.045,0.096,0.118,SmartTV,Premium,0.424,0.86
USR_00745,1117.5,61.5,30,0.889,18,0.653,0.034,0.077,0.236,Tablet,Standard,0.339,0.919
USR_01498,1106.3,59.6,9,0.665,18,0.119,0.813,0.057,0.011,SmartTV,Basic,0.855,0.233
USR_03460,260.8,22.0,5,0.539,11,0.249,0.04,0.527,0.184,SmartTV,Free,0.414,0.335
USR_03756,1060.6,44.0,18,0.785,24,0.15,0.243,0.236,0.371,Web,Standard,0.437,0.508
USR_02592,346.0,15.8,6,0.256,21,0.159,0.1,0.403,0.338,Mobile,Standard,0.509,0.174
USR_00784,1919.5,37.3,26,0.848,51,0.745,0.015,0.119,0.121,SmartTV,Free,0.617,0.913
USR_03494,678.9,23.4,7,0.286,28,0.262,0.128,0.319,0.291,SmartTV,Standard,0.537,0.248
USR_02950,104.6,20.1,3,0.432,5,0.246,0.129,0.332,0.293,Mobile,Free,0.353,0.367
USR_00230,3003.2,64.7,17,0.929,46,0.918,0.015,0.054,0.013,Console,Basic,0.501,0.872
USR_00858,2249.2,34.1,19,0.869,66,0.77,0.001,0.158,0.071,SmartTV,Premium,0.412,0.853
USR_02267,212.7,24.3,6,0.366,8,0.383,0.02,0.597,0.0,Mobile,Free,0.337,0.418
USR_04275,1621.3,23.6,16,0.698,65,0.277,0.293,0.331,0.099,Mobile,Premium,0.379,0.499
USR_00409,2209.4,38.6,18,0.922,57,0.662,0.0,0.068,0.27,SmartTV,Standard,0.479,0.834
USR_00171,2124.7,54.6,20,0.838,38,0.653,0.057,0.025,0.265,SmartTV,Free,0.481,0.857
USR_00541,2838.2,58.6,18,0.994,48,0.788,0.019,0.143,0.05,Console,Premium,0.452,0.882
USR_02211,804.7,53.9,5,0.608,14,0.049,0.699,0.246,0.006,SmartTV,Standard,0.542,0.575
USR_02305,344.8,19.7,4,0.455,17,0.201,0.146,0.413,0.24,Mobile,Free,0.373,0.204
USR_02568,80.0,19.1,5,0.528,4,0.239,0.135,0.261,0.365,Mobile,Basic,0.25,0.412
USR_00614,2677.2,52.1,23,0.922,51,0.598,0.025,0.083,0.294,SmartTV,Standard,0.476,1.0
USR_02102,484.9,32.5,7,0.713,14,0.053,0.666,0.117,0.164,SmartTV,Basic,0.822,0.42
USR_01809,1257.0,63.8,6,0.539,19,0.058,0.673,0.167,0.102,Console,Standard,0.669,0.33
USR_03439,325.4,11.3,8,0.256,28,0.167,0.041,0.521,0.271,Mobile,Free,0.526,0.356
USR_01162,2785.2,64.8,26,0.804,42,0.844,0.0,0.096,0.06,Console,Premium,0.509,0.806
USR_04226,1850.1,30.5,23,0.816,60,0.295,0.232,0.245,0.228,SmartTV,Standard,0.349,0.714
USR_03120,461.2,7.7,4,0.463,35,0.173,0.174,0.415,0.238,Mobile,Free,0.288,0.405
USR_03653,1114.0,47.8,15,0.625,23,0.306,0.157,0.145,0.392,SmartTV,Basic,0.517,0.583
USR_01611,1137.8,52.1,7,0.7,21,0.148,0.716,0.087,0.049,SmartTV,Premium,0.518,0.482
USR_01933,1323.2,58.1,6,0.702,22,0.181,0.668,0.078,0.073,Console,Basic,0.567,0.394
USR_03028,464.6,14.6,5,0.509,31,0.194,0.133,0.546,0.127,Tablet,Free,0.311,0.19
USR_00565,2034.4,80.3,22,0.797,25,0.813,0.059,0.128,0.0,Mobile,Premium,0.518,0.877
USR_03572,1786.9,41.4,22,0.779,43,0.234,0.182,0.233,0.351,Console,Standard,0.259,0.622
USR_04248,1945.7,53.6,22,0.638,36,0.165,0.199,0.276,0.36,SmartTV,Premium,0.315,0.459
USR_02389,618.4,16.5,4,0.196,35,0.311,0.119,0.44,0.13,Tablet,Basic,0.384,0.323
USR_01472,372.7,37.0,7,0.665,10,0.08,0.632,0.127,0.161,SmartTV,Standard,0.504,0.457
USR_02631,571.2,20.1,5,0.238,28,0.279,0.133,0.439,0.149,Tablet,Basic,0.214,0.399
USR_01836,1001.9,49.8,8,0.748,20,0.037,0.831,0.132,0.0,SmartTV,Standard,0.571,0.418
USR_04929,2479.4,86.4,13,0.992,28,0.144,0.133,0.183,0.54,SmartTV,Premium,0.465,0.897
USR_03476,301.2,13.5,3,0.312,22,0.311,0.132,0.556,0.001,Mobile,Basic,0.433,0.294
USR_01534,1133.9,29.0,7,0.881,39,0.037,0.699,0.108,0.156,Console,Free,0.625,0.441
USR_04328,1529.1,32.2,19,0.73,47,0.318,0.256,0.234,0.192,Mobile,Premium,0.433,0.596
USR_02485,232.7,16.6,6,0.359,14,0.281,0.107,0.291,0.321,Mobile,Basic,0.416,0.168
USR_04208,724.9,44.3,13,0.698,16,0.266,0.324,0.256,0.154,Mobile,Standard,0.465,0.711
USR_01173,2733.2,63.0,23,0.868,43,0.828,0.022,0.058,0.092,Console,Premium,0.425,0.864
USR_01428,1210.4,44.9,7,0.684,26,0.091,0.5,0.147,0.262,SmartTV,Standard,0.457,0.508
USR_00326,2800.1,39.5,23,0.889,70,0.725,0.066,0.179,0.03,SmartTV,Standard,0.476,0.759
USR_01052,2473.5,39.3,22,0.914,62,0.762,0.075,0.05,0.113,SmartTV,Standard,0.343,0.869
USR_03320,307.2,8.9,5,0.454,34,0.221,0.171,0.355,0.253,Mobile,Free,0.229,0.402
USR_04722,2821.6,64.1,18,0.945,44,0.23,0.008,0.104,0.658,Web,Basic,0.572,0.908
USR_03865,1679.1,55.4,19,0.72,30,0.259,0.283,0.189,0.269,SmartTV,Free,0.47,0.913
USR_02604,510.9,7.1,6,0.451,35,0.244,0.115,0.642,-0.001,SmartTV,Free,0.371,0.449
USR_01739,749.2,73.6,13,0.641,10,0.085,0.701,0.206,0.008,Mobile,Standard,0.811,0.207
USR_01197,2345.2,51.0,22,0.794,46,0.865,0.051,0.084,0.0,Web,Premium,0.343,0.852
USR_00621,2578.8,46.0,20,0.796,56,0.763,0.104,0.133,0.0,Web,Standard,0.532,0.826
USR_01375,1187.3,41.5,11,0.783,28,0.105,0.735,0.159,0.001,SmartTV,Basic,0.799,0.567
USR_02880,619.6,13.4,7,0.512,35,0.134,0.069,0.638,0.159,Mobile,Free,0.239,0.291
USR_01190,2475.5,61.1,15,0.911,40,0.834,0.043,0.025,0.098,SmartTV,Standard,0.421,0.849
USR_00329,2195.5,52.4,21,0.875,41,0.785,0.018,0.064,0.133,SmartTV,Free,0.317,0.928
USR_00649,2410.1,75.3,22,0.862,31,0.724,0.096,0.059,0.121,Console,Standard,0.568,1.0
USR_00898,2171.5,58.3,28,0.887,37,0.844,0.08,0.076,0.0,Tablet,Standard,0.307,0.872
USR_03883,1847.9,60.0,22,0.759,30,0.281,0.19,0.27,0.259,Mobile,Basic,0.381,0.673
USR_01124,2596.8,52.2,26,0.856,49,0.783,0.077,0.049,0.091,SmartTV,Standard,0.47,0.981
USR_01892,709.6,32.1,2,0.872,22,0.108,0.708,0.1,0.084,Tablet,Premium,0.392,0.333
USR_04644,3351.4,85.1,15,0.933,39,0.113,0.141,0.133,0.613,SmartTV,Premium,0.531,0.915
USR_04792,2451.6,90.4,16,0.924,27,0.277,0.164,0.168,0.391,SmartTV,Premium,0.638,0.815
USR_04530,3911.2,45.0,8,0.993,60,0.232,0.12,0.135,0.513,SmartTV,Standard,0.403,0.907
USR_04235,1892.0,54.7,15,0.617,34,0.21,0.215,0.189,0.386,Web,Basic,0.385,0.571
USR_01594,1332.2,21.1,9,0.538,40,0.035,0.572,0.118,0.275,Mobile,Basic,0.831,0.452
USR_03313,450.5,9.2,8,0.369,35,0.289,0.119,0.553,0.039,SmartTV,Basic,0.266,0.248
USR_02548,217.6,11.3,5,0.75,19,0.199,0.113,0.588,0.1,Mobile,Basic,0.467,0.325
USR_01546,1265.4,34.7,11,0.782,36,0.018,0.724,0.149,0.109,SmartTV,Premium,0.645,0.513
USR_04337,1189.5,45.2,16,0.75,26,0.309,0.163,0.166,0.362,Tablet,Standard,0.316,0.756
USR_01024,2950.3,58.5,22,0.936,50,0.721,0.037,0.099,0.143,Tablet,Basic,0.369,0.891
USR_01972,1482.1,20.0,7,0.789,40,0.075,0.757,0.167,0.001,SmartTV,Free,0.85,0.559
USR_04989,3132.6,80.1,15,0.952,39,0.309,0.043,0.225,0.423,SmartTV,Basic,0.389,0.824
USR_01715,1057.2,45.1,9,0.668,23,0.079,0.73,0.192,-0.001,Tablet,Standard,0.612,0.362
USR_01718,1072.3,72.1,2,0.756,14,0.072,0.635,0.188,0.105,SmartTV,Standard,0.851,0.513
USR_01478,1309.9,51.4,10,0.683,25,0.029,0.648,0.14,0.183,Tablet,Basic,0.803,0.471
USR_00810,3266.8,56.0,26,0.854,58,0.752,0.007,0.063,0.178,Mobile,Premium,0.462,0.851
USR_02851,388.7,11.2,2,0.229,34,0.281,0.192,0.282,0.245,Mobile,Free,0.571,0.298
USR_00979,2051.3,48.6,29,0.871,42,0.798,0.057,0.059,0.086,SmartTV,Basic,0.55,0.808
USR_04688,3526.4,82.4,20,0.989,42,0.312,0.059,0.223,0.406,Tablet,Premium,0.67,0.894
USR_04896,4508.4,70.5,22,0.939,60,0.189,0.139,0.142,0.53,SmartTV,Basic,0.55,1.0
USR_01685,1177.2,37.9,8,0.687,31,0.013,0.742,0.245,0.0,Tablet,Basic,0.683,0.229
USR_04661,2474.2,89.9,20,0.992,27,0.187,0.03,0.194,0.589,SmartTV,Basic,0.62,0.866
USR_01515,1113.7,55.9,10,0.684,19,0.034,0.674,0.161,0.131,Mobile,Free,0.862,0.362
USR_02405,420.0,21.8,8,0.324,19,0.303,0.088,0.502,0.107,Tablet,Basic,0.298,0.13
USR_02022,922.7,43.7,8,0.903,21,0.015,0.726,0.031,0.228,SmartTV,Premium,0.637,0.457
USR_04554,2022.1,104.1,10,0.942,19,0.243,0.099,0.288,0.37,Mobile,Standard,0.413,0.905
USR_01768,1163.1,42.0,9,0.668,27,0.091,0.736,0.139,0.034,Mobile,Premium,0.95,0.34
USR_00175,2305.0,43.2,21,0.885,53,0.76,0.034,0.108,0.098,Mobile,Free,0.455,0.763
USR_01555,1288.5,46.7,13,0.486,27,0.101,0.64,0.026,0.233,Web,Free,0.66,0.245
USR_04216,1939.8,26.1,17,0.765,65,0.307,0.3,0.291,0.102,SmartTV,Premium,0.237,0.502
USR_01483,598.9,39.8,8,0.599,15,0.123,0.654,0.153,0.07,SmartTV,Standard,0.692,0.51
USR_04462,2785.0,75.1,14,0.95,37,0.113,0.021,0.123,0.743,Tablet,Premium,0.612,0.795
USR_00218,1911.4,63.2,17,0.92,30,0.822,0.0,0.066,0.112,Web,Basic,0.516,0.772
USR_03915,1879.7,47.9,19,0.825,39,0.327,0.256,0.317,0.1,SmartTV,Free,0.403,0.657
USR_03721,2239.7,32.8,20,0.698,65,0.361,0.247,0.172,0.22,SmartTV,Basic,0.388,0.416
USR_00691,2102.5,48.8,20,0.9,43,0.821,0.0,0.151,0.028,SmartTV,Standard,0.535,0.766
USR_02578,518.3,19.9,8,0.437,26,0.094,0.057,0.596,0.253,Mobile,Basic,0.308,0.318
USR_02234,1226.7,68.6,7,0.703,17,0.065,0.639,0.083,0.213,SmartTV,Standard,0.764,0.445
USR_02239,1226.3,40.6,10,0.802,30,0.108,0.595,0.142,0.155,SmartTV,Premium,0.66,0.36
USR_01107,1472.3,45.4,22,0.858,32,0.681,0.022,0.05,0.247,Tablet,Premium,0.397,1.0
USR_01790,1033.6,59.5,11,0.621,17,0.023,0.789,0.053,0.135,SmartTV,Standard,0.549,0.292
USR_03189,449.1,27.1,2,0.529,16,0.17,0.069,0.633,0.128,Mobile,Free,0.244,0.357
USR_02437,498.3,20.6,3,0.475,24,0.243,0.109,0.615,0.033,Web,Free,0.281,0.341
USR_00612,1948.1,46.6,22,0.857,41,0.666,0.053,0.13,0.151,SmartTV,Basic,0.323,0.915
USR_03661,1466.8,56.3,16,0.718,26,0.278,0.208,0.314,0.2,Mobile,Standard,0.306,0.559
USR_03712,1759.4,26.2,16,0.752,65,0.278,0.286,0.202,0.234,SmartTV,Standard,0.325,0.523
USR_00577,2518.9,54.5,24,0.886,46,0.765,0.025,0.104,0.106,SmartTV,Premium,0.479,0.759
USR_02064,1122.1,34.7,7,0.755,32,0.017,0.659,0.104,0.22,Tablet,Standard,0.774,0.483
USR_04436,2268.7,90.4,19,1.0,25,0.167,0.005,0.215,0.613,Mobile,Standard,0.649,0.856
USR_01181,2209.0,49.0,25,0.862,45,0.619,0.058,0.023,0.3,SmartTV,Premium,0.595,0.773
USR_00889,2399.0,42.2,16,0.82,56,0.715,0.075,0.06,0.15,Web,Standard,0.56,0.932
USR_03129,347.3,8.9,10,0.35,35,0.15,0.093,0.622,0.135,SmartTV,Standard,0.364,0.181
USR_01733,492.1,35.4,7,0.658,13,0.053,0.712,0.064,0.171,Tablet,Standard,0.716,0.141
USR_02664,486.5,9.0,7,0.512,35,0.186,0.123,0.312,0.379,Mobile,Basic,0.467,0.406
USR_00818,2832.4,39.1,20,0.971,72,0.883,0.016,0.042,0.059,SmartTV,Premium,0.522,0.759
USR_03278,542.4,33.7,9,0.33,16,0.43,0.155,0.415,0.0,Tablet,Free,0.582,0.17
USR_01860,1446.9,57.1,10,0.708,25,0.098,0.56,0.136,0.206,SmartTV,Free,0.592,0.454
USR_00209,1404.7,73.4,16,0.864,19,0.741,0.084,0.02,0.155,SmartTV,Premium,0.457,1.0
USR_00294,2660.9,74.8,26,0.836,35,0.813,0.008,0.129,0.05,SmartTV,Basic,0.456,0.7
USR_01120,2791.3,51.6,28,0.919,54,0.796,0.09,0.114,0.0,SmartTV,Standard,0.43,0.903
USR_02214,1139.8,55.3,8,0.596,20,0.056,0.801,0.05,0.093,SmartTV,Standard,0.791,0.386
USR_01610,987.7,51.6,4,0.839,19,0.144,0.594,0.16,0.102,Mobile,Standard,0.62,0.437
USR_01265,706.9,54.5,10,0.783,12,0.118,0.707,0.109,0.066,SmartTV,Free,0.605,0.239
USR_00991,1955.0,49.1,19,1.0,39,0.741,0.127,0.037,0.095,SmartTV,Standard,0.341,0.795
USR_04198,1583.2,50.0,14,0.941,31,0.248,0.259,0.349,0.144,Web,Basic,0.48,0.681
USR_01617,933.2,36.3,10,0.742,25,0.055,0.628,0.062,0.255,SmartTV,Standard,0.779,0.434
USR_00354,2027.3,64.5,21,0.853,31,0.766,0.045,0.033,0.156,SmartTV,Basic,0.363,0.892
USR_04558,2878.5,86.7,18,0.971,33,0.313,0.073,0.093,0.521,Web,Free,0.554,0.876
USR_02023,1078.1,56.2,8,0.744,19,0.084,0.63,0.03,0.256,SmartTV,Basic,0.625,0.404
USR_03691,1623.1,34.2,18,0.752,47,0.42,0.189,0.208,0.183,Mobile,Basic,0.425,0.531
USR_02556,530.6,18.7,4,0.326,28,0.313,0.167,0.518,0.002,Mobile,Basic,0.367,0.299
USR_03049,365.6,20.4,6,0.546,17,0.251,0.063,0.467,0.219,Mobile,Free,0.352,0.501
USR_01229,2615.6,44.8,23,0.894,58,0.763,0.093,0.089,0.055,SmartTV,Premium,0.439,0.942
USR_00260,2181.6,61.8,18,0.999,35,0.732,0.047,0.117,0.104,Web,Premium,0.544,0.918
USR_01520,620.9,66.0,7,0.51,9,0.056,0.758,0.108,0.078,SmartTV,Standard,0.682,0.509
USR_01778,1100.3,52.2,9,0.756,21,0.136,0.648,0.133,0.083,SmartTV,Standard,0.619,0.414
USR_04740,3291.0,66.4,13,0.991,49,0.33,0.003,0.148,0.519,Mobile,Premium,0.62,0.915
USR_01771,1254.7,43.1,3,0.688,29,0.029,0.648,0.122,0.201,Tablet,Basic,0.646,0.437
USR_04354,2098.0,42.8,16,0.742,48,0.289,0.175,0.242,0.294,Tablet,Premium,0.391,0.529
USR_00053,2852.8,48.1,25,0.812,59,0.828,0.118,0.0,0.054,Web,Premium,0.356,0.896
USR_03474,334.6,17.2,5,0.448,19,0.294,0.136,0.506,0.064,Tablet,Basic,0.433,0.426
USR_04684,3078.5,96.9,9,1.0,31,0.154,0.035,0.153,0.658,Tablet,Premium,0.485,0.941
USR_04412,2806.2,82.1,11,0.958,34,0.215,0.075,0.204,0.506,Tablet,Standard,0.508,0.881
USR_02410,444.4,8.5,2,0.344,35,0.241,0.084,0.456,0.219,Mobile,Basic,0.328,0.264
USR_02788,525.9,19.1,9,0.385,27,0.04,0.131,0.54,0.289,Mobile,Free,0.387,0.466
USR_02345,570.4,13.6,6,0.418,35,0.194,0.088,0.65,0.068,Tablet,Free,0.356,0.302
USR_01034,1632.7,48.5,19,0.876,33,0.811,0.003,0.128,0.058,SmartTV,Standard,0.356,0.849
USR_01098,2607.6,61.7,26,0.844,42,0.695,0.048,0.052,0.205,Console,Free,0.465,0.757
USR_00544,2314.3,62.0,27,0.842,37,0.789,0.074,0.05,0.087,Mobile,Standard,0.422,0.733
USR_01047,2398.1,65.3,27,0.845,36,0.705,0.136,0.159,0.0,Web,Premium,0.286,0.881
USR_01895,1459.1,42.2,11,0.628,34,0.11,0.716,0.174,0.0,SmartTV,Standard,0.719,0.585
USR_04377,2536.2,49.4,19,0.792,51,0.23,0.138,0.191,0.441,Console,Standard,0.498,0.538
USR_00031,2987.5,55.3,24,0.861,54,0.809,0.055,0.105,0.031,SmartTV,Standard,0.468,0.785
USR_00726,2022.2,46.9,24,0.934,43,0.838,0.019,0.076,0.067,SmartTV,Standard,0.42,0.847
USR_04962,2925.0,105.0,12,0.891,27,0.309,0.066,0.132,0.493,SmartTV,Basic,0.588,0.941
USR_04719,3685.1,104.6,13,0.987,35,0.226,0.161,0.265,0.348,SmartTV,Premium,0.624,0.972
USR_03904,1814.1,30.6,12,0.841,59,0.311,0.266,0.292,0.131,Tablet,Standard,0.385,0.646
USR_01427,857.9,41.3,4,0.738,20,0.114,0.751,0.135,0.0,SmartTV,Basic,0.603,0.216
USR_02498,150.6,20.1,8,0.385,7,0.167,0.134,0.52,0.179,Mobile,Free,0.47,0.0
USR_00437,2275.1,70.5,23,0.959,32,0.731,0.094,0.175,0.0,SmartTV,Free,0.525,0.763
USR_02471,587.1,24.7,6,0.448,23,0.14,0.039,0.479,0.342,Tablet,Basic,0.34,0.459
USR_00913,2369.3,38.1,21,0.97,62,0.725,0.05,0.015,0.21,SmartTV,Standard,0.45,0.871
USR_04223,1014.4,33.0,21,0.7,30,0.305,0.241,0.294,0.16,SmartTV,Free,0.342,0.344
USR_04353,1943.3,32.9,23,0.709,58,0.311,0.186,0.325,0.178,SmartTV,Standard,0.427,0.902
USR_04513,2838.7,78.9,12,0.923,35,0.081,0.062,0.097,0.76,SmartTV,Standard,0.56,0.895
USR_04444,4037.5,72.6,13,0.954,55,0.247,0.067,0.212,0.474,Web,Standard,0.54,0.89
USR_02288,565.7,16.5,7,0.496,34,0.176,0.03,0.633,0.161,Tablet,Free,0.216,0.341
USR_04598,3600.4,93.3,13,0.975,38,0.216,0.064,0.21,0.51,SmartTV,Free,0.468,0.912
USR_01239,2714.3,60.5,22,0.842,44,0.741,0.122,0.137,0.0,SmartTV,Standard,0.463,0.932
USR_00904,2189.5,39.5,20,0.9,55,0.728,0.091,0.072,0.109,Web,Premium,0.533,0.84
USR_03621,1267.9,37.5,18,0.737,33,0.319,0.259,0.292,0.13,Mobile,Standard,0.279,0.934
USR_03232,334.6,22.7,7,0.413,14,0.142,0.117,0.391,0.35,Mobile,Basic,0.347,0.416
USR_02860,80.0,26.2,4,0.482,3,0.294,0.03,0.505,0.171,Mobile,Standard,0.298,0.442
USR_00508,1409.4,62.4,23,0.89,22,0.828,0.036,0.136,0.0,Mobile,Standard,0.289,0.778
USR_03222,278.1,19.6,9,0.31,14,0.221,0.09,0.49,0.199,Tablet,Basic,0.609,0.369
USR_00184,2625.4,45.5,19,0.87,57,0.738,0.0,0.137,0.125,SmartTV,Premium,0.334,0.869
USR_01565,930.3,49.1,8,0.754,18,0.069,0.776,0.131,0.024,Console,Standard,0.862,0.43
USR_02705,501.7,20.6,4,0.218,24,0.109,0.263,0.555,0.073,Mobile,Premium,0.321,0.489
USR_00322,2366.0,61.1,27,1.0,38,0.744,0.08,0.128,0.048,SmartTV,Premium,0.436,0.842
USR_03564,1867.6,40.6,13,0.838,45,0.232,0.259,0.206,0.303,Tablet,Standard,0.463,0.457
USR_01539,915.4,20.0,6,0.774,40,0.158,0.637,0.168,0.037,Web,Standard,0.785,0.421
USR_01838,1170.1,63.4,12,0.589,18,0.0,0.786,0.125,0.089,Web,Free,0.543,0.411
USR_02381,264.1,18.2,8,0.284,14,0.238,0.085,0.597,0.08,Mobile,Standard,0.254,0.416
USR_01913,1174.5,58.4,8,0.764,20,0.115,0.796,0.088,0.001,SmartTV,Standard,0.57,0.373
USR_01841,943.3,50.4,8,0.686,18,0.11,0.73,0.02,0.14,SmartTV,Premium,0.505,0.651
USR_02116,951.4,75.2,8,0.59,12,0.0,0.726,0.124,0.15,Mobile,Standard,0.758,0.403
USR_04438,2698.7,108.9,23,0.972,24,0.235,0.091,0.208,0.466,SmartTV,Standard,0.589,0.884
USR_01147,2396.7,51.3,24,0.894,46,0.84,0.033,0.126,0.001,Console,Free,0.433,0.719
USR_02487,354.6,14.2,7,0.235,25,0.288,0.094,0.618,0.0,Mobile,Free,0.505,0.396
USR_00045,2161.4,45.5,21,0.818,47,0.73,0.012,0.198,0.06,Console,Premium,0.423,0.794
USR_02155,868.9,76.0,7,0.763,11,0.116,0.604,0.029,0.251,SmartTV,Premium,0.762,0.29
USR_01527,797.0,36.6,10,0.547,21,0.114,0.612,0.189,0.085,Mobile,Standard,0.682,0.58
USR_04856,3241.3,71.3,11,0.967,45,0.38,0.019,0.111,0.49,SmartTV,Free,0.573,0.976
USR_01379,823.1,29.2,3,0.825,28,0.032,0.687,0.219,0.062,SmartTV,Basic,0.519,0.599
USR_01766,940.8,20.0,8,0.658,40,0.0,0.552,0.199,0.249,SmartTV,Standard,0.607,0.311
USR_03013,509.9,10.1,8,0.548,35,0.166,0.193,0.347,0.294,Web,Free,0.482,0.516
USR_00414,1647.2,59.9,24,0.894,27,0.751,0.084,0.134,0.031,Web,Standard,0.445,0.784
USR_04285,2030.6,35.8,8,0.746,56,0.189,0.179,0.259,0.373,Tablet,Basic,0.428,0.84
USR_01408,1334.5,52.6,10,0.69,25,0.126,0.759,0.115,0.0,SmartTV,Standard,0.77,0.431
USR_01659,813.9,54.9,6,0.771,14,0.085,0.714,0.201,0.0,SmartTV,Free,0.712,0.605
USR_00802,1427.1,66.9,20,0.916,21,0.906,0.012,0.072,0.01,SmartTV,Basic,0.414,0.973
USR_01289,1404.2,66.9,10,0.768,20,0.108,0.786,0.106,0.0,SmartTV,Basic,0.544,0.428
USR_02183,1205.9,32.3,9,0.671,37,0.052,0.71,0.205,0.033,SmartTV,Standard,0.561,0.371
USR_02589,376.0,5.8,7,0.458,35,0.141,0.119,0.609,0.131,SmartTV,Basic,0.1,0.109
USR_02616,511.4,25.0,7,0.405,20,0.306,0.076,0.442,0.176,Mobile,Free,0.249,0.385
USR_02319,528.0,19.4,6,0.439,27,0.247,0.097,0.656,0.0,Mobile,Free,0.202,0.041
USR_00257,2679.9,70.9,23,0.945,37,0.818,0.086,0.096,0.0,Web,Standard,0.504,0.862
USR_04542,3184.3,93.1,20,0.93,34,0.18,0.093,0.248,0.479,Mobile,Standard,0.53,0.883
USR_01730,775.7,47.0,6,0.603,16,0.104,0.63,0.094,0.172,SmartTV,Premium,0.543,0.36
USR_01152,3121.3,67.9,25,0.861,45,0.682,0.0,0.087,0.231,SmartTV,Premium,0.514,0.76
USR_04145,1811.0,46.0,16,0.629,39,0.28,0.31,0.261,0.149,SmartTV,Standard,0.5,0.799
USR_00648,2145.7,84.3,23,0.886,25,0.796,0.156,0.049,-0.001,SmartTV,Standard,0.33,0.79
USR_02909,618.4,18.3,6,0.412,33,0.204,0.146,0.601,0.049,Web,Free,0.244,0.272
USR_01703,860.0,53.8,11,0.452,15,0.12,0.566,0.214,0.1,SmartTV,Standard,0.616,0.274
USR_01882,1092.3,28.2,9,0.648,38,0.084,0.531,0.126,0.259,SmartTV,Free,0.792,0.589
USR_03769,1708.3,59.6,17,0.815,28,0.371,0.225,0.273,0.131,SmartTV,Basic,0.492,0.606
USR_01316,834.5,46.6,7,0.731,17,0.107,0.83,0.062,0.001,SmartTV,Standard,0.682,0.292
USR_02270,314.4,16.4,9,0.429,19,0.299,0.221,0.479,0.001,Mobile,Free,0.427,0.204
USR_01967,888.5,46.4,11,0.69,19,0.056,0.748,0.196,0.0,Web,Basic,0.71,0.503
USR_02466,299.4,19.1,5,0.565,15,0.421,0.079,0.5,0.0,Mobile,Basic,0.308,0.41
USR_03856,1557.1,40.6,14,0.767,38,0.277,0.218,0.196,0.309,Mobile,Standard,0.458,0.536
USR_01351,1033.5,42.7,9,0.775,24,0.099,0.636,0.129,0.136,SmartTV,Premium,0.775,0.254
USR_03297,350.6,13.6,7,0.466,25,0.203,0.111,0.566,0.12,Tablet,Free,0.466,0.33
USR_00113,2741.5,58.4,22,0.876,46,0.712,0.049,0.015,0.224,Web,Standard,0.412,0.771
USR_03134,517.7,22.5,7,0.561,23,0.038,0.171,0.737,0.054,Mobile,Basic,0.275,0.19
USR_00264,1703.1,51.9,21,0.876,32,0.823,0.095,0.068,0.014,SmartTV,Basic,0.324,0.767
USR_01394,878.1,44.5,9,0.776,19,0.13,0.765,0.032,0.073,Tablet,Premium,0.646,0.696
USR_01879,718.9,44.7,10,0.741,16,0.035,0.796,0.068,0.101,Mobile,Premium,0.596,0.406
USR_01187,2799.8,53.9,22,0.849,51,0.695,0.038,0.061,0.206,Mobile,Premium,0.472,0.764
USR_03072,281.5,20.3,7,0.304,13,0.322,0.161,0.518,-0.001,Mobile,Basic,0.19,0.153
USR_00057,1734.6,68.7,23,0.855,25,0.763,0.138,0.099,0.0,SmartTV,Premium,0.44,0.813
USR_01310,1276.7,51.2,4,0.735,24,0.092,0.71,0.198,0.0,SmartTV,Premium,0.559,0.616
USR_00696,2456.9,70.7,25,0.898,34,0.759,0.012,0.197,0.032,SmartTV,Premium,0.359,0.903
USR_02953,352.1,21.5,12,0.343,16,0.293,0.131,0.361,0.215,Mobile,Basic,0.173,0.232
USR_01727,1147.8,54.4,2,0.821,21,0.029,0.669,0.13,0.172,Tablet,Premium,0.721,0.497
USR_02092,1105.5,43.7,2,0.594,25,0.023,0.788,0.125,0.064,Mobile,Standard,0.652,0.419
USR_03870,1161.0,56.3,19,0.77,20,0.285,0.223,0.335,0.157,Tablet,Standard,0.539,0.58
USR_00320,1862.1,34.8,17,0.863,53,0.693,0.08,0.064,0.163,Console,Standard,0.593,0.945
USR_04321,2362.5,43.8,17,0.782,53,0.388,0.218,0.272,0.122,Tablet,Standard,0.39,0.638
USR_00683,2406.3,61.8,19,0.973,38,0.68,0.0,0.155,0.165,SmartTV,Standard,0.238,0.834
USR_03842,1762.4,43.9,18,0.799,40,0.288,0.208,0.273,0.231,Web,Premium,0.397,0.616
USR_03214,532.9,20.1,11,0.235,26,0.058,0.104,0.633,0.205,Mobile,Basic,0.356,0.125
USR_02003,797.1,51.2,10,0.575,15,0.085,0.539,0.232,0.144,SmartTV,Standard,0.544,0.358
USR_04783,3380.8,89.9,12,0.939,37,0.189,0.093,0.219,0.499,Console,Premium,0.48,0.986
USR_04151,1409.5,33.1,11,0.675,42,0.184,0.217,0.192,0.407,SmartTV,Standard,0.466,0.45
USR_00287,2485.7,60.4,19,0.882,41,0.556,0.034,0.123,0.287,Web,Basic,0.341,0.855
USR_01889,1202.8,58.5,6,0.505,20,0.1,0.806,0.095,-0.001,SmartTV,Standard,0.6,0.357
USR_02338,430.5,15.7,5,0.192,27,0.259,0.033,0.533,0.175,Tablet,Premium,0.459,0.23
USR_02521,317.4,22.2,5,0.29,14,0.253,0.067,0.679,0.001,SmartTV,Free,0.409,0.258
USR_02278,282.1,19.6,6,0.73,14,0.126,0.179,0.65,0.045,Mobile,Basic,0.409,0.202
USR_02128,786.9,76.3,8,0.635,10,0.065,0.669,0.112,0.154,Console,Standard,0.435,0.408
USR_03500,381.8,10.6,4,0.414,35,0.329,0.05,0.545,0.076,Mobile,Basic,0.317,0.266
USR_04212,1569.6,32.4,17,0.865,48,0.208,0.219,0.275,0.298,Tablet,Basic,0.313,0.723
USR_02084,1225.1,22.5,4,0.661,40,0.098,0.584,0.132,0.186,SmartTV,Premium,0.795,0.428
USR_00737,2269.3,60.3,25,0.916,37,0.874,0.019,0.089,0.018,Mobile,Standard,0.345,0.819
USR_04802,2722.6,80.8,22,0.959,33,0.276,0.115,0.158,0.451,SmartTV,Premium,0.509,0.973
USR_00337,2556.0,85.1,14,0.878,30,0.838,0.065,0.094,0.003,Mobile,Standard,0.316,0.869
USR_02597,415.6,12.0,4,0.451,34,0.169,0.16,0.598,0.073,SmartTV,Free,0.351,0.026
USR_02772,573.7,20.8,8,0.454,27,0.069,0.056,0.566,0.309,Mobile,Basic,0.641,0.483
USR_03705,1685.8,39.6,19,0.725,42,0.248,0.176,0.121,0.455,SmartTV,Premium,0.466,0.453
USR_04405,3454.5,117.3,19,1.0,29,0.251,0.095,0.146,0.508,SmartTV,Standard,0.498,0.927
USR_01072,1891.1,44.8,16,0.871,42,0.702,0.096,0.12,0.082,Console,Premium,0.414,0.786
USR_02291,442.2,13.0,1,0.326,34,0.146,0.086,0.397,0.371,Web,Free,0.303,0.193
USR_01673,796.5,24.9,10,0.642,32,0.092,0.771,0.137,0.0,SmartTV,Premium,0.669,0.443
USR_04084,851.8,36.7,19,0.787,23,0.276,0.218,0.372,0.134,Tablet,Premium,0.429,0.383
USR_04251,1358.4,37.1,16,0.668,36,0.276,0.237,0.271,0.216,Web,Basic,0.327,0.577
USR_04114,2025.6,56.7,17,0.766,35,0.335,0.172,0.295,0.198,SmartTV,Premium,0.458,0.826
USR_04409,3563.3,104.4,10,0.93,34,0.206,0.146,0.184,0.464,SmartTV,Premium,0.732,0.951
USR_03367,380.1,23.9,1,0.367,15,0.27,0.102,0.535,0.093,Mobile,Free,0.105,0.172
USR_01489,687.6,41.7,8,0.587,16,0.153,0.494,0.096,0.257,SmartTV,Premium,0.629,0.1
USR_00499,1965.4,48.5,20,0.791,40,0.706,0.015,0.079,0.2,SmartTV,Premium,0.361,0.72
USR_04383,1945.5,48.1,22,0.785,40,0.242,0.21,0.177,0.371,Tablet,Standard,0.457,0.575
USR_03480,508.8,22.2,9,0.516,22,0.243,0.082,0.378,0.297,Tablet,Free,0.376,0.239
USR_02582,657.1,26.4,9,0.35,24,0.152,0.116,0.379,0.353,Mobile,Standard,0.379,0.177
USR_03124,304.7,20.4,10,0.221,14,0.293,0.108,0.5,0.099,Mobile,Premium,0.412,0.184
USR_02922,288.4,14.9,7,0.419,19,0.167,0.129,0.443,0.261,Tablet,Free,0.285,0.075
USR_04378,1021.4,42.4,20,0.832,24,0.314,0.212,0.223,0.251,Tablet,Standard,0.469,0.683
USR_02645,205.4,27.2,1,0.678,7,0.197,0.109,0.513,0.181,Mobile,Basic,0.396,0.3
USR_04287,1068.7,31.3,19,0.734,34,0.213,0.22,0.294,0.273,Mobile,Premium,0.27,0.86
USR_04041,763.6,61.5,11,0.817,12,0.186,0.291,0.236,0.287,Web,Standard,0.435,0.412
USR_02035,507.3,62.1,5,0.654,8,0.105,0.824,0.072,-0.001,SmartTV,Free,0.635,0.586
USR_01023,2283.6,49.0,22,0.906,46,0.857,0.049,0.005,0.089,Web,Basic,0.381,0.853
USR_02283,471.7,16.8,6,0.418,28,0.347,0.134,0.519,0.0,Mobile,Free,0.321,0.426
USR_04887,3279.2,69.3,12,0.975,47,0.233,0.082,0.077,0.608,SmartTV,Premium,0.498,1.0
USR_04220,1565.1,57.3,19,0.595,27,0.242,0.221,0.178,0.359,Tablet,Standard,0.403,0.706
USR_03064,285.5,25.6,7,0.613,11,0.285,0.166,0.507,0.042,Mobile,Free,0.7,0.317
USR_04366,1732.7,50.0,16,0.73,34,0.209,0.17,0.234,0.387,Tablet,Standard,0.458,0.662
USR_00666,2160.7,74.3,26,0.786,29,0.696,0.0,0.061,0.243,Web,Premium,0.481,0.817
USR_03933,1970.0,32.5,16,0.744,60,0.369,0.193,0.23,0.208,Web,Premium,0.279,0.532
USR_02639,540.4,18.7,6,0.31,28,0.253,0.17,0.534,0.043,Web,Basic,0.288,0.235
USR_03177,330.7,14.3,3,0.298,23,0.19,0.082,0.402,0.326,SmartTV,Basic,0.442,0.485
USR_04266,1947.0,46.6,16,0.709,41,0.191,0.31,0.263,0.236,Mobile,Standard,0.416,0.674
USR_03122,702.9,23.7,1,0.586,29,0.369,0.185,0.289,0.157,Mobile,Basic,0.442,0.547
USR_01018,1949.9,66.7,22,0.83,29,0.745,0.127,0.096,0.032,SmartTV,Free,0.405,0.775
USR_00558,3152.5,27.8,20,0.866,90,0.844,0.004,0.024,0.128,Tablet,Standard,0.456,0.931
USR_02400,412.2,14.7,6,0.264,27,0.142,0.129,0.466,0.263,Web,Standard,0.225,0.373
USR_01208,2823.2,69.3,20,0.898,40,0.779,0.139,0.06,0.022,Console,Premium,0.432,0.816
USR_02006,1069.6,65.3,8,0.543,16,0.054,0.795,0.151,0.0,Mobile,Standard,0.692,0.354
USR_02657,164.3,8.5,5,0.48,19,0.204,0.146,0.343,0.307,Mobile,Basic,0.165,0.638
USR_02136,1048.7,59.0,6,0.63,17,0.077,0.785,0.139,-0.001,SmartTV,Free,0.733,0.384
USR_01511,1079.3,56.8,6,0.772,18,0.126,0.653,0.055,0.166,Tablet,Standard,0.738,0.231
USR_01737,1098.2,37.5,10,0.935,29,0.04,0.602,0.151,0.207,Web,Standard,0.768,0.409
USR_00246,2848.6,58.4,29,0.902,48,0.788,0.056,0.156,0.0,Mobile,Basic,0.508,0.8
USR_01164,1865.2,52.4,23,0.896,35,0.672,0.142,0.076,0.11,Console,Standard,0.472,0.912
USR_03363,495.7,23.6,1,0.268,21,0.214,0.058,0.398,0.33,Mobile,Free,0.383,0.163
USR_00267,2811.9,48.4,21,0.842,58,0.797,0.04,0.163,0.0,SmartTV,Standard,0.485,0.889
USR_02367,369.8,13.1,5,0.302,28,0.262,0.084,0.488,0.166,Mobile,Premium,0.466,0.394
USR_01115,2586.2,57.9,22,0.929,44,0.624,0.063,0.096,0.217,SmartTV,Standard,0.478,0.835
USR_00064,1902.1,85.9,22,0.881,22,0.778,0.068,0.093,0.061,SmartTV,Standard,0.374,0.806
USR_02593,424.6,26.9,1,0.396,15,0.153,0.003,0.444,0.4,SmartTV,Free,0.352,0.191
USR_02789,281.6,10.8,5,0.504,26,0.244,0.079,0.504,0.173,Mobile,Free,0.462,0.402
USR_02758,671.3,21.9,5,0.447,30,0.319,0.108,0.573,0.0,Mobile,Free,0.111,0.469
USR_03012,375.9,9.2,6,0.239,35,0.283,0.168,0.423,0.126,Mobile,Basic,0.367,0.32
USR_03077,285.1,19.1,11,0.591,14,0.285,0.116,0.466,0.133,Mobile,Free,0.441,0.304
USR_02999,80.2,24.7,1,0.457,3,0.383,0.11,0.507,0.0,Mobile,Free,0.313,0.4
USR_02816,421.8,9.2,5,0.418,35,0.211,0.017,0.372,0.4,Mobile,Premium,0.26,0.381
USR_02260,473.7,16.1,7,0.468,29,0.14,0.064,0.517,0.279,Tablet,Basic,0.429,0.579
USR_04959,3277.5,104.8,12,0.973,31,0.208,0.111,0.231,0.45,Tablet,Premium,0.718,0.899
USR_03205,293.2,14.3,3,0.491,20,0.164,0.096,0.522,0.218,Tablet,Basic,0.547,0.399
USR_01238,2917.6,55.8,28,1.0,52,0.828,0.02,0.073,0.079,SmartTV,Premium,0.443,0.887
USR_00104,2177.8,73.0,25,0.859,29,0.749,0.047,0.204,0.0,Mobile,Premium,0.451,0.884
USR_02644,410.3,22.9,6,0.565,17,0.203,0.061,0.519,0.217,Mobile,Basic,0.363,0.288
USR_00273,2386.0,44.1,18,0.84,54,0.806,0.053,0.0,0.141,Mobile,Standard,0.25,0.801
USR_00509,2379.2,56.4,22,0.824,42,0.763,0.0,0.168,0.069,SmartTV,Standard,0.396,0.811
USR_02227,1168.2,41.9,4,0.634,27,0.091,0.708,0.201,0.0,SmartTV,Basic,0.571,0.367
USR_04934,3353.3,81.8,19,0.966,40,0.193,0.039,0.156,0.612,Tablet,Standard,0.538,0.93
USR_02442,235.2,9.7,7,0.559,24,0.189,0.107,0.395,0.309,Tablet,Standard,0.351,0.414
USR_00866,2872.6,55.0,21,0.895,52,0.745,0.043,0.015,0.197,Web,Basic,0.4,0.812
USR_03327,301.8,17.8,2,0.468,16,0.281,0.148,0.571,0.0,Mobile,Basic,0.119,0.231
USR_00909,2963.6,68.6,22,0.853,43,0.692,0.058,0.128,0.122,SmartTV,Premium,0.394,0.674
USR_02115,999.0,76.4,9,0.522,13,0.049,0.703,0.088,0.16,SmartTV,Standard,0.642,0.256
USR_03897,2032.0,33.2,19,0.668,61,0.27,0.197,0.215,0.318,SmartTV,Basic,0.414,0.504
USR_01628,904.2,77.4,8,0.588,11,0.121,0.602,0.074,0.203,SmartTV,Standard,0.6,0.619
USR_02874,585.0,12.6,6,0.36,35,0.202,0.044,0.544,0.21,SmartTV,Free,0.378,0.464
USR_01523,897.4,34.5,8,0.798,26,0.038,0.82,0.142,0.0,Web,Standard,0.704,0.216
USR_00836,2429.6,60.8,23,0.903,39,0.867,0.068,0.065,0.0,Tablet,Basic,0.491,0.741
USR_00359,2332.4,51.1,17,0.81,45,0.822,0.038,0.116,0.024,SmartTV,Premium,0.349,0.864
USR_00139,2579.9,47.2,19,0.915,54,0.835,0.057,0.108,0.0,SmartTV,Standard,0.556,0.869
USR_00300,2605.2,41.1,14,0.857,63,0.794,0.056,0.079,0.071,Tablet,Standard,0.344,0.899
USR_01557,1069.5,68.7,6,0.749,15,0.004,0.738,0.18,0.078,SmartTV,Standard,0.535,0.396
USR_01004,2625.1,61.0,25,0.897,43,0.812,0.108,0.067,0.013,SmartTV,Premium,0.352,0.755
USR_00383,3119.3,64.6,25,0.795,48,0.676,0.0,0.06,0.264,SmartTV,Standard,0.497,0.891
USR_00942,3210.7,52.7,14,0.739,60,0.725,0.052,0.165,0.058,Console,Premium,0.489,0.868
USR_04447,3058.2,74.1,14,0.996,41,0.229,0.097,0.122,0.552,SmartTV,Premium,0.754,0.936
USR_04855,2760.9,86.6,16,0.996,31,0.169,0.08,0.12,0.631,Web,Standard,0.561,0.911
USR_00762,3293.4,54.0,31,0.868,60,0.764,0.002,0.147,0.087,SmartTV,Standard,0.496,0.913
USR_01706,1233.2,38.0,8,0.784,32,0.131,0.677,0.159,0.033,Tablet,Basic,0.549,0.538
USR_01874,1236.3,61.4,8,0.551,20,0.051,0.576,0.127,0.246,Mobile,Premium,0.773,0.42
USR_02551,617.5,19.2,4,0.713,32,0.211,0.135,0.539,0.115,Mobile,Basic,0.334,0.367
USR_02087,615.1,46.3,3,0.856,13,0.094,0.691,0.215,0.0,SmartTV,Premium,0.695,0.446
USR_02198,1685.7,43.0,3,0.693,39,0.057,0.748,0.196,-0.001,SmartTV,Standard,0.767,0.35
USR_00899,2327.1,69.3,20,0.896,33,0.799,0.058,0.078,0.065,Tablet,Premium,0.451,0.776
USR_04000,1228.7,33.7,15,0.729,36,0.291,0.165,0.229,0.315,SmartTV,Standard,0.311,0.526
USR_03616,1816.4,31.5,19,0.695,57,0.269,0.254,0.274,0.203,Tablet,Basic,0.318,0.644
USR_01403,1392.0,61.5,3,0.596,22,0.092,0.752,0.051,0.105,SmartTV,Premium,0.796,0.519
USR_03874,1889.8,45.0,21,0.761,41,0.34,0.222,0.198,0.24,SmartTV,Standard,0.392,0.788
USR_03786,2031.7,32.7,18,0.89,62,0.26,0.273,0.243,0.224,SmartTV,Standard,0.562,0.453
USR_04387,1585.7,33.4,24,0.751,47,0.274,0.224,0.188,0.314,Tablet,Free,0.396,0.741
USR_02956,449.8,14.3,2,0.415,31,0.225,0.202,0.434,0.139,Mobile,Free,0.478,0.128
USR_01513,1147.1,48.6,3,0.805,23,0.0,0.678,0.212,0.11,SmartTV,Standard,0.644,0.337
USR_01189,1895.9,46.2,18,0.837,41,0.751,0.049,0.067,0.133,Web,Standard,0.359,0.832
USR_02990,406.4,15.9,1,0.503,25,0.163,0.129,0.485,0.223,Tablet,Basic,0.297,0.282
USR_02081,1201.4,59.7,7,0.627,20,0.051,0.689,0.056,0.204,SmartTV,Premium,0.584,0.523
USR_04984,4485.7,80.8,10,0.949,55,0.144,0.083,0.162,0.611,SmartTV,Free,0.481,0.867
USR_03438,470.2,16.6,5,0.524,28,0.201,0.005,0.591,0.203,Mobile,Basic,0.505,0.05
USR_00109,2371.1,58.9,23,0.905,40,0.848,0.072,0.08,0.0,Web,Premium,0.497,0.945
USR_04699,3718.0,63.0,6,1.0,59,0.271,0.053,0.129,0.547,SmartTV,Standard,0.613,0.944
USR_02828,386.2,25.9,5,0.226,14,0.169,0.025,0.495,0.311,Mobile,Free,0.431,0.202
USR_04748,2763.8,76.6,10,0.946,36,0.201,0.02,0.208,0.571,SmartTV,Premium,0.551,0.932
USR_00059,2740.6,43.9,25,0.961,62,0.806,0.133,0.06,0.001,Mobile,Premium,0.32,0.708
USR_00077,2368.4,35.1,23,0.892,67,0.804,0.009,0.046,0.141,Console,Premium,0.504,0.847
USR_00797,2334.1,67.1,17,0.896,34,0.728,0.072,0.097,0.103,SmartTV,Premium,0.427,0.806
USR_00369,1570.3,44.3,21,0.912,35,0.582,0.054,0.107,0.257,SmartTV,Standard,0.488,0.905
USR_04906,3837.5,75.8,22,0.969,50,0.151,0.124,0.187,0.538,Tablet,Standard,0.639,0.999
USR_00786,1939.3,53.9,30,0.928,35,0.798,0.078,0.124,0.0,Console,Standard,0.578,0.88
USR_02089,1263.1,51.6,11,0.66,24,0.115,0.544,0.11,0.231,Tablet,Basic,0.553,0.375
USR_02315,309.5,23.1,2,0.399,13,0.274,0.153,0.573,0.0,Tablet,Premium,0.279,0.418
USR_03385,482.9,18.3,7,0.473,26,0.206,0.113,0.575,0.106,Mobile,Free,0.644,0.152
USR_03606,1760.2,23.5,13,0.664,65,0.202,0.224,0.262,0.312,Mobile,Free,0.304,0.665
USR_04112,2147.5,40.5,12,0.715,52,0.259,0.311,0.33,0.1,SmartTV,Standard,0.408,0.795
USR_01903,843.7,59.7,11,0.644,14,0.068,0.704,0.156,0.072,SmartTV,Standard,0.622,0.1
USR_01704,1123.8,30.5,7,0.548,36,0.027,0.732,0.082,0.159,Tablet,Basic,0.723,0.599
USR_00122,1763.8,46.2,26,0.945,38,0.835,0.016,0.084,0.065,Mobile,Premium,0.517,0.861
USR_01845,1181.6,61.3,11,0.739,19,0.029,0.706,0.041,0.224,SmartTV,Premium,0.722,0.4
USR_02370,278.1,17.2,5,0.456,16,0.221,0.117,0.463,0.199,Mobile,Standard,0.161,0.132
USR_03729,2141.9,51.7,19,0.733,41,0.19,0.198,0.239,0.373,Tablet,Standard,0.373,0.466
USR_00911,2197.3,59.9,26,0.81,36,0.851,0.033,0.115,0.001,SmartTV,Standard,0.379,0.865
USR_00125,2099.4,66.9,21,0.835,31,0.828,0.024,0.101,0.047,SmartTV,Premium,0.419,0.937
USR_02573,388.9,15.7,3,0.226,24,0.332,0.09,0.506,0.072,Mobile,Standard,0.334,0.464
USR_01587,959.1,54.4,4,0.679,17,0.119,0.767,0.113,0.001,SmartTV,Basic,0.684,0.685
USR_01258,588.2,36.4,8,0.633,16,0.084,0.732,0.083,0.101,SmartTV,Premium,0.64,0.429
USR_03442,270.8,17.5,6,0.378,15,0.089,0.049,0.57,0.292,SmartTV,Basic,0.283,0.384
USR_03481,625.3,10.6,5,0.368,35,0.257,0.0,0.376,0.367,SmartTV,Basic,0.336,0.418
USR_04109,819.7,56.5,18,0.698,14,0.192,0.19,0.242,0.376,Web,Premium,0.418,0.823
USR_01179,1675.5,58.9,18,0.865,28,0.808,0.051,0.112,0.029,SmartTV,Standard,0.474,0.874
USR_03464,485.2,14.4,9,0.542,33,0.25,0.157,0.358,0.235,Mobile,Basic,0.526,0.285
USR_03470,429.3,16.1,5,0.439,26,0.248,0.193,0.483,0.076,Tablet,Basic,0.415,0.571
USR_03468,556.3,14.0,9,0.575,35,0.25,0.103,0.385,0.262,Mobile,Free,0.377,0.553
USR_02104,1099.4,60.3,7,0.635,18,0.014,0.768,0.218,0.0,SmartTV,Standard,0.937,0.466
USR_00443,2510.7,45.4,27,0.863,55,0.729,0.041,0.136,0.094,Mobile,Basic,0.407,0.799
USR_02228,655.6,53.1,9,0.576,12,0.04,0.551,0.155,0.254,SmartTV,Premium,0.607,0.62
USR_04417,2043.5,75.6,17,0.953,27,0.102,0.154,0.13,0.614,SmartTV,Premium,0.416,0.918
USR_00926,3114.3,59.8,22,0.93,52,0.806,0.041,0.152,0.001,Mobile,Standard,0.331,0.876
USR_04021,1641.6,57.6,23,0.841,28,0.33,0.236,0.308,0.126,SmartTV,Premium,0.219,0.769
USR_02146,712.8,51.8,4,0.691,13,0.0,0.804,0.156,0.04,SmartTV,Basic,0.545,0.614
USR_04771,3408.3,105.0,14,0.95,32,0.088,0.042,0.123,0.747,SmartTV,Premium,0.601,1.0
USR_01412,743.7,43.0,3,0.95,17,0.073,0.824,0.066,0.037,SmartTV,Standard,0.78,0.643
USR_03467,204.3,22.2,4,0.418,9,0.165,0.052,0.678,0.105,Tablet,Basic,0.448,0.397
USR_02073,1329.2,57.2,8,0.607,23,0.068,0.765,0.166,0.001,Tablet,Standard,0.7,0.531
USR_01510,1341.4,55.7,7,0.808,24,0.102,0.627,0.252,0.019,Tablet,Standard,0.706,0.422
USR_01228,1848.9,47.6,25,0.942,38,0.666,0.104,0.152,0.078,SmartTV,Standard,0.345,0.978
USR_04073,2038.6,45.4,9,0.819,44,0.2,0.219,0.228,0.353,Web,Standard,0.342,0.656
USR_02586,500.1,9.7,3,0.352,35,0.175,0.138,0.413,0.274,Mobile,Premium,0.485,0.457
USR_04451,3445.6,94.2,10,0.917,36,0.267,0.156,0.231,0.346,Console,Basic,0.529,0.877
USR_02952,608.5,11.8,9,0.502,35,0.219,0.076,0.456,0.249,Mobile,Standard,0.569,0.327
USR_03886,1795.6,40.7,22,0.586,44,0.31,0.246,0.285,0.159,Mobile,Standard,0.354,0.696
USR_00325,2513.7,71.6,23,0.946,35,0.774,0.107,0.119,0.0,SmartTV,Premium,0.412,1.0
USR_03978,1404.1,38.0,13,0.726,36,0.33,0.155,0.259,0.256,Web,Premium,0.413,0.614
USR_03577,1497.4,43.3,17,0.695,34,0.185,0.126,0.268,0.421,Mobile,Basic,0.38,0.606
USR_02212,1134.4,68.0,10,0.536,16,0.021,0.756,0.038,0.185,SmartTV,Premium,0.742,0.164
USR_03299,439.5,17.9,5,0.553,24,0.151,0.11,0.639,0.1,Mobile,Free,0.253,0.186
USR_03036,514.1,17.7,1,0.422,28,0.137,0.023,0.456,0.384,Console,Free,0.399,0.361
USR_01499,1431.2,43.7,7,0.838,32,0.065,0.602,0.115,0.218,SmartTV,Premium,0.817,0.429
USR_01503,840.1,50.8,10,0.545,16,0.066,0.708,0.109,0.117,Tablet,Standard,0.77,0.334
USR_01007,2939.2,51.6,27,0.837,56,0.747,0.114,0.139,0.0,SmartTV,Standard,0.428,0.823
USR_04180,1355.8,43.1,20,0.734,31,0.271,0.204,0.225,0.3,Web,Basic,0.413,0.431
USR_03014,471.9,14.4,13,0.35,32,0.297,0.069,0.634,0.0,SmartTV,Basic,0.591,0.358
USR_03517,1805.4,51.0,18,0.654,35,0.367,0.182,0.201,0.25,Web,Standard,0.379,0.604
USR_01468,1041.8,46.8,10,0.863,22,0.145,0.613,0.136,0.106,Tablet,Standard,0.708,0.389
USR_01226,2118.7,68.6,16,0.938,30,0.836,0.0,0.164,0.0,Web,Standard,0.427,0.881
USR_03168,280.6,20.4,5,0.408,13,0.334,0.156,0.509,0.001,Tablet,Premium,0.414,0.196
USR_02268,436.3,20.0,1,0.653,21,0.245,0.16,0.392,0.203,Mobile,Premium,0.433,0.463
USR_03809,1740.5,29.0,14,0.733,59,0.216,0.156,0.214,0.414,SmartTV,Premium,0.503,0.837
USR_01217,1943.3,47.8,23,0.901,40,0.704,0.013,0.114,0.169,SmartTV,Premium,0.405,1.0
USR_03977,1864.8,39.8,21,0.848,46,0.202,0.276,0.362,0.16,SmartTV,Free,0.447,0.768
USR_04585,2347.9,85.7,16,0.973,27,0.189,0.039,0.163,0.609,SmartTV,Standard,0.641,0.869
USR_00421,2557.7,44.9,22,0.851,57,0.62,0.0,0.111,0.269,SmartTV,Premium,0.375,0.806
USR_03423,240.4,18.2,3,0.341,13,0.113,0.187,0.445,0.255,Console,Basic,0.275,0.53
USR_00007,1902.1,40.6,25,0.961,46,0.774,0.1,0.118,0.008,Web,Standard,0.368,0.879
USR_00933,2027.3,63.2,19,0.871,32,0.842,0.034,0.072,0.052,SmartTV,Premium,0.467,0.781
USR_01692,1020.0,58.2,7,0.702,17,0.06,0.662,0.22,0.058,SmartTV,Basic,0.476,0.525
USR_00440,2747.3,47.0,19,0.946,58,0.818,0.0,0.073,0.109,SmartTV,Standard,0.451,0.917
USR_01314,1118.4,35.0,8,0.841,31,0.07,0.733,0.125,0.072,SmartTV,Premium,0.449,0.422
USR_00679,2182.4,52.0,21,0.916,41,0.795,0.065,0.14,0.0,SmartTV,Premium,0.343,0.817
USR_01944,881.0,35.6,8,0.824,24,0.074,0.627,0.045,0.254,SmartTV,Standard,0.603,0.371
USR_04611,2785.0,71.4,16,0.954,38,0.262,0.018,0.169,0.551,Mobile,Premium,0.324,0.868
USR_03304,653.4,8.7,8,0.373,35,0.149,0.144,0.692,0.015,Mobile,Free,0.391,0.261
USR_02269,286.0,16.7,4,0.489,17,0.152,0.154,0.428,0.266,Tablet,Standard,0.319,0.392
USR_04634,2523.0,57.5,20,1.0,43,0.321,0.092,0.257,0.33,SmartTV,Basic,0.586,0.854
USR_04081,1873.9,41.8,14,0.95,44,0.262,0.237,0.272,0.229,Tablet,Basic,0.352,0.599
USR_02519,404.8,17.2,7,0.515,23,0.224,0.186,0.59,0.0,Tablet,Free,0.135,0.089
USR_02440,453.2,10.9,8,0.35,35,0.0,0.268,0.457,0.275,Mobile,Free,0.281,0.551
USR_04038,1024.3,45.6,16,0.76,22,0.352,0.148,0.316,0.184,Mobile,Free,0.356,0.735
USR_01894,1114.8,58.0,8,0.786,19,0.106,0.645,0.145,0.104,SmartTV,Basic,0.693,0.31
USR_04245,2234.0,33.2,15,0.748,65,0.336,0.254,0.248,0.162,SmartTV,Basic,0.426,0.779
USR_04830,3455.4,103.2,17,0.882,33,0.175,0.12,0.147,0.558,Tablet,Free,0.662,1.0
USR_02641,441.5,13.8,2,0.317,31,0.176,0.195,0.457,0.172,Mobile,Free,0.197,0.32
USR_00195,2614.4,61.1,26,1.0,42,0.815,0.04,0.099,0.046,Tablet,Basic,0.278,0.794
USR_01475,969.5,51.8,8,0.613,18,0.078,0.747,0.147,0.028,Tablet,Premium,0.532,0.259
USR_04617,3872.4,87.9,19,0.997,44,0.322,0.046,0.161,0.471,Tablet,Premium,0.597,0.93
USR_01212,1786.3,50.6,25,0.892,35,0.597,0.021,0.149,0.233,SmartTV,Premium,0.456,0.99
USR_02439,713.5,19.1,8,0.454,35,0.201,0.119,0.68,0.0,Mobile,Free,0.481,0.593
USR_01658,819.5,43.1,10,0.567,19,0.088,0.568,0.079,0.265,Tablet,Premium,0.718,0.301
USR_02701,255.7,15.0,6,0.243,17,0.186,0.125,0.651,0.038,Web,Free,0.312,0.113
USR_03083,183.5,22.0,6,0.327,8,0.22,0.031,0.749,0.0,SmartTV,Basic,0.507,0.393
USR_02706,307.6,20.8,5,0.304,14,0.154,0.073,0.52,0.253,Mobile,Standard,0.163,0.113
USR_04227,1347.7,43.5,18,0.771,30,0.336,0.24,0.285,0.139,SmartTV,Premium,0.225,0.705
USR_02843,467.9,23.4,6,0.494,19,0.246,0.131,0.623,0.0,Mobile,Free,0.369,0.643
USR_02303,565.5,23.7,2,0.507,23,0.272,0.053,0.579,0.096,Mobile,Standard,0.224,0.0
USR_01131,2125.0,45.0,20,1.0,47,0.744,0.096,0.081,0.079,Web,Premium,0.441,0.913
USR_01462,978.2,46.8,12,0.691,20,0.159,0.726,0.114,0.001,Tablet,Basic,0.834,0.472
USR_00277,2444.1,70.6,19,0.925,34,0.762,0.057,0.105,0.076,Tablet,Premium,0.44,0.841
USR_02223,990.0,58.6,6,0.831,16,0.071,0.733,0.196,0.0,SmartTV,Premium,0.792,0.463
USR_02332,477.2,20.6,7,0.494,23,0.189,0.042,0.625,0.144,Mobile,Free,0.489,0.338
USR_04323,1182.0,60.5,12,0.708,19,0.327,0.186,0.201,0.286,SmartTV,Standard,0.395,0.937
USR_01303,899.3,47.2,6,0.69,19,0.078,0.636,0.241,0.045,SmartTV,Standard,0.531,0.506
USR_02518,264.0,24.7,5,0.424,10,0.295,0.061,0.545,0.099,Tablet,Standard,0.401,0.218
USR_00223,2267.7,54.1,15,0.859,41,0.805,0.078,0.117,0.0,Web,Premium,0.424,0.851
USR_02037,994.8,37.3,11,0.703,26,0.128,0.613,0.202,0.057,Console,Standard,0.787,0.455
USR_01925,1098.6,30.8,7,0.811,35,0.02,0.868,0.076,0.036,Tablet,Basic,0.765,0.375
USR_00574,3075.1,86.7,24,0.883,35,0.761,0.041,0.198,0.0,Web,Standard,0.434,0.828
USR_01237,1995.9,54.8,20,0.815,36,0.766,0.077,0.126,0.031,SmartTV,Premium,0.594,0.887
USR_03545,1687.1,43.7,22,0.644,38,0.261,0.237,0.171,0.331,Tablet,Premium,0.524,0.681
USR_02134,823.5,26.1,11,0.559,31,0.177,0.588,0.235,0.0,Tablet,Premium,0.543,0.543
USR_01335,577.2,42.4,7,0.611,13,0.108,0.765,0.127,0.0,SmartTV,Premium,0.703,0.161
USR_02458,373.6,28.9,7,0.484,12,0.134,0.097,0.439,0.33,Mobile,Standard,0.222,0.4
USR_00419,2343.7,65.2,21,0.857,35,0.829,0.095,0.067,0.009,Console,Premium,0.415,0.765
USR_04915,3629.3,90.0,18,0.975,40,0.326,0.074,0.106,0.494,SmartTV,Premium,0.529,0.837
USR_01105,1444.2,46.7,27,0.946,30,0.827,0.042,0.056,0.075,Console,Premium,0.373,0.974
USR_00258,2410.8,45.2,28,0.91,53,0.654,0.075,0.0,0.271,Mobile,Basic,0.47,0.921
USR_00296,2124.5,60.9,20,0.872,34,0.836,0.0,0.164,0.0,SmartTV,Premium,0.426,0.817
USR_02362,362.2,24.2,6,0.554,14,0.265,0.137,0.568,0.03,SmartTV,Free,0.381,0.344
USR_00387,2657.4,46.5,15,0.871,57,0.74,0.065,0.082,0.113,SmartTV,Premium,0.259,0.819
USR_03309,467.5,12.5,2,0.48,35,0.19,0.106,0.329,0.375,Mobile,Free,0.466,0.379
USR_04014,902.3,44.6,23,0.694,20,0.233,0.309,0.281,0.177,Web,Standard,0.614,0.669
USR_02232,764.9,48.3,7,0.629,15,0.066,0.648,0.164,0.122,SmartTV,Premium,0.886,0.315
USR_02555,376.3,28.3,5,0.295,13,0.26,0.08,0.513,0.147,SmartTV,Basic,0.198,0.145
USR_04336,1721.8,36.0,13,0.701,47,0.313,0.188,0.356,0.143,Web,Basic,0.44,0.664
USR_03516,1462.9,30.7,17,0.771,47,0.287,0.294,0.297,0.122,Mobile,Premium,0.512,0.406
USR_01840,559.7,40.4,8,0.585,13,0.094,0.647,0.107,0.152,SmartTV,Basic,0.721,0.283
USR_04385,1475.8,47.0,15,0.719,31,0.318,0.226,0.327,0.129,SmartTV,Basic,0.357,0.582
USR_01564,1183.2,38.3,5,0.739,30,0.134,0.732,0.134,0.0,SmartTV,Standard,0.711,0.436
USR_02016,963.9,26.7,5,0.802,36,0.077,0.678,0.124,0.121,SmartTV,Basic,0.654,0.487
USR_01401,954.8,26.8,9,0.7,35,0.13,0.72,0.036,0.114,SmartTV,Standard,0.644,0.396
USR_00713,2439.6,49.7,19,0.815,49,0.741,0.0,0.063,0.196,SmartTV,Premium,0.395,0.899
USR_02421,356.3,29.3,5,0.654,12,0.182,0.235,0.576,0.007,SmartTV,Free,0.418,0.223
USR_02620,546.1,19.2,5,0.409,28,0.203,0.0,0.659,0.138,Mobile,Basic,0.344,0.088
USR_00210,1786.6,60.1,22,0.842,29,0.787,0.126,0.086,0.001,Tablet,Basic,0.478,0.747
USR_04945,4032.7,88.0,19,0.969,45,0.303,0.123,0.182,0.392,SmartTV,Premium,0.497,0.873
USR_01290,745.6,82.8,8,0.72,9,0.021,0.598,0.101,0.28,SmartTV,Premium,0.824,0.46
USR_00450,2180.2,40.7,21,0.817,53,0.789,0.069,0.142,0.0,Tablet,Standard,0.357,0.853
USR_04092,1461.8,25.7,13,0.801,56,0.27,0.271,0.262,0.197,Web,Premium,0.462,0.56
USR_02570,308.9,15.9,9,0.355,19,0.193,0.164,0.364,0.279,SmartTV,Basic,0.249,0.189
USR_01821,855.1,63.1,8,0.718,13,0.007,0.762,0.172,0.059,Tablet,Premium,0.64,0.67
USR_00959,2274.2,53.5,23,0.717,42,0.795,0.014,0.116,0.075,SmartTV,Basic,0.337,0.782
USR_01794,845.5,56.3,7,0.471,15,0.032,0.721,0.145,0.102,SmartTV,Standard,0.539,0.236
USR_04787,4338.6,85.5,14,1.0,50,0.278,0.145,0.178,0.399,Tablet,Basic,0.25,0.842
USR_00655,3187.9,54.6,23,0.842,58,0.819,0.031,0.0,0.15,SmartTV,Standard,0.314,0.852
USR_02408,330.9,17.1,6,0.484,19,0.186,0.11,0.547,0.157,Mobile,Basic,0.454,0.181
USR_03853,1854.0,47.9,20,0.75,38,0.257,0.192,0.197,0.354,Tablet,Basic,0.364,0.577
USR_01996,1292.6,53.3,8,0.572,24,0.166,0.708,0.125,0.001,Console,Standard,0.838,0.565
USR_01761,816.2,71.7,5,0.711,11,0.122,0.712,0.129,0.037,Tablet,Premium,0.537,0.583
USR_02355,510.6,10.1,4,0.421,35,0.239,0.103,0.391,0.267,Mobile,Premium,0.344,0.052
USR_02742,187.9,12.7,6,0.263,14,0.208,0.086,0.386,0.32,Mobile,Free,0.445,0.427
USR_02618,183.0,15.3,6,0.327,11,0.237,0.072,0.688,0.003,Mobile,Free,0.216,0.0
USR_00412,1880.8,60.7,19,0.78,30,0.825,0.0,0.084,0.091,Mobile,Premium,0.495,0.865
USR_01775,806.6,75.8,8,0.546,10,0.067,0.6,0.235,0.098,SmartTV,Standard,0.614,0.479
USR_03979,1508.5,52.6,19,0.866,28,0.276,0.204,0.24,0.28,Mobile,Standard,0.506,0.632
USR_02187,791.8,61.2,11,0.676,12,0.0,0.7,0.142,0.158,SmartTV,Standard,0.657,0.46
USR_02380,445.7,25.8,9,0.594,17,0.217,0.182,0.515,0.086,Mobile,Basic,0.244,0.469
USR_03964,1496.5,39.6,14,0.768,37,0.18,0.269,0.206,0.345,SmartTV,Free,0.561,0.814
USR_04312,1962.2,19.1,17,0.687,65,0.356,0.17,0.236,0.238,Web,Standard,0.472,0.686
USR_04775,2429.3,85.1,13,0.943,28,0.206,0.085,0.157,0.552,Mobile,Premium,0.589,0.971
USR_03703,1955.4,43.3,18,0.536,45,0.325,0.251,0.25,0.174,SmartTV,Standard,0.473,0.722
USR_03973,2260.4,44.9,14,0.708,50,0.167,0.139,0.336,0.358,Console,Standard,0.337,0.714
USR_04766,3285.9,45.0,8,0.945,60,0.319,0.054,0.202,0.425,SmartTV,Basic,0.61,0.947
USR_03559,2338.4,40.3,16,0.723,58,0.242,0.215,0.252,0.291,SmartTV,Basic,0.401,0.498
USR_04111,1842.0,55.7,16,0.801,33,0.292,0.201,0.25,0.257,SmartTV,Standard,0.517,0.629
USR_03498,119.3,22.7,2,0.407,5,0.272,0.121,0.607,0.0,SmartTV,Basic,0.336,0.202
USR_03766,1640.8,53.8,17,0.7,30,0.29,0.251,0.155,0.304,Tablet,Basic,0.447,0.537
USR_00431,2475.6,66.3,24,0.827,37,0.847,0.034,0.111,0.008,Tablet,Standard,0.396,0.832
USR_04485,4058.7,94.7,13,0.955,42,0.328,0.11,0.185,0.377,SmartTV,Premium,0.564,0.973
USR_02322,190.6,29.6,1,0.584,6,0.103,0.05,0.414,0.433,Mobile,Free,0.38,0.124
USR_01367,1311.7,51.4,8,0.915,25,0.092,0.649,0.123,0.136,Mobile,Standard,0.566,0.571
USR_01993,1271.1,61.9,11,0.663,20,0.055,0.728,0.135,0.082,Mobile,Basic,0.615,0.354
USR_02852,463.5,19.2,9,0.567,24,0.327,0.081,0.497,0.095,Tablet,Basic,0.277,0.434
USR_01177,2508.5,62.2,28,0.871,40,0.731,0.067,0.164,0.038,Console,Premium,0.406,0.774
USR_03529,1693.8,36.3,21,0.862,46,0.203,0.228,0.227,0.342,SmartTV,Premium,0.483,0.648
USR_01477,994.9,73.9,9,0.415,13,0.133,0.569,0.154,0.144,SmartTV,Free,0.603,0.677
USR_03741,1576.9,31.4,17,0.617,50,0.299,0.217,0.258,0.226,Web,Free,0.471,0.677
USR_02046,452.0,64.7,11,0.654,6,0.088,0.818,0.06,0.034,SmartTV,Standard,0.72,0.321
USR_00103,1817.4,68.9,20,0.901,26,0.776,0.079,0.104,0.041,SmartTV,Standard,0.317,0.93
USR_04332,1626.3,61.6,21,0.854,26,0.15,0.337,0.245,0.268,SmartTV,Premium,0.612,0.858
USR_02993,311.7,11.5,6,0.471,27,0.275,0.075,0.576,0.074,Tablet,Standard,0.364,0.291
USR_01264,768.8,40.2,7,0.694,19,0.098,0.719,0.105,0.078,Console,Premium,0.484,0.351
USR_02882,444.2,22.3,4,0.371,19,0.25,0.086,0.516,0.148,Mobile,Free,0.508,0.176
USR_03139,350.4,16.1,5,0.236,21,0.079,0.151,0.629,0.141,SmartTV,Standard,0.423,0.112
USR_03623,1464.6,31.7,22,0.753,46,0.282,0.236,0.234,0.248,SmartTV,Free,0.323,0.656
USR_03204,553.0,8.0,3,0.477,35,0.087,0.101,0.524,0.288,Mobile,Standard,0.488,0.392
USR_04279,1794.3,43.1,14,0.753,41,0.201,0.186,0.252,0.361,Console,Standard,0.248,0.512
USR_03300,530.1,15.1,7,0.274,35,0.315,0.047,0.6,0.038,Mobile,Basic,0.209,0.571
USR_04994,3550.2,74.5,19,0.887,47,0.195,0.127,0.168,0.51,SmartTV,Premium,0.38,0.885
USR_03634,1842.2,34.9,19,0.731,52,0.3,0.269,0.291,0.14,SmartTV,Basic,0.302,0.651
USR_01644,970.0,59.6,11,0.618,16,0.165,0.651,0.166,0.018,Tablet,Free,0.649,0.383
USR_04506,3225.6,63.8,13,0.956,50,0.142,0.052,0.133,0.673,SmartTV,Standard,0.582,0.941
USR_00001,2623.5,53.3,24,0.971,49,0.759,0.051,0.179,0.011,SmartTV,Basic,0.481,0.812
USR_01581,873.3,48.1,8,0.66,18,0.029,0.58,0.296,0.095,Tablet,Premium,0.567,0.358
USR_04423,3798.2,76.4,17,0.966,49,0.294,0.144,0.217,0.345,Web,Free,0.724,0.955
USR_04117,2413.8,42.6,19,0.905,56,0.276,0.306,0.145,0.273,Mobile,Standard,0.295,0.57
USR_01357,1283.5,38.0,8,0.655,33,0.016,0.637,0.087,0.26,Tablet,Standard,0.789,0.402
USR_04202,1551.7,36.2,14,0.711,42,0.292,0.252,0.212,0.244,Mobile,Free,0.434,0.723
USR_04575,3300.5,90.9,14,0.927,36,0.252,0.098,0.151,0.499,SmartTV,Standard,0.576,0.938
USR_03734,1591.3,50.5,16,0.73,31,0.203,0.248,0.237,0.312,Web,Standard,0.542,0.735
USR_02026,1265.8,53.5,11,0.623,23,0.101,0.715,0.184,0.0,SmartTV,Basic,0.454,0.348
USR_02219,1084.5,26.2,6,0.77,40,0.081,0.699,0.221,-0.001,SmartTV,Premium,0.562,0.557
USR_00397,2395.8,58.7,29,0.859,40,0.805,0.04,0.058,0.097,Mobile,Premium,0.373,0.812
USR_04942,2734.0,77.4,14,0.979,35,0.256,0.088,0.161,0.495,SmartTV,Premium,0.53,0.913
USR_01065,2473.6,56.5,21,0.948,43,0.748,0.069,0.165,0.018,SmartTV,Basic,0.414,0.867
USR_03081,329.1,20.7,6,0.34,15,0.223,0.075,0.425,0.277,Mobile,Basic,0.447,0.367
USR_02154,1273.8,42.6,8,0.779,29,0.05,0.666,0.141,0.143,SmartTV,Premium,0.767,0.256
USR_00819,2629.2,47.6,28,0.834,55,0.831,0.063,0.106,0.0,Console,Basic,0.262,0.674
USR_01813,1342.1,42.1,4,0.663,31,0.044,0.586,0.148,0.222,SmartTV,Standard,0.609,0.345
USR_02553,354.6,15.1,11,0.276,23,0.212,0.14,0.412,0.236,Mobile,Basic,0.408,0.24
USR_01553,1079.4,38.6,6,0.724,27,0.15,0.692,0.159,-0.001,Tablet,Premium,0.648,0.235
USR_04048,1481.2,49.2,19,0.725,30,0.237,0.246,0.271,0.246,SmartTV,Premium,0.451,0.462
USR_00817,2712.2,74.0,18,0.922,36,0.745,0.106,0.149,0.0,SmartTV,Premium,0.437,0.823
USR_01573,1187.8,26.0,7,0.616,40,0.117,0.597,0.134,0.152,SmartTV,Free,0.611,0.477
USR_04553,2856.8,75.7,13,0.939,37,0.323,0.134,0.2,0.343,SmartTV,Premium,0.485,0.891
USR_01801,1196.3,28.4,11,0.866,40,0.101,0.616,0.12,0.163,SmartTV,Premium,0.675,0.452
USR_04288,1867.8,59.5,21,0.711,31,0.325,0.183,0.236,0.256,Web,Standard,0.532,0.697
USR_00382,2713.3,81.0,16,0.769,33,0.851,0.033,0.084,0.032,Web,Premium,0.358,0.829
USR_02875,186.5,24.6,8,0.423,7,0.117,0.049,0.474,0.36,SmartTV,Basic,0.466,0.344
USR_04348,1680.2,41.4,17,0.728,40,0.297,0.136,0.285,0.282,Mobile,Basic,0.371,0.578
USR_04627,2683.8,69.7,12,0.933,38,0.288,0.067,0.113,0.532,Tablet,Standard,0.416,1.0
USR_03504,1509.6,46.1,14,0.651,32,0.187,0.167,0.275,0.371,Mobile,Basic,0.441,0.73
USR_02312,430.7,13.5,1,0.399,31,0.059,0.068,0.478,0.395,Mobile,Standard,0.282,0.423
USR_01781,893.9,33.2,7,0.635,26,0.13,0.683,0.123,0.064,SmartTV,Premium,0.821,0.481
USR_02727,538.6,11.3,5,0.529,35,0.109,0.153,0.356,0.382,Mobile,Free,0.237,0.224
USR_02438,400.2,14.3,7,0.395,27,0.102,0.012,0.607,0.279,SmartTV,Basic,0.204,0.342
USR_02334,292.1,16.0,2,0.4,18,0.239,0.07,0.567,0.124,Web,Free,0.187,0.133
USR_00865,2656.7,66.9,26,1.0,39,0.802,0.071,0.024,0.103,Web,Standard,0.377,0.835
USR_03639,1757.7,54.2,18,0.666,32,0.331,0.235,0.275,0.159,Web,Standard,0.353,0.786
USR_03165,284.1,12.0,4,0.319,23,0.22,0.166,0.614,0.0,Mobile,Basic,0.45,0.165
USR_00555,1778.3,33.4,13,0.849,53,0.753,0.035,0.162,0.05,SmartTV,Standard,0.518,0.823
USR_01160,2644.5,53.1,19,1.0,49,0.711,0.1,0.08,0.109,Web,Premium,0.333,0.858
USR_01214,1943.0,43.5,14,0.867,44,0.751,0.044,0.111,0.094,Console,Standard,0.534,0.826
USR_03761,1504.1,40.9,16,0.635,36,0.282,0.275,0.186,0.257,SmartTV,Premium,0.526,0.796
USR_04214,863.5,35.0,18,0.788,24,0.298,0.222,0.228,0.252,Mobile,Premium,0.541,0.743
USR_00049,1933.2,52.7,18,0.797,36,0.838,0.132,0.029,0.001,SmartTV,Standard,0.465,0.798
USR_02368,422.3,15.4,5,0.479,27,0.21,0.145,0.428,0.217,Tablet,Free,0.278,0.19
USR_00701,1556.2,69.2,26,0.886,22,0.723,0.072,0.204,0.001,SmartTV,Free,0.279,0.913
USR_00653,2075.9,41.5,21,0.792,50,0.825,0.059,0.116,0.0,SmartTV,Basic,0.383,0.821
USR_03934,1806.9,59.4,12,0.925,30,0.351,0.204,0.27,0.175,Mobile,Standard,0.339,0.688
USR_04410,3041.5,51.2,17,0.96,59,0.385,0.025,0.202,0.388,SmartTV,Free,0.62,0.937
USR_03312,730.8,12.9,3,0.261,35,0.16,0.168,0.672,0.0,Mobile,Free,0.391,0.262
USR_00749,2575.0,40.9,26,0.876,62,0.788,0.049,0.139,0.024,Console,Standard,0.483,0.877
USR_01456,1336.8,50.4,8,0.493,26,0.086,0.731,0.183,0.0,Tablet,Standard,0.747,0.284
USR_04196,1611.9,40.0,27,0.741,40,0.356,0.272,0.246,0.126,Mobile,Premium,0.405,0.713
USR_02390,445.2,17.2,10,0.488,25,0.248,0.113,0.627,0.012,Mobile,Free,0.364,0.16
USR_03495,642.2,17.6,8,0.317,35,0.237,0.129,0.484,0.15,Mobile,Basic,0.246,0.0
USR_00867,2696.4,57.8,25,0.915,46,0.753,0.041,0.116,0.09,SmartTV,Free,0.466,0.962
USR_00753,1750.2,60.3,23,0.824,29,0.785,0.082,0.133,0.0,Console,Standard,0.421,0.737
USR_01645,795.7,57.8,10,0.673,13,0.012,0.76,0.165,0.063,SmartTV,Standard,0.658,0.644
USR_00093,2689.2,70.9,22,0.923,37,0.772,0.118,0.066,0.044,SmartTV,Standard,0.564,0.847
USR_04825,2904.5,87.7,18,0.97,33,0.187,0.055,0.09,0.668,SmartTV,Premium,0.557,0.902
USR_03102,722.6,24.9,4,0.519,29,0.273,0.042,0.685,0.0,SmartTV,Standard,0.507,0.107
USR_02433,484.5,29.2,7,0.366,16,0.126,0.053,0.426,0.395,Mobile,Premium,0.575,0.343
USR_02630,496.2,21.2,4,0.434,23,0.292,0.236,0.472,0.0,Tablet,Basic,0.414,0.409
USR_01491,726.9,61.1,11,0.783,11,0.129,0.664,0.205,0.002,SmartTV,Basic,0.695,0.481
USR_02896,315.4,23.0,6,0.482,13,0.389,0.159,0.452,0.0,Mobile,Basic,0.341,0.142
USR_02178,635.3,46.7,11,0.922,13,0.097,0.697,0.199,0.007,SmartTV,Standard,0.764,0.118
USR_00730,2847.6,45.9,20,0.975,62,0.776,0.031,0.056,0.137,Console,Basic,0.447,0.743
USR_04760,3597.1,72.2,19,0.966,49,0.278,0.073,0.278,0.371,SmartTV,Premium,0.737,0.81
USR_02472,558.4,12.3,9,0.325,35,0.319,0.119,0.3,0.262,Mobile,Free,0.438,0.421
USR_02243,1182.0,45.9,10,0.631,25,0.017,0.818,0.135,0.03,Tablet,Standard,0.74,0.639
USR_01937,915.3,72.7,9,0.529,12,0.016,0.735,0.057,0.192,Tablet,Premium,0.48,0.484
USR_01746,975.2,63.4,4,0.634,15,0.031,0.808,0.162,-0.001,SmartTV,Free,0.95,0.364
USR_04747,3848.5,48.5,21,0.945,60,0.338,0.089,0.207,0.366,Console,Premium,0.595,0.899
USR_04374,926.1,29.1,13,0.811,31,0.347,0.1,0.272,0.281,SmartTV,Standard,0.38,0.659
USR_03492,674.8,17.9,5,0.683,35,0.193,0.048,0.522,0.237,Mobile,Premium,0.373,0.384
USR_01111,2019.1,75.9,21,0.82,26,0.748,0.008,0.172,0.072,SmartTV,Premium,0.364,0.892
USR_03338,405.8,28.1,9,0.18,14,0.158,0.177,0.518,0.147,Mobile,Free,0.348,0.065
USR_04033,2203.3,62.8,16,0.836,35,0.3,0.208,0.27,0.222,SmartTV,Basic,0.499,0.59
USR_04472,2716.7,52.0,17,0.941,52,0.109,0.074,0.169,0.648,Mobile,Standard,0.518,0.923
USR_04158,1561.2,26.4,10,0.793,59,0.324,0.203,0.186,0.287,Tablet,Basic,0.387,0.791
USR_00347,2403.2,30.0,22,1.0,80,0.748,0.031,0.119,0.102,Web,Premium,0.445,0.945
USR_01186,2926.6,36.7,24,0.833,79,0.791,0.046,0.142,0.021,Tablet,Standard,0.407,0.845
USR_04007,1346.4,30.1,15,0.751,44,0.275,0.29,0.232,0.203,Web,Free,0.32,0.729
USR_01516,1151.2,69.2,9,0.543,16,0.049,0.809,0.142,0.0,SmartTV,Premium,0.565,0.322
USR_04670,3528.6,82.9,16,0.995,42,0.152,0.099,0.272,0.477,Tablet,Standard,0.693,0.948
USR_00579,2640.4,46.3,26,0.804,57,0.823,0.025,0.09,0.062,SmartTV,Premium,0.338,0.916
USR_01965,1226.2,45.4,10,0.544,27,0.093,0.626,0.039,0.242,SmartTV,Standard,0.758,0.529
USR_00076,1693.4,54.1,24,0.891,31,0.66,0.075,0.131,0.134,Tablet,Premium,0.465,0.936
USR_01430,628.4,60.8,4,0.746,10,0.173,0.699,0.125,0.003,SmartTV,Premium,0.741,0.38
USR_03713,1932.6,32.7,15,0.882,59,0.354,0.226,0.184,0.236,Mobile,Standard,0.581,0.626
USR_04431,2864.2,74.9,17,0.974,38,0.242,0.044,0.151,0.563,Tablet,Basic,0.56,0.944
USR_02752,488.8,15.0,7,0.422,32,0.182,0.105,0.509,0.204,Mobile,Basic,0.177,0.205
USR_04953,3828.1,66.7,18,1.0,57,0.225,0.136,0.136,0.503,Mobile,Standard,0.557,0.834
USR_01847,801.3,48.6,5,0.68,16,0.178,0.71,0.112,0.0,SmartTV,Premium,0.696,0.302
USR_00132,1673.9,47.0,26,0.844,35,0.853,0.079,0.068,0.0,Tablet,Premium,0.593,0.802
USR_00179,2757.1,34.0,27,0.78,81,0.853,0.103,0.044,0.0,Console,Standard,0.387,0.762
USR_02900,500.3,15.4,5,0.273,32,0.245,0.035,0.437,0.283,Mobile,Basic,0.471,0.356
USR_04467,2558.3,93.8,17,0.97,27,0.318,0.047,0.196,0.439,Tablet,Standard,0.657,0.875
USR_04195,1618.0,36.4,20,0.787,44,0.259,0.286,0.304,0.151,Web,Free,0.564,0.555
USR_02523,273.9,14.2,4,0.509,19,0.156,0.012,0.64,0.192,Mobile,Basic,0.297,0.14
USR_01843,834.3,57.4,6,0.571,14,0.136,0.695,0.169,0.0,SmartTV,Basic,0.721,0.497
USR_02099,1005.9,46.3,10,0.817,21,0.138,0.695,0.08,0.087,SmartTV,Premium,0.779,0.256
USR_03950,1705.8,55.0,19,0.888,31,0.175,0.247,0.122,0.456,SmartTV,Premium,0.395,0.773
USR_02374,257.1,13.6,10,0.518,18,0.19,0.146,0.494,0.17,Mobile,Free,0.267,0.371
USR_00605,2168.2,53.5,23,0.956,40,0.778,0.003,0.142,0.077,Console,Premium,0.48,0.695
USR_02628,324.3,13.4,6,0.469,24,0.263,0.166,0.538,0.033,Web,Free,0.412,0.163
USR_00026,2748.6,25.0,17,0.865,90,0.668,0.125,0.028,0.179,SmartTV,Premium,0.385,0.86
USR_00659,3600.1,56.2,26,0.894,64,0.825,0.046,0.11,0.019,Console,Standard,0.463,0.804
USR_04978,2968.4,70.0,20,0.996,42,0.156,0.011,0.161,0.672,SmartTV,Basic,0.53,0.933
USR_03318,248.2,24.7,7,0.405,10,0.206,0.116,0.532,0.146,Mobile,Basic,0.502,0.461
USR_03869,1347.3,48.2,20,0.849,27,0.308,0.237,0.302,0.153,Mobile,Standard,0.277,0.544
USR_00174,1687.1,36.0,25,0.851,46,0.747,0.117,0.136,0.0,Mobile,Standard,0.399,0.779
USR_01612,1011.8,39.0,10,0.634,25,0.073,0.718,0.119,0.09,Mobile,Basic,0.704,0.558
USR_00438,2285.8,50.9,23,0.921,44,0.704,0.063,0.0,0.233,SmartTV,Free,0.535,0.809
USR_00332,3270.8,52.8,20,0.951,61,0.724,0.062,0.103,0.111,SmartTV,Premium,0.38,0.74
USR_03101,163.7,20.6,3,0.473,7,0.332,0.098,0.57,0.0,Tablet,Basic,0.203,0.072
USR_01455,807.8,61.5,4,0.62,13,0.171,0.626,0.126,0.077,SmartTV,Free,0.558,0.258
USR_00343,2319.4,59.7,24,0.924,38,0.691,0.049,0.16,0.1,Mobile,Standard,0.492,0.74
USR_03210,477.6,15.2,7,0.557,31,0.317,0.103,0.58,0.0,Mobile,Free,0.212,0.192
USR_04577,3622.9,81.4,19,0.886,44,0.213,0.047,0.05,0.69,Web,Basic,0.56,0.915
USR_01089,1327.8,41.8,19,0.952,31,0.707,0.067,0.111,0.115,Console,Premium,0.524,0.951
USR_00480,2882.0,30.1,21,0.947,90,0.763,0.089,0.118,0.03,SmartTV,Premium,0.447,0.828
USR_00728,2037.5,66.9,25,0.85,30,0.829,0.051,0.09,0.03,Mobile,Premium,0.453,0.802
USR_03784,2034.8,49.2,17,0.595,41,0.342,0.283,0.158,0.217,Mobile,Premium,0.306,0.893
USR_00977,2444.6,48.7,19,0.929,50,0.721,0.097,0.161,0.021,Console,Premium,0.287,0.941
USR_03785,1488.0,31.7,17,0.818,46,0.279,0.251,0.338,0.132,SmartTV,Premium,0.348,0.686
USR_02978,374.2,5.7,4,0.414,35,0.324,0.087,0.567,0.022,Tablet,Basic,0.34,0.442
USR_01929,1111.7,77.9,9,0.593,14,0.026,0.625,0.26,0.089,Tablet,Standard,0.647,0.34
USR_01469,1200.7,71.6,7,0.53,16,0.088,0.813,0.1,-0.001,SmartTV,Standard,0.749,0.503
USR_01225,2166.1,25.0,23,0.878,86,0.899,0.075,0.026,0.0,Mobile,Premium,0.242,0.792
USR_02857,383.8,14.3,8,0.506,26,0.255,0.182,0.408,0.155,Mobile,Standard,0.296,0.311
USR_01953,1055.8,20.5,7,0.718,40,0.051,0.672,0.113,0.164,SmartTV,Standard,0.632,0.421
USR_04831,2976.3,72.7,11,0.983,40,0.208,0.064,0.113,0.615,Tablet,Standard,0.507,0.885
USR_04501,2792.3,114.2,21,0.949,24,0.28,0.025,0.312,0.383,Mobile,Standard,0.557,0.949
USR_01893,1110.6,50.2,11,0.644,22,0.134,0.682,0.087,0.097,SmartTV,Standard,0.579,0.292
USR_01300,1155.2,64.9,6,0.63,17,0.19,0.631,0.179,0.0,Tablet,Premium,0.736,0.467
USR_02991,648.0,21.9,9,0.522,29,0.26,0.207,0.376,0.157,Mobile,Basic,0.268,0.177
USR_04600,2694.4,94.5,20,0.977,28,0.289,0.175,0.198,0.338,Mobile,Premium,0.561,0.937
USR_00661,3102.1,31.6,16,0.959,90,0.755,0.033,0.037,0.175,SmartTV,Standard,0.376,0.738
USR_04578,2857.1,97.2,18,0.97,29,0.412,0.052,0.098,0.438,SmartTV,Premium,0.667,1.0
USR_04074,1989.6,57.3,23,0.736,34,0.251,0.218,0.306,0.225,Mobile,Standard,0.496,0.339
USR_02785,576.7,13.9,2,0.418,35,0.174,0.143,0.58,0.103,Mobile,Standard,0.268,0.406
USR_04938,3474.2,84.0,16,0.933,41,0.234,0.088,0.241,0.437,SmartTV,Basic,0.518,0.971
USR_03828,2202.7,59.4,11,0.733,37,0.289,0.211,0.329,0.171,Tablet,Free,0.443,0.604
USR_02715,445.4,16.8,4,0.559,26,0.032,0.133,0.357,0.478,Mobile,Free,0.379,0.414
USR_04658,2944.4,94.4,10,0.98,31,0.234,0.074,0.05,0.642,SmartTV,Premium,0.491,0.909
USR_00268,2565.9,51.7,25,0.877,49,0.654,0.058,0.185,0.103,SmartTV,Premium,0.52,0.845
USR_04443,2474.6,50.2,11,0.983,49,0.301,0.119,0.23,0.35,Tablet,Premium,0.659,0.94
USR_04960,3175.7,45.0,13,0.977,60,0.235,0.112,0.243,0.41,Mobile,Premium,0.529,0.95
USR_03373,238.1,16.7,9,0.481,14,0.121,0.188,0.557,0.134,Tablet,Free,0.3,0.069
USR_03596,2052.5,32.6,21,0.591,62,0.283,0.193,0.18,0.344,SmartTV,Basic,0.32,0.573
USR_04317,924.5,47.1,25,0.82,19,0.341,0.148,0.29,0.221,Mobile,Basic,0.422,0.744
USR_03723,1587.0,46.9,19,0.809,33,0.297,0.262,0.275,0.166,SmartTV,Premium,0.459,0.703
USR_03407,502.9,15.4,4,0.287,32,0.235,0.157,0.601,0.007,Tablet,Standard,0.488,0.522
USR_01279,592.7,66.0,8,0.658,8,0.098,0.721,0.18,0.001,SmartTV,Premium,0.734,0.506
USR_04641,3250.7,82.3,18,0.936,39,0.339,0.076,0.082,0.503,Tablet,Basic,0.47,0.938
USR_03918,2313.4,31.3,18,0.499,65,0.265,0.283,0.18,0.272,SmartTV,Standard,0.254,0.784
USR_02679,160.5,16.7,7,0.227,9,0.149,0.046,0.607,0.198,Web,Free,0.551,0.269
USR_01622,410.2,41.0,3,0.649,10,0.056,0.728,0.104,0.112,SmartTV,Free,0.605,0.494
USR_04104,1743.7,28.9,17,0.876,60,0.319,0.281,0.3,0.1,Mobile,Basic,0.336,0.879
USR_02858,326.7,25.8,3,0.676,12,0.335,0.1,0.565,0.0,Mobile,Basic,0.302,0.452
USR_01897,1150.7,54.3,6,0.565,21,0.106,0.713,0.06,0.121,Console,Premium,0.528,0.305
USR_03925,1583.7,33.3,20,0.664,47,0.22,0.246,0.286,0.248,Mobile,Standard,0.38,0.754
USR_03015,258.6,19.8,10,0.354,13,0.387,0.081,0.532,0.0,Mobile,Free,0.378,0.285
USR_04439,3656.6,99.7,26,0.973,36,0.195,0.061,0.171,0.573,SmartTV,Standard,0.701,0.957
USR_00068,2921.7,62.1,20,0.9,47,0.667,0.097,0.091,0.145,SmartTV,Standard,0.378,0.934
USR_02043,1191.7,69.1,4,0.641,17,0.132,0.701,0.085,0.082,Web,Standard,0.525,0.306
USR_02581,331.2,24.4,6,0.25,13,0.146,0.213,0.363,0.278,Tablet,Free,0.624,0.214
USR_03783,1710.2,36.0,14,0.83,47,0.296,0.251,0.291,0.162,Tablet,Free,0.432,0.593
USR_03791,934.0,41.1,20,0.95,22,0.352,0.227,0.276,0.145,Web,Standard,0.229,0.524
USR_00821,2430.7,56.5,31,0.796,43,0.802,0.119,0.079,0.0,SmartTV,Free,0.489,0.771
USR_01227,1866.4,65.0,25,0.822,28,0.826,0.06,0.114,0.0,SmartTV,Premium,0.298,1.0
USR_02992,374.8,21.0,4,0.378,17,0.236,0.221,0.442,0.101,Web,Premium,0.34,0.138
USR_03133,397.0,23.9,6,0.454,16,0.248,0.148,0.507,0.097,Tablet,Basic,0.426,0.201
USR_02744,394.4,21.6,7,0.75,18,0.134,0.082,0.61,0.174,Console,Standard,0.326,0.231
USR_04458,2525.5,60.3,12,0.957,41,0.138,0.061,0.218,0.583,SmartTV,Premium,0.427,0.96
USR_04270,1119.4,49.2,19,0.854,22,0.247,0.167,0.221,0.365,Console,Premium,0.279,0.659
USR_03350,236.4,15.0,4,0.341,15,0.136,0.136,0.485,0.243,SmartTV,Free,0.3,0.089
USR_01144,1802.9,63.1,22,0.901,28,0.747,0.08,0.174,-0.001,SmartTV,Premium,0.476,0.915
USR_00398,2561.8,50.0,21,0.904,51,0.804,0.111,0.0,0.085,Console,Premium,0.229,0.81
USR_02907,271.0,12.1,7,0.511,22,0.278,0.095,0.627,0.0,Mobile,Free,0.387,0.311
USR_04302,1990.8,37.5,20,0.597,53,0.266,0.201,0.18,0.353,Tablet,Standard,0.5,0.573
USR_02760,460.2,12.0,7,0.522,35,0.142,0.22,0.638,0.0,Tablet,Standard,0.416,0.115
USR_01399,849.7,60.0,10,0.585,14,0.127,0.665,0.208,0.0,SmartTV,Premium,0.577,0.405
USR_01660,1177.8,40.7,11,0.709,28,0.059,0.737,0.204,0.0,Mobile,Premium,0.726,0.639
USR_00980,1892.7,49.6,13,0.841,38,0.693,0.085,0.066,0.156,SmartTV,Premium,0.491,0.962
USR_01299,655.8,56.8,6,0.564,11,0.12,0.661,0.121,0.098,SmartTV,Standard,0.458,0.534
USR_03556,1917.4,51.9,15,0.806,36,0.359,0.156,0.22,0.265,Mobile,Premium,0.521,0.658
USR_00083,2113.2,69.3,27,0.846,30,0.705,0.079,0.072,0.144,Mobile,Standard,0.471,0.866
USR_04508,3992.9,64.7,15,0.973,60,0.334,0.049,0.151,0.466,SmartTV,Premium,0.525,0.906
USR_02459,295.8,20.0,1,0.579,14,0.116,0.053,0.533,0.298,Mobile,Premium,0.374,0.289
USR_03740,1551.3,40.5,21,0.762,38,0.211,0.216,0.223,0.35,SmartTV,Premium,0.447,0.662
USR_03782,1379.9,41.4,17,0.673,33,0.184,0.302,0.236,0.278,Mobile,Standard,0.644,0.743
USR_02289,667.7,36.2,1,0.538,18,0.204,0.18,0.616,0.0,Mobile,Standard,0.519,0.343
USR_00424,1800.1,69.3,29,0.931,25,0.885,0.037,0.042,0.036,Console,Premium,0.488,0.883
USR_04340,1210.3,26.6,17,0.832,45,0.186,0.198,0.25,0.366,Tablet,Premium,0.496,0.715
USR_01905,708.0,73.7,3,0.758,9,0.0,0.641,0.234,0.125,Console,Standard,0.763,0.354
USR_04539,3450.7,88.9,11,0.989,38,0.275,0.021,0.151,0.553,SmartTV,Standard,0.429,0.849
USR_03353,430.6,18.5,6,0.422,23,0.123,0.0,0.476,0.401,SmartTV,Standard,0.286,0.123
USR_03103,632.7,9.5,15,0.399,35,0.279,0.203,0.498,0.02,Mobile,Standard,0.336,0.225
USR_01566,1535.2,52.9,7,0.581,29,0.008,0.643,0.09,0.259,Web,Free,0.719,0.357
USR_03356,457.0,19.5,5,0.554,23,0.307,0.144,0.528,0.021,Web,Basic,0.149,0.043
USR_00840,1583.3,49.9,15,0.908,31,0.874,0.07,0.056,0.0,Mobile,Premium,0.424,0.741
USR_00501,1860.1,63.4,20,0.927,29,0.648,0.009,0.061,0.282,Tablet,Premium,0.426,0.799
USR_00142,2691.7,44.4,20,0.923,60,0.746,0.129,0.08,0.045,SmartTV,Standard,0.438,0.925
USR_01378,1002.8,64.6,4,0.737,15,0.079,0.777,0.111,0.033,SmartTV,Standard,0.598,0.437
USR_03698,2007.2,73.0,19,0.65,27,0.35,0.218,0.337,0.095,Mobile,Standard,0.354,0.804
USR_02145,525.0,20.0,5,0.831,26,0.143,0.648,0.118,0.091,Mobile,Premium,0.634,0.26
USR_01139,2234.4,50.1,19,0.927,44,0.722,0.094,0.101,0.083,Tablet,Premium,0.378,0.899
USR_02928,333.1,14.4,3,0.277,23,0.406,0.187,0.407,0.0,Mobile,Basic,0.558,0.38
USR_01788,887.5,31.1,9,0.617,28,0.182,0.585,0.177,0.056,Tablet,Standard,0.539,0.382
USR_03485,482.0,19.8,6,0.382,24,0.182,0.109,0.709,0.0,Tablet,Free,0.225,0.331
USR_00551,2896.4,72.3,22,0.829,40,0.561,0.087,0.059,0.293,Console,Standard,0.434,0.75
USR_04907,3061.4,75.8,16,0.924,40,0.249,0.07,0.124,0.557,Tablet,Standard,0.485,0.977
USR_02020,992.1,38.1,7,0.643,26,0.02,0.581,0.1,0.299,SmartTV,Standard,0.86,0.383
USR_00949,2078.3,76.5,28,0.916,27,0.818,0.057,0.125,0.0,Console,Basic,0.538,0.87
USR_02601,569.1,12.2,7,0.385,35,0.235,0.087,0.678,0.0,Tablet,Free,0.578,0.253
USR_00533,2575.7,53.2,20,0.773,48,0.695,0.079,0.186,0.04,Tablet,Basic,0.412,0.876
USR_01830,896.7,51.3,10,0.837,17,0.018,0.63,0.096,0.256,SmartTV,Premium,0.53,0.412
USR_02918,436.4,25.5,8,0.413,17,0.223,0.009,0.653,0.115,Tablet,Free,0.31,0.24
USR_04419,2721.0,87.9,21,0.931,30,0.235,0.071,0.159,0.535,Console,Standard,0.63,0.964
USR_03872,1469.2,50.5,16,0.749,29,0.331,0.243,0.221,0.205,SmartTV,Standard,0.427,0.412
USR_01603,604.9,44.7,8,0.629,13,0.053,0.734,0.11,0.103,Tablet,Premium,0.711,0.554
USR_00640,2564.6,59.2,23,1.0,43,0.794,0.093,0.09,0.023,Mobile,Standard,0.444,0.983
USR_04833,2390.4,95.3,15,0.977,25,0.359,0.021,0.077,0.543,Tablet,Basic,0.607,0.818
USR_00968,2634.6,30.3,23,0.956,87,0.862,0.033,0.104,0.001,SmartTV,Premium,0.377,0.784
USR_04238,1421.0,32.5,16,0.75,43,0.271,0.202,0.329,0.198,SmartTV,Premium,0.39,0.542
USR_02698,403.7,15.7,1,0.6,25,0.171,0.146,0.32,0.363,Mobile,Basic,0.349,0.315
USR_01684,1126.8,50.5,7,0.513,22,0.077,0.663,0.141,0.119,SmartTV,Premium,0.753,0.599
USR_04471,3117.4,45.0,18,0.98,60,0.276,0.092,0.271,0.361,SmartTV,Premium,0.537,0.915
USR_02343,387.0,20.8,6,0.359,18,0.173,0.061,0.477,0.289,Tablet,Premium,0.247,0.446
USR_00156,2916.8,56.4,16,0.935,51,0.714,0.134,0.153,-0.001,Console,Standard,0.384,0.952
USR_02488,298.2,24.6,5,0.348,12,0.209,0.185,0.606,0.0,Web,Basic,0.403,0.396
USR_04642,2949.4,87.4,11,0.997,33,0.241,0.097,0.186,0.476,Web,Premium,0.509,0.966
USR_01090,2374.1,49.3,19,0.866,48,0.741,0.082,0.121,0.056,Mobile,Premium,0.467,0.951
USR_02656,643.4,16.6,8,0.337,35,0.124,0.047,0.646,0.183,Mobile,Basic,0.261,0.217
USR_04241,2321.5,24.2,12,0.704,65,0.26,0.206,0.223,0.311,Mobile,Premium,0.335,0.624
USR_00289,2591.5,69.4,16,0.837,37,0.754,0.029,0.187,0.03,SmartTV,Basic,0.351,0.806
USR_00931,1640.4,47.8,24,0.841,34,0.688,0.027,0.077,0.208,Web,Premium,0.392,1.0
USR_02536,292.5,15.0,8,0.577,19,0.294,0.225,0.481,0.0,Web,Free,0.371,0.348
USR_04029,1768.1,44.5,24,0.76,39,0.221,0.178,0.324,0.277,Console,Standard,0.462,0.463
USR_03372,118.7,10.8,6,0.376,11,0.279,0.058,0.664,-0.001,Mobile,Free,0.453,0.493
USR_04622,3570.2,85.0,19,0.976,41,0.296,0.162,0.177,0.365,Web,Basic,0.58,0.873
USR_03292,409.2,14.8,3,0.402,27,0.03,0.127,0.485,0.358,SmartTV,Free,0.453,0.002
USR_00943,1999.6,43.5,23,0.922,45,0.815,0.019,0.133,0.033,SmartTV,Premium,0.454,0.764
USR_03860,2031.2,32.0,16,0.739,63,0.333,0.236,0.277,0.154,Web,Basic,0.431,0.752
USR_04663,2210.4,81.1,15,0.953,27,0.285,0.089,0.229,0.397,SmartTV,Basic,0.432,1.0
USR_01699,514.6,36.0,7,0.678,14,0.042,0.727,0.232,-0.001,SmartTV,Basic,0.699,0.43
USR_04709,2830.5,110.3,16,0.968,25,0.205,0.064,0.166,0.565,SmartTV,Standard,0.637,0.98
USR_03201,507.6,27.9,13,0.532,18,0.324,0.142,0.533,0.001,SmartTV,Free,0.363,0.284
USR_04602,2648.5,80.7,14,0.9,32,0.368,0.039,0.213,0.38,SmartTV,Standard,0.503,0.878
USR_04609,2136.3,87.4,17,0.929,24,0.283,0.098,0.091,0.528,Console,Premium,0.518,0.99
USR_00986,1558.6,54.2,21,0.952,28,0.781,0.043,0.152,0.024,Mobile,Premium,0.43,0.79
USR_03319,80.0,15.2,5,0.339,5,0.146,0.017,0.487,0.35,Tablet,Basic,0.457,0.416
USR_02868,546.2,11.4,8,0.367,35,0.2,0.164,0.504,0.132,Mobile,Free,0.298,0.226
USR_04057,1951.9,40.7,20,0.661,47,0.212,0.304,0.243,0.241,Mobile,Standard,0.482,0.481
USR_04778,3202.7,86.0,21,0.912,37,0.33,0.072,0.096,0.502,Tablet,Basic,0.523,0.985
USR_00982,2455.1,57.9,17,0.823,42,0.838,0.019,0.127,0.016,Tablet,Premium,0.31,0.991
USR_02493,397.1,13.0,8,0.354,30,0.241,0.076,0.682,0.001,Mobile,Free,0.146,0.371
USR_03793,1693.8,38.2,14,0.708,44,0.291,0.249,0.256,0.204,Tablet,Basic,0.458,0.468
USR_03549,2064.0,24.8,18,0.764,65,0.296,0.222,0.309,0.173,SmartTV,Standard,0.381,0.65
USR_02943,374.4,27.3,9,0.366,13,0.292,0.115,0.594,-0.001,SmartTV,Free,0.386,0.216
USR_03528,1184.9,39.4,16,0.722,30,0.261,0.195,0.237,0.307,SmartTV,Free,0.421,0.682
USR_03846,1960.9,44.7,11,0.762,43,0.41,0.131,0.199,0.26,Tablet,Standard,0.465,0.751
USR_01458,1111.3,48.2,6,0.862,23,0.074,0.628,0.097,0.201,SmartTV,Basic,0.693,0.51
USR_01396,749.0,55.6,11,0.733,13,0.109,0.749,0.143,-0.001,SmartTV,Standard,0.75,0.13
USR_00265,2053.5,39.4,20,0.891,52,0.834,0.038,0.079,0.049,SmartTV,Standard,0.346,0.847
USR_04096,1941.0,50.5,15,0.745,38,0.242,0.171,0.155,0.432,Tablet,Standard,0.431,0.25
USR_00930,2492.5,56.4,22,0.815,44,0.821,0.067,0.112,0.0,SmartTV,Standard,0.355,0.813
USR_04872,3742.8,70.5,17,0.972,53,0.284,0.083,0.2,0.433,SmartTV,Standard,0.58,0.988
USR_02693,422.6,18.8,8,0.292,22,0.057,0.131,0.559,0.253,Mobile,Free,0.328,0.304
USR_00247,2040.0,54.2,26,0.853,37,0.776,0.062,0.142,0.02,SmartTV,Premium,0.24,0.801
USR_03590,1042.5,38.9,19,0.758,26,0.216,0.204,0.155,0.425,Mobile,Basic,0.408,0.81
USR_01759,1142.9,47.9,7,0.76,23,0.169,0.726,0.105,0.0,SmartTV,Free,0.661,0.722
USR_04866,3585.6,74.4,15,0.981,48,0.203,0.048,0.216,0.533,SmartTV,Premium,0.465,0.928
USR_02811,441.7,17.5,2,0.43,25,0.188,0.107,0.523,0.182,Mobile,Basic,0.293,0.337
USR_00924,2551.5,64.3,20,0.872,39,0.73,0.003,0.057,0.21,SmartTV,Premium,0.436,0.876
USR_02881,726.0,23.9,6,0.521,30,0.216,0.181,0.295,0.308,Tablet,Free,0.333,0.0
USR_00269,1633.3,43.9,28,0.864,37,0.757,0.048,0.195,0.0,SmartTV,Standard,0.55,1.0
USR_00670,2931.0,64.6,30,0.914,45,0.765,0.074,0.162,-0.001,SmartTV,Standard,0.358,0.798
USR_04476,3611.4,63.8,24,0.992,56,0.239,0.124,0.159,0.478,SmartTV,Basic,0.597,0.95
USR_01911,1036.5,37.1,9,0.709,27,0.063,0.649,0.129,0.159,Tablet,Standard,0.598,0.427
USR_02986,394.2,7.7,11,0.15,35,0.073,0.228,0.522,0.177,SmartTV,Standard,0.215,0.402
USR_01153,2447.7,63.5,19,0.89,38,0.743,0.088,0.112,0.057,SmartTV,Basic,0.425,0.975
USR_04818,2898.6,84.6,12,0.931,34,0.329,0.09,0.241,0.34,SmartTV,Premium,0.388,0.871
USR_03456,310.7,12.5,8,0.52,24,0.189,0.178,0.631,0.002,Mobile,Free,0.452,0.199
USR_04242,1425.9,39.8,17,0.829,35,0.251,0.156,0.201,0.392,Console,Premium,0.379,0.708
USR_04550,3341.6,85.9,14,1.0,38,0.309,0.12,0.197,0.374,SmartTV,Premium,0.65,0.94
USR_02173,1133.9,64.7,7,0.68,17,0.001,0.844,0.131,0.024,Tablet,Standard,0.579,0.509
USR_04516,3898.8,79.4,16,0.95,49,0.32,0.096,0.146,0.438,Tablet,Standard,0.499,0.919
USR_01916,857.9,61.0,8,0.673,14,0.123,0.766,0.111,0.0,Console,Standard,0.76,0.464
USR_00613,2017.6,49.2,24,0.84,41,0.783,0.047,0.106,0.064,SmartTV,Premium,0.23,0.704
USR_02407,609.7,8.5,3,0.39,35,0.399,0.056,0.332,0.213,Web,Free,0.177,0.436
USR_04206,2055.6,39.2,16,0.88,52,0.346,0.17,0.299,0.185,SmartTV,Standard,0.326,0.689
USR_01899,844.9,64.6,4,0.731,13,0.115,0.695,0.191,-0.001,SmartTV,Free,0.695,0.566
USR_01650,767.6,56.8,7,0.83,13,0.067,0.69,0.18,0.063,SmartTV,Premium,0.667,0.43
USR_02608,234.1,16.2,8,0.312,14,0.162,0.155,0.608,0.075,Web,Basic,0.521,0.37
USR_00259,3279.4,48.9,17,0.969,67,0.819,0.052,0.129,0.0,Tablet,Standard,0.527,0.791
USR_00848,2333.8,52.6,22,0.9,44,0.83,0.07,0.039,0.061,Console,Standard,0.345,0.806
USR_04252,1973.3,34.7,19,0.8,56,0.15,0.263,0.315,0.272,Tablet,Basic,0.372,0.691
USR_01234,2285.8,52.8,31,0.888,43,0.821,0.087,0.092,0.0,SmartTV,Premium,0.373,0.877
USR_01128,2288.8,34.5,26,0.918,66,0.668,0.0,0.051,0.281,SmartTV,Standard,0.401,1.0
USR_01968,913.6,37.5,6,0.832,24,0.161,0.785,0.054,0.0,SmartTV,Standard,0.538,0.277
USR_00559,2416.9,68.1,21,0.729,35,0.766,0.102,0.055,0.077,SmartTV,Premium,0.389,0.836
USR_03906,2043.5,46.9,18,0.673,43,0.356,0.217,0.194,0.233,Tablet,Premium,0.313,0.714
USR_00485,2054.9,55.8,26,0.91,36,0.802,0.063,0.12,0.015,Mobile,Basic,0.436,0.768
USR_01321,300.0,40.7,5,0.718,7,0.183,0.59,0.227,0.0,SmartTV,Standard,0.737,0.344
USR_03405,550.4,18.5,7,0.401,29,0.252,0.141,0.464,0.143,Mobile,Basic,0.307,0.39
USR_00008,3092.1,25.0,25,0.885,90,0.753,0.064,0.001,0.182,SmartTV,Premium,0.402,0.879
USR_03280,80.0,23.0,5,0.251,3,0.256,0.178,0.567,-0.001,Mobile,Basic,0.234,0.17
USR_03190,346.7,18.8,1,0.336,18,0.075,0.164,0.673,0.088,Tablet,Free,0.452,0.448
USR_01451,1612.0,54.4,6,0.618,29,0.06,0.57,0.142,0.228,SmartTV,Standard,0.758,0.346
USR_03981,1858.2,48.3,12,0.81,38,0.279,0.257,0.207,0.257,SmartTV,Basic,0.275,0.613
USR_01815,650.7,85.9,10,0.745,7,0.084,0.747,0.051,0.118,Tablet,Standard,0.696,0.429
USR_00774,2390.1,76.0,24,0.835,31,0.77,0.038,0.163,0.029,Console,Premium,0.441,0.787
USR_01012,2170.4,68.2,22,0.848,31,0.852,0.027,0.105,0.016,SmartTV,Standard,0.406,0.912
USR_02819,108.5,15.2,1,0.15,7,0.199,0.102,0.493,0.206,Web,Free,0.38,0.168
USR_03276,614.7,15.9,2,0.354,35,0.219,0.19,0.591,0.0,Mobile,Free,0.358,0.489
USR_01992,313.5,32.8,7,0.651,9,0.085,0.666,0.217,0.032,SmartTV,Standard,0.695,0.315
USR_01278,1038.1,55.9,8,0.709,18,0.05,0.637,0.186,0.127,Tablet,Premium,0.658,0.41
USR_01784,958.5,36.9,6,0.896,25,0.17,0.696,0.134,0.0,SmartTV,Basic,0.646,0.324
USR_03106,577.6,22.0,6,0.427,26,0.122,0.112,0.403,0.363,Mobile,Free,0.408,0.236
USR_00447,1953.2,37.7,24,0.915,51,0.787,0.052,0.161,0.0,Console,Basic,0.381,0.926
USR_00881,3278.9,43.1,18,0.837,76,0.792,0.017,0.121,0.07,Web,Premium,0.488,0.893
USR_04460,3162.3,63.0,16,0.979,50,0.36,0.132,0.121,0.387,SmartTV,Premium,0.571,0.913
USR_00782,1792.7,95.5,24,0.855,18,0.685,0.0,0.049,0.266,Mobile,Premium,0.429,0.964
USR_01750,1138.1,37.3,11,0.644,30,0.093,0.821,0.086,0.0,SmartTV,Premium,0.687,0.547
USR_03389,442.3,15.5,6,0.502,28,0.288,0.157,0.555,0.0,Mobile,Basic,0.18,0.138
USR_04882,3111.2,86.1,16,0.914,36,0.304,0.09,0.233,0.373,SmartTV,Standard,0.664,0.917
USR_00884,2562.9,57.7,24,0.965,44,0.752,0.037,0.144,0.067,SmartTV,Free,0.461,0.835
USR_02945,474.7,10.2,11,0.233,35,0.21,0.054,0.564,0.172,SmartTV,Free,0.367,0.275
USR_01092,3089.9,65.1,20,0.959,47,0.601,0.012,0.059,0.328,Console,Premium,0.354,0.877
USR_04784,3777.2,56.8,13,0.922,60,0.186,0.101,0.225,0.488,SmartTV,Premium,0.63,0.932
USR_00532,2499.3,65.8,22,0.92,37,0.82,0.089,0.091,0.0,SmartTV,Standard,0.379,0.646
USR_04023,1556.1,43.5,17,0.803,35,0.368,0.208,0.207,0.217,Mobile,Standard,0.578,0.664
USR_04422,3565.6,89.6,10,0.992,39,0.256,0.0,0.129,0.615,SmartTV,Premium,0.509,0.862
USR_04099,2375.3,28.6,20,0.742,65,0.388,0.175,0.212,0.225,Mobile,Standard,0.396,0.591
USR_01728,1173.2,59.4,8,0.726,19,0.025,0.645,0.194,0.136,Tablet,Standard,0.764,0.507
USR_00611,2055.3,49.5,12,0.9,41,0.755,0.099,0.045,0.101,Tablet,Standard,0.37,0.729
USR_00571,2257.0,56.4,26,0.79,40,0.63,0.038,0.019,0.313,Mobile,Standard,0.386,0.89
USR_02672,249.8,10.7,3,0.623,23,0.273,0.088,0.639,0.0,SmartTV,Standard,0.332,0.503
USR_03719,2036.6,26.8,16,0.681,65,0.201,0.263,0.267,0.269,SmartTV,Standard,0.472,0.617
USR_00344,2558.2,77.8,18,0.83,32,0.849,0.0,0.068,0.083,Console,Standard,0.468,0.799
USR_03001,302.0,18.5,5,0.543,16,0.312,0.038,0.588,0.062,Mobile,Basic,0.448,0.098
USR_03140,492.0,12.1,7,0.556,35,0.249,0.208,0.504,0.039,Web,Standard,0.324,0.31
USR_00435,2062.8,52.3,17,0.989,39,0.729,0.093,0.11,0.068,Web,Standard,0.341,0.85
USR_01904,1248.2,33.1,7,0.659,37,0.13,0.725,0.092,0.053,Tablet,Standard,0.548,0.524
USR_03805,1441.3,44.6,18,0.824,32,0.274,0.26,0.234,0.232,SmartTV,Standard,0.577,0.598
USR_04777,2339.4,102.4,20,0.949,22,0.324,0.028,0.17,0.478,SmartTV,Premium,0.567,0.983
USR_02070,910.5,48.6,8,0.706,18,0.067,0.726,0.207,0.0,Tablet,Standard,0.672,0.416
USR_01538,1103.4,62.0,7,0.547,17,0.006,0.725,0.209,0.06,SmartTV,Standard,0.793,0.433
USR_02253,266.6,12.7,4,0.473,20,0.264,0.155,0.345,0.236,SmartTV,Basic,0.349,0.27
USR_02347,439.5,18.4,2,0.402,23,0.241,0.126,0.625,0.008,Mobile,Premium,0.424,0.169
USR_01518,827.8,56.9,5,0.606,14,0.141,0.655,0.205,-0.001,Console,Basic,0.727,0.426
USR_00966,2863.7,58.5,22,0.909,48,0.781,0.06,0.159,0.0,SmartTV,Standard,0.541,0.729
USR_04407,3650.8,59.8,8,0.917,60,0.215,0.116,0.233,0.436,SmartTV,Premium,0.584,0.913
USR_00529,1959.0,31.5,19,0.892,62,0.659,0.061,0.195,0.085,SmartTV,Premium,0.502,0.981
USR_00177,2342.2,32.4,19,0.886,72,0.794,0.019,0.163,0.024,Tablet,Standard,0.351,0.928
USR_03483,265.2,12.2,7,0.445,21,0.263,0.151,0.494,0.092,Web,Free,0.321,0.154
USR_02544,488.9,11.7,3,0.339,35,0.258,0.13,0.505,0.107,SmartTV,Free,0.433,0.357
USR_04936,2926.2,58.0,20,0.958,50,0.334,0.104,0.217,0.345,Tablet,Premium,0.566,0.928
USR_00573,2400.9,73.4,16,0.828,32,0.832,0.093,0.075,0.0,Console,Standard,0.488,0.877
USR_02300,257.9,20.6,3,0.378,12,0.268,0.153,0.445,0.134,Mobile,Premium,0.187,0.393
USR_03509,2311.4,30.1,19,0.683,65,0.385,0.23,0.294,0.091,SmartTV,Basic,0.439,0.334
USR_02460,253.5,24.8,1,0.242,10,0.211,0.044,0.654,0.091,Tablet,Basic,0.209,0.534
USR_03610,1830.4,57.9,21,0.804,31,0.268,0.326,0.301,0.105,Web,Basic,0.403,0.676
USR_04555,2763.6,80.5,15,0.963,34,0.239,0.041,0.185,0.535,Console,Standard,0.471,0.961
USR_02209,660.6,60.4,4,0.529,10,0.14,0.653,0.208,-0.001,SmartTV,Standard,0.643,0.432
USR_04721,3512.9,76.8,16,1.0,45,0.269,0.138,0.145,0.448,SmartTV,Premium,0.597,0.889
USR_02756,433.7,18.4,6,0.51,23,0.098,0.197,0.393,0.312,Mobile,Free,0.441,0.312
USR_00384,2300.3,57.5,25,0.783,40,0.807,0.097,0.079,0.017,SmartTV,Free,0.476,1.0
USR_00853,2744.4,67.9,23,0.763,40,0.766,0.014,0.09,0.13,SmartTV,Standard,0.498,0.874
USR_01881,1187.8,21.2,6,0.615,40,0.035,0.835,0.13,0.0,SmartTV,Standard,0.676,0.486
USR_00371,3126.7,51.1,27,0.796,61,0.833,0.031,0.029,0.107,Mobile,Standard,0.437,0.931
USR_02379,564.1,14.8,9,0.315,35,0.221,0.212,0.445,0.122,Mobile,Free,0.476,0.596
USR_04324,1552.7,45.9,21,0.691,33,0.312,0.19,0.155,0.343,Mobile,Basic,0.441,0.899
USR_01106,2117.2,56.2,18,0.931,37,0.732,0.056,0.016,0.196,Mobile,Standard,0.291,0.851
USR_03414,604.0,15.1,9,0.67,35,0.246,0.086,0.506,0.162,Web,Basic,0.259,0.207
USR_03947,1699.5,55.0,16,0.91,30,0.223,0.164,0.18,0.433,Mobile,Premium,0.29,0.454
USR_01337,891.0,41.1,2,0.722,21,0.099,0.815,0.086,0.0,SmartTV,Premium,0.593,0.1
USR_02190,770.8,58.8,2,0.754,13,0.015,0.68,0.171,0.134,SmartTV,Standard,0.9,0.434
USR_04595,3383.3,60.7,16,0.921,55,0.185,0.105,0.135,0.575,Web,Premium,0.681,0.891
USR_02320,148.7,21.3,9,0.293,6,0.28,0.123,0.538,0.059,Mobile,Free,0.425,0.187
USR_04706,2179.4,87.3,18,0.959,24,0.227,0.125,0.216,0.432,Web,Basic,0.619,0.916
USR_03711,2148.1,42.8,21,0.755,50,0.308,0.152,0.314,0.226,Mobile,Premium,0.479,0.648
USR_04849,3418.5,87.0,23,0.934,39,0.304,0.047,0.144,0.505,Tablet,Premium,0.81,0.945
USR_01172,2421.1,73.5,25,0.911,32,0.736,0.09,0.016,0.158,Web,Free,0.4,0.897
USR_04326,1796.9,46.4,20,0.799,38,0.262,0.189,0.348,0.201,Mobile,Basic,0.412,0.619
USR_02695,684.6,17.8,4,0.615,35,0.261,0.115,0.624,0.0,Mobile,Premium,0.509,0.25
USR_01423,973.5,58.4,7,0.741,16,0.032,0.554,0.173,0.241,SmartTV,Standard,0.854,0.3
USR_02342,585.8,12.3,6,0.514,35,0.27,0.05,0.536,0.144,Mobile,Basic,0.269,0.452
USR_02652,647.8,14.4,8,0.45,35,0.209,0.073,0.556,0.162,Mobile,Basic,0.297,0.197
USR_04156,1159.8,33.8,19,0.753,34,0.358,0.235,0.187,0.22,Mobile,Standard,0.351,0.739
USR_01465,1168.0,39.5,6,0.583,29,0.108,0.62,0.205,0.067,Web,Standard,0.812,0.315
USR_00875,2431.0,53.4,26,0.801,45,0.828,0.0,0.058,0.114,Console,Basic,0.323,0.913
USR_03340,485.9,16.0,4,0.465,30,0.21,0.075,0.533,0.182,Mobile,Premium,0.391,0.578
USR_04341,1508.2,58.4,15,0.518,25,0.172,0.214,0.233,0.381,Web,Standard,0.352,0.668
USR_01252,1264.2,49.8,4,0.619,25,0.098,0.705,0.197,0.0,Mobile,Standard,0.668,0.254
USR_02349,349.9,21.6,1,0.258,16,0.208,0.167,0.625,0.0,Mobile,Free,0.324,0.459
USR_00841,1604.3,51.4,23,0.86,31,0.755,0.011,0.128,0.106,SmartTV,Premium,0.368,0.677
USR_04569,3264.8,102.0,17,0.896,32,0.149,0.037,0.135,0.679,SmartTV,Basic,0.536,0.909
USR_00582,2830.1,54.8,24,0.915,51,0.76,0.063,0.081,0.096,SmartTV,Premium,0.302,0.871
USR_00205,2474.1,55.6,22,0.895,44,0.76,0.12,0.02,0.1,Web,Standard,0.354,0.842
USR_01642,1025.5,40.9,8,0.794,25,0.0,0.691,0.223,0.086,SmartTV,Premium,0.629,0.606
USR_02015,1158.3,43.3,8,0.634,26,0.069,0.727,0.183,0.021,Tablet,Premium,0.722,0.401
USR_00906,2730.3,51.2,18,0.914,53,0.831,0.072,0.097,0.0,Mobile,Premium,0.341,0.891
USR_00632,1984.2,59.6,24,0.894,33,0.72,0.075,0.106,0.099,SmartTV,Standard,0.495,0.912
USR_03365,225.4,18.6,1,0.498,12,0.229,0.142,0.487,0.142,Mobile,Free,0.381,0.371
USR_01975,1351.3,59.1,11,0.571,22,0.023,0.772,0.06,0.145,SmartTV,Standard,0.651,0.513
USR_00163,2792.1,38.8,22,0.996,71,0.69,0.033,0.126,0.151,Web,Premium,0.434,0.878
USR_03173,577.8,8.4,3,0.574,35,0.185,0.0,0.68,0.135,Mobile,Basic,0.479,0.407
USR_03613,1901.4,39.1,14,0.778,48,0.272,0.198,0.276,0.254,Mobile,Basic,0.515,0.631
USR_04676,4203.8,87.5,7,1.0,48,0.222,0.046,0.11,0.622,SmartTV,Standard,0.586,0.935
USR_00618,2464.9,50.8,21,0.858,48,0.796,0.098,0.107,-0.001,SmartTV,Standard,0.393,0.847
USR_04069,2148.9,31.4,15,0.553,65,0.302,0.175,0.28,0.243,Web,Basic,0.355,0.893
USR_01432,1474.7,56.3,9,0.674,26,0.068,0.765,0.156,0.011,SmartTV,Standard,0.654,0.233
USR_00548,2239.8,40.2,19,0.907,55,0.84,0.047,0.112,0.001,Mobile,Standard,0.411,1.0
USR_03335,409.7,23.1,6,0.484,17,0.258,0.101,0.577,0.064,Mobile,Free,0.234,0.359
USR_04547,3807.3,94.4,22,0.944,40,0.308,0.025,0.237,0.43,SmartTV,Premium,0.556,0.967
USR_04224,1800.8,26.3,21,0.737,65,0.262,0.255,0.163,0.32,Console,Free,0.382,0.704
USR_02388,523.1,21.9,1,0.349,23,0.193,0.004,0.618,0.185,Mobile,Free,0.524,0.609
USR_04244,2450.9,39.3,23,0.893,62,0.284,0.225,0.311,0.18,SmartTV,Standard,0.386,0.705
USR_03996,1908.5,41.3,21,0.761,46,0.341,0.184,0.189,0.286,SmartTV,Standard,0.369,0.488
USR_04066,1260.1,23.2,15,0.674,54,0.204,0.248,0.173,0.375,SmartTV,Basic,0.347,0.666
USR_01862,849.0,26.3,8,0.853,32,0.097,0.648,0.053,0.202,Tablet,Premium,0.758,0.352
USR_00641,3361.0,58.4,28,0.842,57,0.777,0.061,0.0,0.162,Tablet,Premium,0.327,0.762
USR_03903,1664.5,35.9,15,0.715,46,0.398,0.175,0.226,0.201,SmartTV,Basic,0.403,0.474
USR_00638,2002.3,62.4,24,0.929,32,0.782,0.171,0.047,0.0,SmartTV,Standard,0.283,0.819
USR_04263,1797.2,36.5,19,0.683,49,0.334,0.282,0.252,0.132,Mobile,Standard,0.521,0.669
USR_03911,976.2,54.0,15,0.848,18,0.317,0.149,0.262,0.272,Web,Standard,0.549,0.578
USR_02987,536.0,10.0,4,0.525,35,0.155,0.137,0.677,0.031,Mobile,Free,0.1,0.249
USR_02097,1069.1,60.7,8,0.548,17,0.037,0.675,0.027,0.261,SmartTV,Premium,0.793,0.433
USR_04612,3053.8,83.4,14,0.952,36,0.341,0.036,0.136,0.487,Web,Premium,0.657,0.903
USR_03076,709.4,9.1,2,0.552,35,0.336,0.122,0.25,0.292,Console,Basic,0.261,0.35
USR_03675,1937.4,62.2,16,0.762,31,0.347,0.277,0.219,0.157,Mobile,Premium,0.375,0.587
USR_02842,243.8,13.4,6,0.458,18,0.051,0.17,0.411,0.368,Tablet,Free,0.347,0.201
USR_00922,2920.5,71.3,21,0.905,40,0.735,0.097,0.12,0.048,Mobile,Standard,0.355,0.757
USR_00547,2492.3,35.5,29,0.87,70,0.843,0.027,0.115,0.015,Console,Standard,0.316,0.886
USR_03667,1802.4,32.2,16,0.751,55,0.262,0.191,0.236,0.311,Mobile,Free,0.404,0.928
USR_01901,588.1,28.3,9,0.776,20,0.103,0.713,0.184,0.0,Tablet,Basic,0.467,0.474
USR_02029,983.3,69.6,11,0.426,14,0.094,0.459,0.191,0.256,SmartTV,Premium,0.792,0.415
USR_02302,305.9,17.3,2,0.397,17,0.234,0.148,0.618,0.0,SmartTV,Free,0.412,0.342
USR_01886,768.6,64.6,5,0.705,11,0.069,0.768,0.164,-0.001,SmartTV,Basic,0.692,0.353
USR_01643,807.9,44.0,14,0.886,18,0.086,0.659,0.147,0.108,SmartTV,Standard,0.704,0.271
USR_03510,1352.2,45.6,19,0.53,29,0.266,0.196,0.319,0.219,SmartTV,Standard,0.453,0.628
USR_04810,3412.8,103.0,14,0.978,33,0.294,0.05,0.221,0.435,Tablet,Free,0.489,0.941
USR_02098,666.1,51.5,5,0.458,12,0.012,0.675,0.194,0.119,SmartTV,Standard,0.715,0.437
USR_04358,1744.1,43.8,17,0.683,39,0.237,0.227,0.301,0.235,Tablet,Basic,0.451,0.718
USR_03789,2051.2,35.6,24,0.735,57,0.305,0.22,0.243,0.232,SmartTV,Standard,0.425,0.508
USR_04495,2872.4,90.5,15,0.912,31,0.326,0.119,0.218,0.337,SmartTV,Premium,0.581,0.86
USR_04968,3399.8,80.0,11,0.934,42,0.22,0.095,0.186,0.499,Tablet,Basic,0.425,0.987
USR_00837,2632.4,40.1,20,0.844,65,0.736,0.098,0.135,0.031,Tablet,Premium,0.418,0.806
USR_00602,1932.9,30.1,21,1.0,64,0.664,0.0,0.026,0.31,Web,Standard,0.492,0.94
USR_02185,657.2,51.6,2,0.726,12,0.01,0.71,0.068,0.212,SmartTV,Premium,0.68,0.489
USR_03866,1856.5,37.2,15,0.749,49,0.321,0.301,0.152,0.226,Web,Standard,0.18,0.846
USR_02482,236.1,27.6,11,0.366,8,0.109,0.14,0.467,0.284,Mobile,Premium,0.491,0.182
USR_04308,1907.6,36.6,13,0.83,52,0.273,0.291,0.228,0.208,SmartTV,Premium,0.373,0.514
USR_01583,1346.0,23.4,10,0.746,40,0.036,0.745,0.203,0.016,SmartTV,Premium,0.597,0.473
USR_04267,1576.8,60.0,17,0.605,26,0.188,0.21,0.265,0.337,Web,Basic,0.474,0.54
USR_02534,340.0,21.4,7,0.271,15,0.286,0.145,0.569,0.0,SmartTV,Basic,0.305,0.327
USR_02726,577.9,23.9,1,0.396,24,0.257,0.0,0.743,0.0,Mobile,Free,0.509,0.397
USR_01071,2498.7,55.4,19,0.749,45,0.691,0.038,0.088,0.183,SmartTV,Standard,0.33,0.811
USR_01776,832.3,56.4,11,0.579,14,0.003,0.8,0.041,0.156,SmartTV,Basic,0.802,0.311
USR_04809,3684.5,79.7,14,0.956,46,0.172,0.087,0.223,0.518,SmartTV,Free,0.581,0.922
USR_01284,1209.6,59.1,8,0.622,20,0.118,0.569,0.115,0.198,Tablet,Premium,0.503,0.336
USR_03051,272.3,22.7,7,0.305,11,0.363,0.052,0.585,0.0,Mobile,Free,0.532,0.316
USR_04754,3376.6,69.6,18,0.998,48,0.219,0.075,0.191,0.515,SmartTV,Premium,0.526,0.929
USR_01837,1212.5,48.7,7,0.785,24,0.13,0.45,0.179,0.241,SmartTV,Standard,0.683,0.263
USR_04243,1984.3,58.5,20,0.669,33,0.268,0.112,0.234,0.386,SmartTV,Standard,0.346,0.372
USR_01020,2345.2,66.2,23,0.861,35,0.775,0.102,0.123,0.0,Tablet,Standard,0.179,0.976
USR_04134,1701.7,47.8,23,0.665,35,0.193,0.207,0.219,0.381,Mobile,Standard,0.399,0.713
USR_01327,928.8,29.4,5,0.889,31,0.052,0.884,0.063,0.001,Mobile,Premium,0.575,0.379
USR_00476,1826.6,46.2,21,0.976,39,0.846,0.06,0.088,0.006,Console,Premium,0.426,0.809
USR_04272,1654.9,42.9,19,0.736,38,0.308,0.209,0.289,0.194,Mobile,Premium,0.365,0.815
USR_01652,1005.6,52.5,7,0.673,19,0.09,0.796,0.046,0.068,Mobile,Premium,0.656,0.601
USR_03999,1129.4,40.8,17,0.703,27,0.283,0.2,0.244,0.273,SmartTV,Standard,0.332,0.823
USR_04468,2044.8,67.7,14,0.937,30,0.237,0.038,0.091,0.634,SmartTV,Premium,0.506,0.906
USR_02611,196.5,23.2,6,0.567,8,0.246,0.12,0.546,0.088,Mobile,Standard,0.133,0.185
USR_02477,257.3,12.5,6,0.307,20,0.233,0.105,0.536,0.126,Tablet,Basic,0.236,0.324
USR_02584,200.3,22.6,9,0.513,8,0.289,0.0,0.486,0.225,Web,Basic,0.466,0.125
USR_01374,869.5,50.4,6,0.681,17,0.022,0.641,0.123,0.214,Web,Standard,0.586,0.359
USR_00740,2486.4,60.1,28,0.978,41,0.607,0.083,0.091,0.219,Console,Premium,0.432,0.818
USR_03619,2373.7,51.2,19,0.723,46,0.215,0.28,0.296,0.209,Mobile,Standard,0.441,0.69
USR_02441,238.8,24.8,4,0.261,9,0.309,0.152,0.539,0.0,SmartTV,Basic,0.394,0.39
USR_00868,2936.0,63.1,26,0.936,46,0.774,0.01,0.05,0.166,Mobile,Basic,0.442,0.877
USR_01141,2594.1,40.9,21,0.875,63,0.883,0.031,0.086,0.0,SmartTV,Premium,0.233,0.989
USR_00998,2413.9,49.8,25,0.783,48,0.671,0.104,0.041,0.184,Mobile,Basic,0.274,0.999
USR_01338,876.6,78.0,7,0.696,11,0.012,0.749,0.021,0.218,SmartTV,Standard,0.749,0.507
USR_00542,2208.4,60.4,20,0.913,36,0.609,0.043,0.186,0.162,Tablet,Free,0.359,0.802
USR_01100,2618.8,48.5,17,0.832,54,0.8,0.009,0.063,0.128,Console,Premium,0.473,1.0
USR_01133,2028.8,40.6,27,0.727,49,0.744,0.0,0.058,0.198,SmartTV,Basic,0.381,0.961
USR_04065,1530.7,43.4,21,0.73,35,0.237,0.278,0.188,0.297,SmartTV,Premium,0.417,0.472
USR_02716,217.3,18.4,5,0.387,11,0.191,0.062,0.645,0.102,Mobile,Free,0.383,0.122
USR_02259,467.9,28.6,6,0.577,16,0.168,0.123,0.387,0.322,Tablet,Premium,0.458,0.282
USR_04751,3525.9,94.4,18,0.919,37,0.273,0.138,0.21,0.379,Mobile,Standard,0.59,0.893
USR_00060,3073.2,58.4,17,1.0,52,0.792,0.064,0.136,0.008,Web,Basic,0.458,0.868
USR_02884,403.7,22.6,8,0.15,17,0.185,0.009,0.546,0.26,SmartTV,Basic,0.314,0.503
USR_01939,1059.8,57.0,3,0.572,18,0.084,0.706,0.171,0.039,SmartTV,Basic,0.666,0.572
USR_02577,271.6,18.9,8,0.617,14,0.078,0.122,0.574,0.226,Mobile,Free,0.385,0.451
USR_04937,2793.7,89.4,13,0.951,31,0.29,0.055,0.189,0.466,Web,Standard,0.588,0.903
USR_01079,2308.6,53.1,25,0.925,43,0.834,0.049,0.031,0.086,Console,Premium,0.453,0.892
USR_03250,295.0,25.1,8,0.438,11,0.083,0.119,0.71,0.088,Mobile,Free,0.376,0.244
USR_03128,255.0,19.5,14,0.303,13,0.195,0.264,0.467,0.074,Mobile,Free,0.405,0.581
USR_02489,453.2,18.0,8,0.463,25,0.15,0.152,0.547,0.151,Web,Basic,0.423,0.284
USR_00941,2695.6,46.3,22,0.887,58,0.808,0.094,0.037,0.061,Mobile,Standard,0.267,0.805
USR_01081,2112.5,42.0,23,0.914,50,0.711,0.121,0.084,0.084,Web,Premium,0.542,0.799
USR_00188,3018.5,67.7,22,0.877,44,0.791,0.079,0.13,0.0,SmartTV,Basic,0.464,0.857
USR_02635,412.7,25.4,1,0.254,16,0.224,0.141,0.635,0.0,Mobile,Basic,0.427,0.121
USR_02086,949.2,27.5,8,0.6,34,0.13,0.559,0.174,0.137,Mobile,Standard,0.542,0.378
USR_02250,933.2,40.1,8,0.554,23,0.089,0.676,0.065,0.17,Tablet,Free,0.547,0.279
USR_04891,2479.6,63.8,17,0.922,38,0.304,0.121,0.176,0.399,SmartTV,Premium,0.489,0.972
USR_02024,1263.5,53.4,7,0.769,23,0.142,0.743,0.115,0.0,Web,Premium,0.714,0.609
USR_03540,1340.7,30.2,15,0.657,44,0.219,0.184,0.295,0.302,SmartTV,Free,0.242,0.702
USR_04049,1316.1,49.3,18,0.928,26,0.309,0.205,0.245,0.241,SmartTV,Standard,0.295,0.798
USR_03607,1411.2,46.9,23,0.802,30,0.364,0.15,0.216,0.27,Mobile,Basic,0.451,0.831
USR_00227,2902.8,72.4,20,0.8,40,0.743,0.07,0.052,0.135,SmartTV,Standard,0.343,0.878
USR_04848,3308.0,81.4,12,0.936,40,0.317,0.137,0.213,0.333,Web,Premium,0.492,0.991
USR_01930,910.4,33.8,10,0.693,26,0.121,0.755,0.125,-0.001,Console,Basic,0.648,0.428
USR_03056,442.5,17.5,1,0.302,25,0.297,0.187,0.516,0.0,Tablet,Free,0.444,0.183
USR_04490,3210.2,90.8,14,0.995,35,0.22,0.029,0.176,0.575,SmartTV,Standard,0.658,0.925
USR_01405,1016.3,41.9,8,0.769,24,0.075,0.711,0.214,0.0,Mobile,Premium,0.727,0.444
USR_02180,942.8,40.5,2,0.831,23,0.093,0.674,0.061,0.172,SmartTV,Premium,0.557,0.47
USR_00698,1540.9,60.6,24,0.914,25,0.79,0.094,0.116,0.0,Console,Standard,0.395,0.786
USR_01125,2370.0,28.3,23,0.907,83,0.844,0.047,0.109,0.0,SmartTV,Basic,0.351,0.821
USR_03362,443.5,23.1,2,0.211,19,0.195,0.218,0.586,0.001,Tablet,Free,0.253,0.377
USR_04136,1858.1,38.6,14,0.741,48,0.259,0.197,0.294,0.25,Web,Basic,0.408,0.52
USR_01779,1227.3,32.1,7,0.817,38,0.096,0.754,0.069,0.081,Tablet,Standard,0.576,0.533
USR_02859,80.0,16.4,6,0.58,4,0.223,0.18,0.47,0.127,SmartTV,Basic,0.31,0.458
USR_01038,2757.0,46.7,26,0.931,59,0.808,0.033,0.092,0.067,Tablet,Premium,0.248,0.868
USR_04457,2883.0,85.1,20,0.977,33,0.315,0.105,0.234,0.346,SmartTV,Standard,0.324,0.875
USR_02257,561.7,20.6,7,0.299,27,0.172,0.167,0.661,0.0,SmartTV,Free,0.117,0.215
USR_00314,2602.3,80.0,17,0.858,32,0.817,0.058,0.051,0.074,SmartTV,Basic,0.51,1.0
USR_02282,156.3,16.6,2,0.275,9,0.266,0.132,0.585,0.017,Tablet,Free,0.307,0.419
USR_01417,974.6,45.2,8,0.95,21,0.091,0.75,0.159,0.0,SmartTV,Premium,0.654,0.575
USR_01037,1278.4,62.9,17,0.817,20,0.814,0.045,0.141,0.0,Tablet,Standard,0.517,0.798
USR_02160,746.8,45.5,12,0.636,16,0.075,0.811,0.115,-0.001,SmartTV,Basic,0.605,0.15
USR_04164,2217.3,45.7,19,0.85,48,0.255,0.299,0.196,0.25,Mobile,Premium,0.242,0.721
USR_01755,988.9,46.6,7,0.635,21,0.093,0.753,0.154,0.0,SmartTV,Premium,0.668,0.401
USR_03113,401.4,26.7,3,0.202,15,0.218,0.155,0.594,0.033,SmartTV,Standard,0.214,0.056
USR_02814,160.5,19.6,6,0.5,8,0.237,0.086,0.589,0.088,Tablet,Basic,0.353,0.233
USR_02699,325.3,22.9,7,0.339,14,0.281,0.109,0.61,0.0,Mobile,Basic,0.585,0.323
USR_03208,429.5,28.7,5,0.563,14,0.215,0.22,0.565,0.0,Web,Basic,0.355,0.394
USR_04351,1349.2,41.3,17,0.84,32,0.336,0.248,0.243,0.173,Mobile,Free,0.364,0.647
USR_03432,341.4,17.8,1,0.559,19,0.073,0.171,0.36,0.396,Mobile,Free,0.3,0.486
USR_01507,708.0,40.1,8,0.736,17,0.0,0.718,0.105,0.177,Mobile,Standard,0.615,0.436
USR_01924,1138.9,53.5,11,0.59,21,0.0,0.67,0.201,0.129,SmartTV,Premium,0.522,0.279
USR_00449,2725.3,56.3,26,0.911,48,0.782,0.048,0.096,0.074,Mobile,Premium,0.166,0.867
USR_04129,1787.7,44.3,23,0.74,40,0.315,0.236,0.241,0.208,SmartTV,Basic,0.385,0.809
USR_02529,347.2,20.0,6,0.259,17,0.08,0.12,0.47,0.33,Mobile,Free,0.339,0.46
USR_04970,2456.0,101.9,12,0.989,24,0.164,0.068,0.111,0.657,SmartTV,Standard,0.509,1.0
USR_02790,337.1,15.4,1,0.668,21,0.143,0.176,0.68,0.001,Mobile,Free,0.376,0.285
USR_00362,2764.9,44.7,22,0.804,61,0.619,0.045,0.094,0.242,Console,Basic,0.388,0.755
USR_02184,762.1,23.2,5,0.86,32,0.092,0.741,0.123,0.044,SmartTV,Premium,0.675,0.368
USR_01135,2435.0,73.5,23,0.718,33,0.804,0.002,0.052,0.142,Web,Premium,0.355,0.797
USR_03881,1843.3,35.7,22,0.711,51,0.3,0.245,0.327,0.128,Mobile,Standard,0.336,0.703
USR_02156,534.0,37.2,12,0.497,14,0.017,0.674,0.126,0.183,SmartTV,Premium,0.591,0.281
USR_01831,816.5,63.8,8,0.718,12,0.124,0.638,0.238,0.0,SmartTV,Premium,0.635,0.66
USR_01054,2620.1,68.1,25,0.905,38,0.785,0.086,0.116,0.013,SmartTV,Standard,0.505,0.922
USR_00023,2078.1,63.2,19,0.893,32,0.765,0.033,0.202,0.0,Web,Standard,0.471,0.688
USR_02067,1061.4,47.3,6,0.725,22,0.064,0.783,0.152,0.001,Mobile,Standard,0.588,0.363
USR_01654,596.8,46.5,3,0.748,12,0.141,0.682,0.132,0.045,Web,Standard,0.664,0.442
USR_02588,420.6,10.7,9,0.347,35,0.333,0.092,0.576,-0.001,Tablet,Premium,0.1,0.124
USR_03211,291.1,8.9,4,0.213,32,0.313,0.083,0.604,0.0,Tablet,Basic,0.291,0.121
USR_04303,1711.4,49.8,12,0.676,34,0.405,0.263,0.196,0.136,Mobile,Standard,0.42,0.531
USR_04037,1588.8,41.3,18,0.667,38,0.168,0.234,0.292,0.306,Tablet,Standard,0.31,0.779
USR_02326,472.5,20.9,4,0.609,22,0.271,0.125,0.507,0.097,Mobile,Free,0.467,0.209
USR_00461,1419.8,48.6,19,0.909,29,0.55,0.162,0.127,0.161,SmartTV,Basic,0.432,0.945
USR_01068,2764.0,77.4,20,0.837,35,0.789,0.082,0.129,0.0,SmartTV,Premium,0.571,0.851
USR_00088,2420.9,62.7,30,0.862,38,0.763,0.067,0.171,-0.001,Tablet,Premium,0.412,0.872
USR_01431,1404.6,50.7,7,0.621,27,0.033,0.657,0.119,0.191,SmartTV,Basic,0.631,0.341
USR_02648,304.6,10.6,7,0.469,28,0.261,0.099,0.64,0.0,Mobile,Free,0.382,0.385
USR_00283,1655.3,43.5,21,0.886,38,0.671,0.155,0.174,0.0,Mobile,Basic,0.468,0.856
USR_00463,2485.9,54.6,22,0.849,45,0.868,0.099,0.033,0.0,Mobile,Standard,0.439,0.801
USR_00213,1560.1,67.1,19,0.927,23,0.603,0.096,0.039,0.262,SmartTV,Free,0.478,0.851
USR_02500,500.7,13.5,10,0.45,35,0.379,0.131,0.49,0.0,Mobile,Basic,0.516,0.345
USR_01369,783.1,20.0,9,0.789,39,0.102,0.656,0.072,0.17,SmartTV,Standard,0.729,0.437
USR_00235,2624.9,60.7,22,0.925,43,0.823,0.01,0.143,0.024,SmartTV,Premium,0.491,0.789
USR_02771,333.9,23.5,4,0.376,14,0.197,0.081,0.674,0.048,Mobile,Free,0.458,0.316
USR_00598,2412.9,40.1,24,0.946,60,0.788,0.143,0.069,0.0,Mobile,Premium,0.497,0.842
USR_04421,2445.5,65.0,16,0.952,37,0.307,0.041,0.242,0.41,SmartTV,Standard,0.468,0.899
USR_02251,460.5,19.8,3,0.547,23,0.185,0.147,0.502,0.166,Web,Standard,0.395,0.268
USR_04032,1883.7,45.4,19,0.694,41,0.274,0.176,0.206,0.344,Web,Basic,0.357,0.491
USR_02284,526.2,12.6,5,0.582,35,0.208,0.088,0.34,0.364,Tablet,Basic,0.532,0.385
USR_00663,2753.3,33.7,24,0.866,81,0.757,0.082,0.162,-0.001,Mobile,Premium,0.528,0.958
USR_04964,3348.8,78.9,13,0.937,42,0.236,0.135,0.291,0.338,SmartTV,Premium,0.681,0.897
USR_02286,536.6,21.3,7,0.366,25,0.174,0.167,0.457,0.202,Mobile,Standard,0.348,0.507
USR_04717,2788.9,81.0,19,0.939,34,0.284,0.111,0.249,0.356,SmartTV,Premium,0.599,0.924
USR_03194,379.1,15.2,8,0.435,24,0.322,0.142,0.4,0.136,Mobile,Free,0.281,0.337
USR_02504,256.0,15.7,5,0.498,16,0.278,0.091,0.632,-0.001,Mobile,Basic,0.328,0.424
USR_04044,1648.3,39.4,20,0.893,41,0.247,0.216,0.2,0.337,Web,Basic,0.414,0.631
USR_00780,2602.2,49.8,30,0.865,52,0.846,0.06,0.008,0.086,Tablet,Premium,0.256,0.804
USR_04020,1864.8,54.0,14,0.655,34,0.404,0.277,0.209,0.11,Mobile,Standard,0.478,0.594
USR_03427,529.5,17.6,4,0.473,30,0.081,0.089,0.516,0.314,Mobile,Basic,0.376,0.279
USR_04307,1449.3,44.0,22,0.843,32,0.284,0.195,0.19,0.331,SmartTV,Standard,0.576,0.615
USR_03197,202.9,12.8,8,0.557,15,0.21,0.009,0.39,0.391,Mobile,Basic,0.222,0.106
USR_04836,3004.8,100.8,14,0.972,29,0.159,0.006,0.269,0.566,Tablet,Standard,0.506,0.969
USR_00686,2116.9,32.0,16,0.9,66,0.714,0.102,0.148,0.036,Console,Standard,0.478,0.996
USR_03170,623.8,20.5,7,0.669,30,0.244,0.118,0.541,0.097,Web,Free,0.541,0.664
USR_03927,2104.9,48.7,9,0.633,43,0.406,0.276,0.219,0.099,Console,Basic,0.266,0.5
USR_03435,223.5,13.0,6,0.59,17,0.144,0.052,0.454,0.35,Mobile,Free,0.39,0.484
USR_02172,965.8,31.6,7,0.53,30,0.066,0.692,0.0,0.242,SmartTV,Premium,0.733,0.398
USR_03690,1940.8,34.5,16,0.728,56,0.331,0.218,0.252,0.199,SmartTV,Premium,0.365,0.682
USR_01851,681.4,56.3,6,0.497,12,0.155,0.691,0.077,0.077,Tablet,Standard,0.639,0.324
USR_00488,2444.0,59.7,23,0.785,40,0.784,0.079,0.136,0.001,Web,Basic,0.365,0.797
USR_01689,921.6,33.8,8,0.719,27,0.115,0.778,0.108,-0.001,SmartTV,Standard,0.73,0.479
USR_02231,900.7,46.5,6,0.657,19,0.037,0.871,0.092,0.0,Console,Premium,0.643,0.333
USR_03265,412.3,13.3,6,0.412,30,0.247,0.209,0.544,0.0,Mobile,Basic,0.594,0.368
USR_02321,808.1,26.0,4,0.289,31,0.213,0.131,0.637,0.019,Mobile,Premium,0.21,0.343
USR_00783,2254.6,58.2,19,0.983,38,0.763,0.057,0.0,0.18,Web,Standard,0.404,0.917
USR_00522,2106.7,63.4,24,0.89,33,0.656,0.041,0.142,0.161,SmartTV,Free,0.336,0.647
USR_00523,2297.8,53.3,22,0.924,43,0.784,0.066,0.15,0.0,SmartTV,Standard,0.298,0.89
USR_02838,364.2,16.4,1,0.282,22,0.188,0.0,0.59,0.222,Mobile,Standard,0.185,0.403
USR_04540,3543.7,111.7,14,0.98,31,0.329,0.111,0.189,0.371,Web,Standard,0.546,0.947
USR_02399,487.0,19.4,6,0.476,25,0.258,0.249,0.493,0.0,Mobile,Basic,0.33,0.114
USR_02208,617.5,52.3,7,0.734,11,0.011,0.85,0.129,0.01,Tablet,Basic,0.756,0.535
USR_03478,317.1,24.6,7,0.252,12,0.199,0.0,0.619,0.182,Mobile,Free,0.596,0.0
USR_03553,1734.3,63.9,18,0.771,27,0.274,0.222,0.249,0.255,Web,Basic,0.361,0.671
USR_04088,1611.8,47.5,12,0.822,33,0.264,0.232,0.138,0.366,Console,Standard,0.42,0.525
USR_02823,324.7,27.7,8,0.528,11,0.212,0.151,0.421,0.216,SmartTV,Basic,0.43,0.269
USR_01512,988.0,42.5,10,0.623,23,0.115,0.818,0.067,0.0,Tablet,Premium,0.709,0.75
USR_01883,1129.7,29.3,11,0.76,38,0.074,0.517,0.197,0.212,SmartTV,Premium,0.621,0.462
USR_00652,2033.3,47.4,21,0.941,42,0.883,0.009,0.108,0.0,Console,Premium,0.363,0.807
USR_04931,1981.2,96.0,18,1.0,20,0.193,0.103,0.066,0.638,Tablet,Premium,0.373,0.908
USR_03090,527.3,16.1,6,0.549,32,0.342,0.129,0.491,0.038,Mobile,Basic,0.177,0.316
USR_00370,2662.2,50.3,26,0.964,52,0.811,0.074,0.114,0.001,SmartTV,Premium,0.376,0.84
USR_04998,3213.0,113.1,22,0.953,28,0.271,0.162,0.111,0.456,SmartTV,Standard,0.626,0.959
USR_00119,2038.3,74.7,28,0.847,27,0.801,0.121,0.078,0.0,SmartTV,Standard,0.404,0.803
USR_03321,487.5,22.5,4,0.481,21,0.126,0.095,0.524,0.255,Tablet,Basic,0.242,0.333
USR_03035,423.5,26.0,12,0.724,16,0.126,0.049,0.473,0.352,Mobile,Free,0.365,0.538
USR_02217,1132.9,40.6,5,0.541,27,0.082,0.578,0.146,0.194,SmartTV,Standard,0.802,0.378
USR_03543,1455.6,52.5,18,0.759,27,0.21,0.262,0.252,0.276,Console,Premium,0.442,0.639
USR_01614,916.8,43.5,9,0.689,21,0.1,0.718,0.044,0.138,SmartTV,Standard,0.683,0.428
USR_03152,268.7,38.0,8,0.433,7,0.274,0.084,0.549,0.093,Mobile,Free,0.465,0.296
USR_00963,1936.0,48.8,29,0.935,39,0.838,0.074,0.067,0.021,Tablet,Premium,0.404,0.844
USR_02511,218.7,18.5,6,0.304,11,0.125,0.091,0.527,0.257,Mobile,Premium,0.295,0.142
USR_03832,1723.7,45.7,16,0.772,37,0.347,0.265,0.281,0.107,Web,Free,0.425,0.58
USR_02824,266.7,31.9,7,0.61,8,0.311,0.122,0.471,0.096,Web,Free,0.141,0.169
USR_04344,1751.8,33.5,19,0.806,52,0.302,0.252,0.286,0.16,Mobile,Standard,0.364,0.598
USR_03033,359.2,7.9,6,0.533,35,0.378,0.05,0.572,0.0,SmartTV,Basic,0.265,0.131
USR_02416,298.4,17.2,2,0.217,17,0.217,0.063,0.622,0.098,Mobile,Basic,0.316,0.346
USR_04655,2604.4,65.9,20,0.976,39,0.2,0.041,0.125,0.634,SmartTV,Premium,0.478,0.978
USR_04237,2120.8,41.7,15,0.814,50,0.3,0.264,0.244,0.192,Tablet,Basic,0.282,0.919
USR_02186,1325.7,26.4,10,0.694,40,0.057,0.796,0.126,0.021,Tablet,Basic,0.752,0.301
USR_03670,1796.0,62.0,19,0.818,28,0.363,0.245,0.207,0.185,Web,Standard,0.252,0.695
USR_02038,748.3,51.3,9,0.791,14,0.048,0.604,0.138,0.21,Mobile,Basic,0.647,0.514
USR_04363,1685.0,42.2,23,0.749,39,0.251,0.216,0.258,0.275,SmartTV,Standard,0.15,0.709
USR_00773,2816.8,50.4,22,0.818,55,0.819,0.03,0.093,0.058,Mobile,Standard,0.49,0.913
USR_01285,962.7,50.4,3,0.639,19,0.046,0.654,0.176,0.124,SmartTV,Standard,0.594,0.347
USR_04604,2114.2,95.7,20,0.988,22,0.218,0.075,0.195,0.512,Tablet,Premium,0.639,0.868
USR_04795,3953.4,85.5,12,0.933,46,0.212,0.121,0.15,0.517,Tablet,Standard,0.646,0.844
USR_01415,762.9,30.1,7,0.869,25,0.084,0.687,0.185,0.044,SmartTV,Premium,0.664,0.644
USR_01235,2474.9,69.8,30,0.931,35,0.848,0.031,0.121,0.0,SmartTV,Premium,0.527,0.778
USR_02700,377.8,12.7,4,0.501,29,0.209,0.063,0.579,0.149,SmartTV,Basic,0.431,0.25
USR_00436,2752.8,67.3,25,0.852,40,0.683,0.035,0.11,0.172,Console,Standard,0.464,0.676
USR_01675,855.8,27.4,5,0.742,31,0.029,0.783,0.188,0.0,Tablet,Premium,0.813,0.435
USR_00366,2622.1,70.6,17,0.858,37,0.766,0.004,0.13,0.1,SmartTV,Standard,0.362,0.834
USR_02650,447.6,22.0,3,0.632,20,0.33,0.069,0.468,0.133,Mobile,Free,0.501,0.569
USR_00232,2631.4,68.5,20,0.914,38,0.688,0.059,0.091,0.162,Console,Standard,0.438,0.82
USR_04268,1564.4,54.8,24,0.768,28,0.392,0.185,0.261,0.162,Mobile,Standard,0.305,0.719
USR_04042,1927.2,51.5,18,0.723,37,0.231,0.198,0.31,0.261,Tablet,Basic,0.325,0.429
USR_04400,1049.7,41.5,20,0.696,25,0.282,0.206,0.273,0.239,Tablet,Standard,0.391,0.449
USR_00408,2483.6,61.1,20,0.791,40,0.761,0.108,0.024,0.107,SmartTV,Standard,0.336,0.86
USR_02091,1308.6,32.1,9,0.704,40,0.057,0.723,0.219,0.001,SmartTV,Premium,0.65,0.391
USR_00087,2324.8,56.8,26,0.831,40,0.813,0.044,0.101,0.042,Tablet,Standard,0.522,0.865
USR_00845,3193.3,48.9,15,0.93,65,0.885,0.072,0.043,0.0,SmartTV,Basic,0.41,0.761
USR_01032,2509.2,44.9,18,0.959,55,0.818,0.062,0.121,-0.001,Web,Basic,0.418,0.892
USR_02856,531.7,20.1,5,0.273,26,0.302,0.155,0.543,0.0,Web,Premium,0.1,0.294
USR_04110,1677.9,38.7,17,0.731,43,0.318,0.174,0.225,0.283,SmartTV,Standard,0.432,0.521
USR_04397,1293.5,38.1,20,0.653,33,0.42,0.147,0.296,0.137,Tablet,Standard,0.356,0.553
USR_03894,1340.3,38.3,14,0.821,35,0.289,0.234,0.209,0.268,Mobile,Standard,0.306,0.631
USR_02659,426.6,13.5,5,0.29,31,0.229,0.132,0.27,0.369,Mobile,Standard,0.322,0.124
USR_00856,2292.2,54.6,23,0.882,41,0.825,0.083,0.091,0.001,SmartTV,Standard,0.437,0.874
USR_00079,2315.9,49.7,27,0.892,46,0.873,0.001,0.113,0.013,Console,Premium,0.491,0.857
USR_02248,1053.9,42.9,11,0.562,24,0.074,0.715,0.211,0.0,SmartTV,Standard,0.758,0.551
USR_04571,2968.7,78.0,8,0.937,38,0.289,0.053,0.277,0.381,SmartTV,Premium,0.671,0.897
USR_03657,1598.4,50.8,18,0.814,31,0.324,0.2,0.158,0.318,Mobile,Standard,0.249,0.429
USR_04152,2104.0,41.1,15,0.786,51,0.388,0.279,0.216,0.117,Web,Standard,0.41,0.833
USR_03379,237.4,29.5,6,0.385,8,0.265,0.087,0.278,0.37,Web,Free,0.419,0.501
USR_02280,346.4,15.5,1,0.161,22,0.239,0.159,0.527,0.075,Tablet,Basic,0.341,0.179
USR_02599,404.2,23.3,11,0.466,17,0.359,0.119,0.522,0.0,Mobile,Basic,0.389,0.483
USR_04160,2100.0,55.6,21,0.789,37,0.364,0.237,0.249,0.15,Mobile,Premium,0.465,0.707
USR_03871,1897.1,45.9,19,0.621,41,0.186,0.259,0.195,0.36,Web,Premium,0.275,0.401
USR_03429,158.6,20.1,3,0.562,7,0.206,0.074,0.652,0.068,Mobile,Free,0.245,0.434
USR_02177,1101.4,45.8,5,0.602,24,0.099,0.793,0.108,0.0,Tablet,Standard,0.734,0.61
USR_00425,2545.4,70.4,27,0.913,36,0.845,0.079,0.076,0.0,Console,Free,0.481,0.738
USR_00393,2881.7,70.3,21,0.857,41,0.775,0.074,0.145,0.006,Web,Premium,0.42,0.9
USR_04727,3087.0,89.5,17,1.0,34,0.257,0.077,0.237,0.429,Tablet,Basic,0.703,0.954
USR_03694,1924.2,34.9,12,0.755,55,0.259,0.173,0.315,0.253,Mobile,Premium,0.318,0.667
USR_00105,2283.4,52.6,21,0.878,43,0.81,0.059,0.131,0.0,SmartTV,Basic,0.414,0.856
USR_03995,1283.3,53.3,19,0.651,24,0.322,0.312,0.215,0.151,Web,Free,0.32,0.654
USR_04413,3763.7,74.3,15,0.909,50,0.237,0.022,0.151,0.59,SmartTV,Standard,0.658,0.845
USR_01949,1123.8,48.2,4,0.623,23,0.124,0.677,0.007,0.192,SmartTV,Basic,0.677,0.289
USR_01460,1141.8,36.7,11,0.588,31,0.064,0.689,0.119,0.128,SmartTV,Premium,0.752,0.382
USR_03258,564.4,13.6,4,0.398,35,0.226,0.118,0.52,0.136,Web,Basic,0.155,0.65
USR_02804,391.2,14.7,3,0.547,26,0.344,0.129,0.526,0.001,Mobile,Standard,0.361,0.366
USR_02707,448.5,17.7,13,0.435,25,0.19,0.126,0.632,0.052,Mobile,Free,0.344,0.403
USR_04790,3151.3,80.6,12,0.958,39,0.223,0.077,0.233,0.467,SmartTV,Premium,0.43,0.929
USR_01588,1233.7,61.4,5,0.8,20,0.097,0.772,0.125,0.006,SmartTV,Basic,0.617,0.595
USR_03660,1635.2,50.0,22,0.643,32,0.311,0.166,0.185,0.338,SmartTV,Free,0.452,0.728
USR_01732,909.7,41.8,6,0.49,21,0.122,0.487,0.14,0.251,SmartTV,Standard,0.66,0.689
USR_04765,2774.0,79.4,18,0.949,34,0.215,0.057,0.194,0.534,Web,Premium,0.532,0.954
USR_04225,1746.1,37.1,16,0.863,47,0.335,0.187,0.317,0.161,Console,Premium,0.468,0.709
USR_03682,1830.6,60.4,18,0.812,30,0.234,0.153,0.246,0.367,SmartTV,Premium,0.266,0.566
USR_01792,1490.9,66.4,7,0.685,22,0.066,0.693,0.162,0.079,SmartTV,Basic,0.735,0.343
USR_02356,385.1,15.4,5,0.353,25,0.099,0.098,0.622,0.181,Mobile,Basic,0.501,0.666
USR_01941,844.9,62.0,10,0.648,13,0.067,0.649,0.145,0.139,SmartTV,Basic,0.7,0.517
USR_00703,2491.1,36.3,22,0.795,68,0.822,0.023,0.077,0.078,Mobile,Standard,0.444,0.788
USR_02443,327.2,14.1,8,0.517,23,0.206,0.094,0.648,0.052,Console,Basic,0.307,0.412
USR_04376,1496.8,47.3,18,0.716,31,0.3,0.1,0.343,0.257,Mobile,Standard,0.383,0.672
USR_00497,3213.4,61.1,17,0.865,52,0.808,0.143,0.03,0.019,SmartTV,Standard,0.516,0.864
USR_00465,2052.7,74.3,22,0.918,27,0.706,0.011,0.072,0.211,SmartTV,Standard,0.41,0.765
USR_04072,1715.8,41.0,22,0.731,41,0.282,0.165,0.188,0.365,SmartTV,Premium,0.488,0.857
USR_04334,1423.0,48.0,14,0.789,29,0.311,0.235,0.359,0.095,Mobile,Standard,0.465,0.766
USR_00173,2256.4,45.4,26,0.881,49,0.886,0.054,0.06,0.0,Console,Premium,0.299,0.706
USR_04944,3764.3,107.4,17,0.922,35,0.228,0.007,0.162,0.603,SmartTV,Standard,0.646,0.852
USR_04797,2803.1,53.1,15,0.974,52,0.258,0.136,0.257,0.349,Tablet,Standard,0.576,0.8
USR_02541,516.3,18.0,6,0.413,28,0.13,0.029,0.562,0.279,Tablet,Free,0.373,0.441
USR_03263,514.4,8.4,8,0.541,35,0.067,0.147,0.56,0.226,Tablet,Basic,0.434,0.355
USR_04681,3264.3,82.8,13,0.97,39,0.209,0.137,0.317,0.337,SmartTV,Basic,0.689,0.987
USR_02261,178.1,30.1,7,0.414,5,0.207,0.054,0.43,0.309,Mobile,Free,0.579,0.152
USR_02113,558.5,52.4,6,0.525,10,0.059,0.63,0.195,0.116,Tablet,Premium,0.731,0.282
USR_00901,2218.3,64.9,12,0.819,34,0.844,0.049,0.107,0.0,SmartTV,Standard,0.312,0.998
USR_01447,993.8,51.4,8,0.575,19,0.114,0.792,0.065,0.029,SmartTV,Premium,0.533,0.42
USR_03574,2243.4,46.6,19,0.596,48,0.217,0.209,0.256,0.318,Web,Free,0.389,0.683
USR_00742,2924.5,54.3,21,0.891,53,0.677,0.052,0.137,0.134,SmartTV,Premium,0.471,0.828
USR_02294,504.1,11.5,1,0.43,35,0.122,0.068,0.623,0.187,Tablet,Premium,0.373,0.215
USR_02453,583.7,14.4,4,0.292,35,0.228,0.077,0.629,0.066,SmartTV,Free,0.386,0.214
USR_02623,243.9,22.7,1,0.622,10,0.161,0.221,0.618,0.0,SmartTV,Free,0.337,0.192
USR_04079,1519.8,45.5,17,0.45,33,0.17,0.208,0.293,0.329,Web,Premium,0.319,0.738
USR_01207,1609.0,61.8,16,1.0,26,0.744,0.053,0.062,0.141,Tablet,Standard,0.37,1.0
USR_00510,3115.0,41.8,21,0.906,74,0.839,0.161,0.0,0.0,SmartTV,Standard,0.469,0.805
USR_02621,504.3,23.3,8,0.401,21,0.187,0.082,0.441,0.29,Web,Standard,0.348,0.269
USR_02803,260.2,12.2,10,0.506,21,0.299,0.167,0.505,0.029,Mobile,Basic,0.267,0.24
USR_03314,516.3,18.7,7,0.585,27,0.312,0.116,0.46,0.112,Tablet,Basic,0.323,0.221
USR_01550,1202.3,34.6,6,0.6,34,0.0,0.734,0.196,0.07,SmartTV,Basic,0.782,0.316
USR_04564,2587.1,70.9,16,0.933,36,0.279,0.041,0.121,0.559,SmartTV,Standard,0.612,0.918
USR_02203,1432.2,55.1,9,0.72,25,0.013,0.833,0.154,0.0,SmartTV,Standard,0.752,0.208
USR_02567,572.4,24.0,1,0.336,23,0.255,0.151,0.519,0.075,Mobile,Basic,0.352,0.159
USR_03893,1529.6,27.4,16,0.705,55,0.315,0.219,0.304,0.162,Tablet,Free,0.425,0.589
USR_02045,1077.5,81.5,8,0.846,13,0.098,0.71,0.149,0.043,SmartTV,Free,0.558,0.457
USR_00768,2923.2,26.2,19,0.851,90,0.66,0.015,0.001,0.324,Tablet,Premium,0.417,0.916
USR_04873,3139.1,70.6,16,0.927,44,0.183,0.162,0.166,0.489,SmartTV,Premium,0.433,0.914
USR_03739,2068.9,32.4,15,0.686,63,0.25,0.279,0.234,0.237,SmartTV,Premium,0.373,0.561
USR_00422,2713.1,50.9,24,0.799,53,0.787,0.081,0.132,0.0,Mobile,Basic,0.265,0.789
USR_00124,2628.6,59.7,31,0.88,44,0.844,0.062,0.094,0.0,Console,Premium,0.494,0.827
USR_04163,1589.2,47.4,21,0.755,33,0.394,0.2,0.312,0.094,Mobile,Premium,0.503,0.427
USR_02629,444.6,15.1,2,0.359,29,0.242,0.146,0.38,0.232,Tablet,Basic,0.237,0.409
USR_00820,2300.7,58.0,17,0.815,39,0.825,0.082,0.093,0.0,Web,Standard,0.482,0.756
USR_01404,1070.5,54.3,11,0.801,19,0.038,0.783,0.1,0.079,SmartTV,Basic,0.73,0.477
USR_01383,545.6,54.3,11,0.888,10,0.097,0.771,0.012,0.12,Tablet,Standard,0.89,0.351
USR_02149,616.5,55.9,8,0.716,11,0.109,0.752,0.139,0.0,SmartTV,Premium,0.919,0.266
USR_01576,865.2,27.8,6,0.838,31,0.083,0.749,0.157,0.011,SmartTV,Premium,0.791,0.347
USR_01639,1156.0,52.2,6,0.598,22,0.063,0.59,0.243,0.104,Web,Standard,0.829,0.474
USR_01796,991.9,66.0,10,0.706,15,0.058,0.681,0.087,0.174,Console,Free,0.68,0.504
USR_04816,2892.7,86.3,12,0.999,33,0.196,0.035,0.127,0.642,SmartTV,Premium,0.581,0.969
USR_00400,2118.2,60.9,10,0.829,34,0.679,0.05,0.073,0.198,Console,Free,0.484,0.701
USR_02311,291.9,27.0,10,0.504,10,0.32,0.12,0.56,0.0,Tablet,Basic,0.497,0.299
USR_00883,2271.8,43.0,20,0.814,52,0.74,0.044,0.105,0.111,Web,Standard,0.291,0.734
USR_04974,3817.8,79.9,23,0.996,47,0.252,0.088,0.272,0.388,SmartTV,Standard,0.475,0.818
USR_02898,643.3,28.2,9,0.686,22,0.266,0.15,0.42,0.164,Mobile,Basic,0.28,0.002
USR_01353,855.5,20.0,9,0.709,40,0.07,0.848,0.057,0.025,Console,Standard,0.62,0.318
USR_02743,426.6,7.1,2,0.574,35,0.135,0.195,0.372,0.298,Mobile,Basic,0.429,0.253
USR_04551,2906.9,87.5,24,0.966,33,0.329,0.124,0.207,0.34,SmartTV,Premium,0.716,0.811
USR_02131,604.0,36.8,7,0.719,16,0.085,0.753,0.162,0.0,SmartTV,Basic,0.737,0.444
USR_00983,2051.6,52.3,23,0.846,39,0.774,0.081,0.145,0.0,Console,Basic,0.483,0.836
USR_00457,2281.8,35.8,19,0.919,63,0.834,0.04,0.127,-0.001,SmartTV,Premium,0.267,0.903
USR_04120,2160.6,43.9,26,0.819,49,0.284,0.212,0.22,0.284,SmartTV,Standard,0.293,0.855
USR_01080,1325.2,45.0,19,0.887,29,0.708,0.058,0.089,0.145,SmartTV,Premium,0.407,0.793
USR_01951,427.0,67.2,11,0.735,6,0.026,0.596,0.114,0.264,Mobile,Standard,0.743,0.42
USR_04315,1582.7,47.8,14,0.636,33,0.291,0.12,0.166,0.423,SmartTV,Premium,0.562,0.836
USR_00690,2871.3,25.0,19,0.842,90,0.692,0.065,0.079,0.164,Web,Standard,0.354,0.765
USR_02430,456.5,10.9,10,0.523,35,0.302,0.17,0.528,0.0,Mobile,Free,0.213,0.577
USR_00642,2769.9,64.9,21,0.952,42,0.781,0.062,0.087,0.07,SmartTV,Premium,0.475,0.816
USR_02393,520.2,14.3,5,0.517,35,0.344,0.145,0.511,0.0,Tablet,Basic,0.288,0.148
USR_01954,982.3,43.9,12,0.549,22,0.037,0.7,0.165,0.098,SmartTV,Basic,0.485,0.321
USR_02749,456.7,14.9,2,0.412,30,0.277,0.231,0.492,0.0,Mobile,Free,0.265,0.185
USR_04314,1543.7,58.8,16,0.803,26,0.219,0.247,0.258,0.276,SmartTV,Premium,0.402,0.671
USR_03436,407.0,19.1,8,0.638,21,0.125,0.128,0.407,0.34,SmartTV,Free,0.242,0.153
USR_03337,389.0,25.5,4,0.554,15,0.209,0.142,0.648,0.001,Mobile,Free,0.13,0.434
USR_04767,2815.3,64.8,10,1.0,43,0.282,0.154,0.13,0.434,SmartTV,Standard,0.675,0.896
USR_03371,640.1,29.8,3,0.426,21,0.229,0.161,0.61,0.0,Mobile,Standard,0.216,0.31
USR_01885,876.3,34.2,7,0.55,25,0.069,0.686,0.184,0.061,Tablet,Premium,0.459,0.332
USR_00390,2432.5,71.2,25,0.876,34,0.788,0.047,0.165,0.0,Console,Standard,0.404,0.869
USR_02495,450.2,15.7,3,0.438,28,0.317,0.147,0.43,0.106,Tablet,Free,0.448,0.25
USR_03879,1456.7,31.8,14,0.632,45,0.238,0.3,0.285,0.177,Tablet,Standard,0.515,0.536
USR_03857,1939.6,22.9,10,0.696,65,0.15,0.256,0.249,0.345,SmartTV,Standard,0.526,0.63
USR_00846,2689.3,42.9,22,0.858,62,0.796,0.061,0.051,0.092,Console,Premium,0.47,0.846
USR_00543,2198.4,40.4,13,0.866,54,0.792,0.058,0.093,0.057,SmartTV,Basic,0.423,0.932
USR_00092,2088.6,52.1,23,0.805,40,0.811,0.051,0.139,-0.001,Web,Premium,0.447,0.887
USR_03890,2000.5,39.6,13,0.781,50,0.295,0.234,0.181,0.29,Web,Premium,0.342,0.537
USR_01980,300.0,27.3,8,0.815,11,0.012,0.727,0.117,0.144,SmartTV,Premium,0.775,0.274
USR_02813,376.6,18.6,6,0.484,20,0.272,0.126,0.534,0.068,Tablet,Free,0.377,0.547
USR_04083,1455.9,37.6,18,0.67,38,0.393,0.218,0.29,0.099,SmartTV,Basic,0.399,0.77
USR_02903,370.8,33.8,6,0.667,10,0.259,0.126,0.616,-0.001,Mobile,Free,0.485,0.395
USR_02530,453.7,22.6,7,0.382,20,0.14,0.136,0.529,0.195,Mobile,Free,0.46,0.277
USR_01677,1073.2,43.4,11,0.514,24,0.132,0.765,0.103,0.0,Console,Premium,0.588,0.17
USR_01049,2972.0,51.1,20,0.907,58,0.866,0.072,0.062,0.0,SmartTV,Basic,0.29,0.761
USR_01961,975.4,44.2,8,0.703,22,0.053,0.655,0.019,0.273,SmartTV,Standard,0.807,0.48
USR_02531,282.2,26.7,9,0.274,10,0.284,0.009,0.628,0.079,SmartTV,Basic,0.266,0.354
USR_03993,1571.9,40.7,24,0.594,38,0.396,0.225,0.223,0.156,Web,Standard,0.299,0.498
USR_00238,1536.1,49.1,27,0.805,31,0.853,0.049,0.086,0.012,Web,Premium,0.483,0.877
USR_03098,737.3,11.8,6,0.291,35,0.178,0.162,0.563,0.097,Console,Free,0.133,0.536
USR_03489,276.7,10.2,4,0.332,27,0.154,0.207,0.536,0.103,Tablet,Free,0.587,0.3
USR_01134,2578.5,45.0,26,0.881,57,0.783,0.012,0.05,0.155,SmartTV,Basic,0.354,0.854
USR_01806,603.4,49.4,7,0.728,12,0.108,0.746,0.146,0.0,Console,Standard,0.595,0.402
USR_04318,1256.5,38.2,17,0.702,32,0.268,0.187,0.248,0.297,SmartTV,Standard,0.272,0.712
USR_00164,2620.1,59.9,21,0.92,43,0.9,0.052,0.049,-0.001,Mobile,Standard,0.509,0.84
USR_03493,533.4,29.7,4,0.338,17,0.072,0.16,0.422,0.346,Mobile,Free,0.457,0.226
USR_04710,2863.7,93.4,17,0.957,30,0.321,0.101,0.134,0.444,SmartTV,Basic,0.551,0.911
USR_04631,3243.9,91.2,21,0.908,35,0.275,0.033,0.152,0.54,SmartTV,Standard,0.55,0.87
USR_03454,583.4,8.0,7,0.461,35,0.312,0.143,0.493,0.052,SmartTV,Standard,0.33,0.7
USR_03200,226.6,11.3,1,0.357,19,0.202,0.148,0.487,0.163,Mobile,Free,0.406,0.317
USR_03635,999.9,43.3,11,0.772,23,0.362,0.247,0.253,0.138,Console,Premium,0.538,0.689
USR_03940,1917.5,27.5,16,0.611,65,0.373,0.216,0.296,0.115,Mobile,Standard,0.471,0.651
USR_01812,1125.6,46.7,10,0.683,24,0.088,0.681,0.114,0.117,SmartTV,Basic,0.671,0.425
USR_03650,1096.2,26.5,12,0.672,41,0.259,0.294,0.244,0.203,Mobile,Premium,0.449,0.802
USR_04050,1769.7,49.8,14,0.696,35,0.288,0.191,0.21,0.311,Web,Free,0.395,0.771
USR_01429,746.4,40.0,10,0.702,18,0.091,0.784,0.125,0.0,SmartTV,Standard,0.755,0.502
USR_03614,1653.2,44.2,17,0.711,37,0.315,0.217,0.37,0.098,Tablet,Basic,0.419,0.32
USR_03132,583.2,17.0,4,0.529,34,0.311,0.051,0.62,0.018,Web,Basic,0.277,0.171
USR_03397,380.7,20.8,7,0.439,18,0.129,0.1,0.539,0.232,SmartTV,Standard,0.363,0.147
USR_04461,3556.6,67.2,15,0.933,52,0.112,0.044,0.165,0.679,Mobile,Standard,0.693,0.866
USR_04650,3044.0,69.3,19,0.931,43,0.296,0.135,0.133,0.436,SmartTV,Premium,0.506,0.969
USR_02821,456.5,15.0,2,0.414,30,0.115,0.075,0.659,0.151,Mobile,Standard,0.128,0.402
USR_01453,836.1,58.3,7,0.782,14,0.002,0.602,0.126,0.27,SmartTV,Free,0.591,0.358
USR_00594,2835.9,50.7,24,0.874,55,0.683,0.044,0.104,0.169,Console,Premium,0.493,0.835
USR_00042,2837.2,62.7,27,0.822,45,0.842,0.102,0.012,0.044,Console,Standard,0.325,0.687
USR_00561,2690.7,41.8,27,0.89,64,0.838,0.063,0.012,0.087,Web,Premium,0.351,0.904
USR_03274,314.9,14.0,1,0.391,22,0.239,0.055,0.423,0.283,Mobile,Standard,0.236,0.092
USR_03245,423.9,20.3,2,0.579,20,0.138,0.045,0.502,0.315,Mobile,Basic,0.196,0.534
USR_00244,2640.6,58.9,25,0.819,44,0.788,0.023,0.113,0.076,Tablet,Standard,0.348,0.817
USR_01340,938.8,32.2,13,0.76,29,0.089,0.702,0.125,0.084,SmartTV,Premium,0.797,0.361
USR_02781,440.3,13.8,3,0.15,31,0.319,0.111,0.476,0.094,Mobile,Free,0.116,0.204
USR_03188,665.3,23.7,9,0.204,28,0.223,0.119,0.658,0.0,Mobile,Premium,0.405,0.517
USR_03800,1893.3,53.4,21,0.721,35,0.334,0.234,0.17,0.262,Web,Standard,0.384,0.592
USR_01443,1164.2,50.7,13,0.698,22,0.044,0.819,0.138,-0.001,SmartTV,Standard,0.779,0.491
USR_00262,3107.9,54.1,20,0.892,57,0.712,0.015,0.131,0.142,SmartTV,Premium,0.47,0.786
USR_02765,517.4,22.7,9,0.223,22,0.147,0.169,0.431,0.253,Tablet,Free,0.317,0.288
USR_01690,1032.0,55.0,3,0.651,18,0.0,0.635,0.095,0.27,Tablet,Basic,0.79,0.503
USR_01726,583.0,51.0,10,0.627,11,0.011,0.727,0.158,0.104,SmartTV,Standard,0.654,0.597
USR_04793,2960.1,90.9,15,0.911,32,0.357,0.022,0.13,0.491,Web,Premium,0.563,0.927
USR_00835,2009.9,54.6,23,0.926,36,0.793,0.073,0.104,0.03,Tablet,Free,0.475,0.875
USR_01867,1054.4,49.3,6,0.68,21,0.044,0.642,0.12,0.194,Mobile,Free,0.668,0.424
USR_02497,301.8,21.2,8,0.364,14,0.196,0.152,0.354,0.298,Mobile,Basic,0.219,0.152
USR_02011,1175.7,33.6,6,0.688,35,0.092,0.67,0.187,0.051,SmartTV,Basic,0.739,0.557
USR_00341,3436.6,37.2,27,0.949,90,0.692,0.1,0.117,0.091,SmartTV,Premium,0.402,0.784
USR_02989,464.2,21.9,4,0.19,21,0.27,0.186,0.495,0.049,Mobile,Basic,0.457,0.25
USR_01602,895.2,40.7,12,0.713,21,0.073,0.653,0.274,0.0,SmartTV,Basic,0.567,0.319
USR_03876,1447.3,33.4,13,0.818,43,0.295,0.248,0.217,0.24,SmartTV,Premium,0.388,0.609
USR_04695,3918.2,89.4,12,0.997,43,0.369,0.002,0.174,0.455,SmartTV,Standard,0.579,0.907
USR_00481,1852.5,41.5,24,0.881,44,0.768,0.043,0.085,0.104,SmartTV,Premium,0.504,0.823
USR_02826,672.0,26.6,7,0.574,25,0.217,0.144,0.452,0.187,Mobile,Free,0.33,0.365
USR_04330,1695.9,47.4,19,0.782,35,0.263,0.19,0.261,0.286,Mobile,Basic,0.359,0.37
USR_03541,1748.0,51.7,18,0.71,33,0.231,0.27,0.275,0.224,SmartTV,Standard,0.356,0.759
USR_04639,3254.9,82.9,26,0.955,39,0.201,0.033,0.234,0.532,SmartTV,Free,0.713,0.878
USR_03047,305.0,29.5,3,0.305,10,0.318,0.16,0.506,0.016,SmartTV,Free,0.45,0.345
USR_03991,2485.4,57.6,25,0.915,43,0.242,0.176,0.351,0.231,Web,Basic,0.387,0.75
USR_01767,975.0,45.2,5,0.624,21,0.102,0.724,0.135,0.039,Tablet,Basic,0.874,0.508
USR_04474,2828.4,61.0,22,0.961,46,0.36,0.035,0.152,0.453,Console,Premium,0.55,0.992
USR_02454,547.5,18.0,6,0.244,30,0.21,0.137,0.653,0.0,Mobile,Basic,0.26,0.642
USR_02878,430.2,14.9,5,0.333,28,0.188,0.141,0.41,0.261,Mobile,Basic,0.663,0.413
USR_03816,1848.3,38.4,20,0.801,48,0.227,0.189,0.214,0.37,Mobile,Standard,0.417,0.759
USR_04017,1992.5,46.3,15,0.77,43,0.294,0.223,0.277,0.206,Console,Standard,0.285,0.407
USR_04678,2803.1,78.4,17,0.994,35,0.209,0.056,0.272,0.463,SmartTV,Premium,0.495,0.917
USR_03680,1566.0,47.4,17,0.675,33,0.342,0.283,0.168,0.207,Web,Basic,0.321,0.631
USR_01272,1014.9,39.3,7,0.793,25,0.125,0.62,0.077,0.178,Tablet,Standard,0.639,0.417
USR_03078,429.0,22.5,2,0.452,19,0.253,0.148,0.582,0.017,Mobile,Premium,0.425,0.206
USR_04502,2613.8,110.7,13,0.931,23,0.271,0.145,0.142,0.442,Console,Basic,0.525,0.962
USR_03095,329.7,7.4,3,0.471,35,0.216,0.107,0.433,0.244,Mobile,Free,0.137,0.327
USR_04654,3523.8,95.1,21,0.94,37,0.304,0.055,0.193,0.448,SmartTV,Standard,0.657,0.906
USR_00348,1834.0,53.3,23,0.942,34,0.847,0.014,0.139,0.0,SmartTV,Premium,0.415,0.856
USR_03882,1290.3,45.8,23,0.644,28,0.316,0.17,0.366,0.148,SmartTV,Basic,0.23,0.468
USR_04624,3612.0,67.5,16,0.956,53,0.31,0.095,0.221,0.374,SmartTV,Premium,0.53,0.94
USR_02563,413.9,15.8,1,0.411,26,0.294,0.223,0.482,0.001,Tablet,Free,0.334,0.375
USR_04591,3198.0,91.9,18,1.0,34,0.323,0.081,0.218,0.378,SmartTV,Premium,0.592,0.928
USR_01424,1255.5,32.2,8,0.636,39,0.016,0.609,0.099,0.276,Mobile,Free,0.699,0.419
USR_00657,2206.7,39.4,20,0.938,56,0.892,0.098,0.01,0.0,SmartTV,Premium,0.507,0.703
USR_02103,887.3,51.3,9,0.694,17,0.038,0.678,0.184,0.1,SmartTV,Free,0.565,0.364
USR_00633,2106.2,48.4,20,0.896,43,0.842,0.058,0.1,0.0,SmartTV,Standard,0.431,0.809
USR_02893,303.1,14.3,7,0.528,21,0.322,0.108,0.57,0.0,Tablet,Free,0.379,0.303
USR_02494,228.4,19.5,6,0.438,11,0.169,0.11,0.523,0.198,Mobile,Standard,0.373,0.29
USR_02666,403.1,21.0,1,0.374,19,0.288,0.137,0.34,0.235,Mobile,Free,0.357,0.177
USR_04016,1860.3,44.5,20,0.634,41,0.357,0.196,0.253,0.194,Web,Standard,0.346,0.616
USR_03663,1891.6,36.2,14,0.794,52,0.42,0.247,0.229,0.104,Mobile,Free,0.369,0.879
USR_03308,455.6,29.9,6,0.467,15,0.246,0.071,0.526,0.157,SmartTV,Standard,0.311,0.249
USR_03097,568.1,23.6,5,0.5,24,0.34,0.117,0.476,0.067,Mobile,Free,0.498,0.607
USR_03920,1072.1,34.3,22,0.931,31,0.225,0.23,0.23,0.315,Tablet,Standard,0.606,0.709
USR_02501,519.0,15.0,4,0.361,34,0.255,0.028,0.497,0.22,Mobile,Free,0.468,0.113
USR_01466,903.6,70.5,3,0.645,12,0.067,0.58,0.111,0.242,SmartTV,Standard,0.723,0.387
USR_02834,418.2,14.6,2,0.501,28,0.273,0.16,0.567,0.0,Mobile,Basic,0.463,0.511
USR_00116,2206.8,55.6,22,0.838,39,0.72,0.004,0.187,0.089,Web,Standard,0.32,0.795
USR_01822,377.7,55.6,8,0.741,6,0.123,0.647,0.158,0.072,SmartTV,Premium,0.662,0.289
USR_01495,590.8,55.7,4,0.553,10,0.141,0.606,0.001,0.252,Tablet,Basic,0.742,0.384
USR_02402,391.7,17.2,3,0.347,22,0.122,0.096,0.494,0.288,Web,Free,0.298,0.308
USR_01233,2885.3,43.0,16,0.996,67,0.721,0.008,0.013,0.258,Console,Standard,0.506,0.823
USR_02662,440.2,14.8,3,0.57,29,0.221,0.073,0.466,0.24,Web,Standard,0.289,0.257
USR_04101,1868.3,43.3,16,0.879,43,0.211,0.195,0.227,0.367,Web,Premium,0.427,0.729
USR_04574,2855.9,70.1,13,1.0,40,0.278,0.048,0.109,0.565,SmartTV,Standard,0.647,0.965
USR_01154,2698.0,54.1,22,1.0,49,0.813,0.0,0.073,0.114,SmartTV,Standard,0.265,0.824
USR_03849,1270.9,35.0,13,0.749,36,0.289,0.318,0.294,0.099,Web,Premium,0.354,0.709
USR_00058,2017.6,55.9,20,0.909,36,0.81,0.102,0.074,0.014,Web,Basic,0.398,0.772
USR_04105,867.3,24.9,21,0.685,34,0.355,0.111,0.246,0.288,Mobile,Standard,0.291,0.611
USR_04289,1858.3,33.9,23,0.781,54,0.315,0.223,0.306,0.156,SmartTV,Standard,0.572,0.605
USR_04946,4014.5,78.3,17,1.0,51,0.173,0.097,0.156,0.574,Tablet,Standard,0.43,0.987
USR_01736,910.7,37.9,6,0.796,23,0.087,0.65,0.141,0.122,SmartTV,Free,0.818,0.455
USR_02197,924.5,35.1,6,0.666,26,0.104,0.485,0.148,0.263,SmartTV,Premium,0.605,0.588
USR_03554,1886.3,49.1,14,0.663,38,0.307,0.191,0.198,0.304,SmartTV,Basic,0.555,0.534
USR_02476,144.8,15.3,3,0.46,9,0.185,0.167,0.648,0.0,Mobile,Premium,0.198,0.322
USR_02565,749.9,18.8,1,0.386,35,0.182,0.168,0.47,0.18,SmartTV,Free,0.482,0.384
USR_03159,598.8,22.4,6,0.418,26,0.147,0.056,0.458,0.339,SmartTV,Free,0.236,0.209
USR_04035,1534.1,28.8,14,0.584,53,0.226,0.216,0.238,0.32,SmartTV,Standard,0.363,0.611
USR_03656,2215.5,35.3,27,0.677,62,0.299,0.245,0.278,0.178,Web,Standard,0.592,0.656
USR_00708,2533.0,48.3,20,0.86,52,0.724,0.109,0.123,0.044,SmartTV,Basic,0.44,0.915
USR_04281,1857.1,24.6,15,0.704,65,0.279,0.251,0.196,0.274,SmartTV,Standard,0.393,0.854
USR_01094,2484.2,47.3,26,0.897,52,0.788,0.062,0.151,-0.001,SmartTV,Premium,0.438,0.731
USR_04840,2493.8,84.1,25,1.0,29,0.223,0.139,0.113,0.525,Mobile,Standard,0.59,0.886
USR_01377,892.3,26.9,8,0.579,33,0.006,0.594,0.16,0.24,SmartTV,Free,0.816,0.425
USR_04914,3658.3,45.0,14,0.943,60,0.192,0.122,0.147,0.539,SmartTV,Standard,0.411,0.932
USR_00073,2484.0,45.9,19,0.796,54,0.697,0.006,0.051,0.246,Tablet,Premium,0.504,0.774
USR_01923,1208.9,52.8,7,0.611,22,0.112,0.766,0.122,0.0,SmartTV,Basic,0.774,0.461
USR_03174,434.2,27.3,7,0.435,15,0.188,0.044,0.575,0.193,Tablet,Free,0.42,0.248
USR_01765,984.9,68.3,7,0.671,14,0.131,0.754,0.046,0.069,Mobile,Premium,0.69,0.601
USR_00744,3059.3,47.2,20,1.0,64,0.752,0.074,0.127,0.047,SmartTV,Standard,0.34,0.782
USR_04319,2154.0,33.7,22,0.766,63,0.34,0.229,0.278,0.153,SmartTV,Standard,0.489,0.879
USR_01006,2093.9,59.5,20,0.957,35,0.61,0.043,0.122,0.225,Console,Basic,0.457,0.958
USR_02669,133.1,8.1,8,0.65,16,0.197,0.117,0.62,0.066,Mobile,Free,0.385,0.244
USR_01191,2360.6,52.2,20,0.875,45,0.681,0.043,0.127,0.149,Mobile,Basic,0.392,0.716
USR_04632,2797.7,89.7,19,0.937,31,0.323,0.097,0.25,0.33,SmartTV,Premium,0.373,0.936
USR_02602,352.2,36.8,2,0.413,9,0.222,0.12,0.329,0.329,Mobile,Basic,0.41,0.154
USR_01126,1713.7,52.7,20,0.898,32,0.724,0.063,0.083,0.13,Console,Standard,0.393,0.856
USR_01242,1758.1,32.8,25,0.847,53,0.691,0.111,0.116,0.082,Mobile,Standard,0.49,0.837
USR_04607,2895.3,71.0,12,0.949,40,0.293,0.132,0.244,0.331,SmartTV,Premium,0.649,1.0
USR_04131,2459.1,36.9,16,0.693,65,0.331,0.241,0.249,0.179,SmartTV,Premium,0.291,0.534
USR_03443,472.1,14.0,7,0.37,33,0.423,0.052,0.481,0.044,Mobile,Basic,0.312,0.097
USR_00999,2431.1,25.0,20,0.907,90,0.812,0.096,0.081,0.011,SmartTV,Standard,0.477,0.795
USR_03387,474.1,22.6,8,0.546,20,0.081,0.102,0.629,0.188,Mobile,Basic,0.239,0.483
USR_02685,282.8,18.9,4,0.335,14,0.173,0.116,0.606,0.105,Tablet,Free,0.35,0.309
USR_01578,1173.4,53.8,8,0.804,21,0.138,0.739,0.049,0.074,Console,Free,0.858,0.487
USR_04791,2448.7,68.2,22,0.974,35,0.261,0.014,0.166,0.559,SmartTV,Premium,0.343,0.922
USR_01827,1166.9,68.0,8,0.45,17,0.157,0.634,0.093,0.116,SmartTV,Premium,0.696,0.585
USR_03293,421.0,27.5,7,0.538,15,0.247,0.02,0.538,0.195,Mobile,Free,0.399,0.138
USR_04990,3833.6,78.0,17,0.962,49,0.323,0.023,0.22,0.434,SmartTV,Standard,0.545,0.843
USR_03537,1515.0,40.7,22,0.745,37,0.28,0.315,0.182,0.223,SmartTV,Basic,0.329,0.7
USR_00441,2635.5,40.4,13,0.71,65,0.847,0.065,0.088,0.0,Mobile,Basic,0.531,0.901
USR_04952,3553.8,79.9,17,0.953,44,0.256,0.019,0.199,0.526,Web,Premium,0.588,0.895
USR_01101,2614.9,44.0,20,0.882,59,0.749,0.096,0.111,0.044,SmartTV,Standard,0.493,0.825
USR_04011,1843.9,41.2,27,0.894,44,0.281,0.211,0.285,0.223,SmartTV,Standard,0.395,0.803
USR_03059,361.9,16.8,4,0.443,21,0.235,0.081,0.464,0.22,Mobile,Basic,0.362,0.0
USR_00650,2515.5,68.1,18,0.848,36,0.661,0.076,0.133,0.13,SmartTV,Standard,0.312,0.814
USR_01547,879.8,69.0,10,0.688,12,0.0,0.754,0.182,0.064,SmartTV,Standard,0.405,0.45
USR_04757,2547.3,105.6,16,0.98,24,0.198,0.093,0.122,0.587,SmartTV,Standard,0.668,0.856
USR_03561,1182.1,36.0,16,0.739,32,0.193,0.249,0.333,0.225,Mobile,Premium,0.529,0.58
USR_03887,1529.9,33.0,20,0.85,46,0.243,0.166,0.256,0.335,Tablet,Premium,0.296,0.623
USR_03742,1164.8,36.4,17,0.714,31,0.268,0.301,0.255,0.176,SmartTV,Standard,0.434,0.409
USR_00631,1828.8,73.4,21,0.898,24,0.828,0.034,0.139,-0.001,SmartTV,Basic,0.203,0.792
USR_00673,1334.6,59.2,18,0.89,22,0.837,0.021,0.143,-0.001,SmartTV,Premium,0.385,0.99
USR_01250,2930.7,44.6,18,0.849,65,0.642,0.021,0.027,0.31,Web,Premium,0.528,0.899
USR_00483,2418.6,67.4,23,0.969,35,0.691,0.065,0.104,0.14,Console,Standard,0.334,0.927
USR_01585,741.0,25.5,7,0.804,29,0.113,0.72,0.115,0.052,SmartTV,Free,0.641,0.433
USR_03075,580.8,32.4,6,0.46,17,0.154,0.09,0.505,0.251,SmartTV,Free,0.491,0.423
USR_04628,3484.1,64.7,15,0.953,53,0.263,0.042,0.188,0.507,Web,Basic,0.375,0.901
USR_03039,255.0,19.8,4,0.411,12,0.223,0.049,0.397,0.331,Web,Free,0.378,0.2
USR_01463,876.9,20.2,10,0.8,40,0.162,0.72,0.118,0.0,SmartTV,Free,0.763,0.522
USR_03930,2150.2,26.2,22,0.769,65,0.226,0.186,0.279,0.309,SmartTV,Basic,0.174,0.635
USR_03622,1640.7,39.3,12,0.671,41,0.283,0.203,0.316,0.198,Web,Premium,0.559,0.534
USR_02579,357.9,14.9,6,0.513,24,0.102,0.12,0.616,0.162,Mobile,Basic,0.127,0.29
USR_03802,1886.3,52.2,21,0.882,36,0.314,0.178,0.265,0.243,Tablet,Basic,0.423,0.748
USR_00050,2180.8,55.6,18,0.896,39,0.775,0.05,0.055,0.12,SmartTV,Premium,0.374,0.91
USR_04290,2054.9,28.0,19,0.821,65,0.3,0.245,0.36,0.095,Web,Standard,0.448,0.618
USR_03345,527.5,11.4,7,0.297,35,0.226,0.046,0.535,0.193,Mobile,Standard,0.347,0.135
USR_00859,2605.4,50.6,18,0.914,51,0.795,0.077,0.127,0.001,Mobile,Standard,0.378,0.722
USR_01073,2571.2,63.3,22,0.976,40,0.802,0.094,0.104,0.0,Web,Premium,0.474,0.786
USR_00720,1926.4,53.5,19,0.909,36,0.704,0.072,0.063,0.161,Console,Free,0.348,0.799
USR_03718,2210.9,52.4,15,0.612,42,0.336,0.286,0.209,0.169,SmartTV,Premium,0.576,0.72
USR_02632,179.8,21.3,4,0.27,8,0.267,0.192,0.457,0.084,SmartTV,Standard,0.411,0.537
USR_04874,3638.9,70.5,16,0.959,51,0.138,0.022,0.116,0.724,SmartTV,Premium,0.373,0.897
USR_01661,693.5,45.5,8,0.757,15,0.112,0.737,0.147,0.004,SmartTV,Standard,0.752,0.317
USR_01657,1139.0,84.2,3,0.658,13,0.101,0.658,0.191,0.05,SmartTV,Premium,0.593,0.438
USR_02426,511.1,21.1,7,0.403,24,0.145,0.201,0.509,0.145,Mobile,Free,0.244,0.369
USR_03525,1525.4,47.2,23,0.629,32,0.193,0.233,0.233,0.341,SmartTV,Standard,0.411,0.647
USR_04230,1498.0,49.2,10,0.678,30,0.328,0.187,0.189,0.296,SmartTV,Standard,0.339,0.704
USR_04975,3807.6,97.5,15,0.974,39,0.2,0.164,0.253,0.383,Tablet,Premium,0.555,0.916
USR_03310,526.2,20.3,1,0.447,25,0.171,0.062,0.575,0.192,Mobile,Premium,0.549,0.524
USR_04477,3548.3,75.1,19,0.947,47,0.301,0.079,0.071,0.549,SmartTV,Premium,0.476,0.962
USR_03306,301.2,10.5,7,0.471,28,0.0,0.027,0.557,0.416,Mobile,Standard,0.1,0.099
USR_04752,2629.9,78.7,10,0.989,33,0.209,0.046,0.15,0.595,Tablet,Standard,0.531,0.943
USR_04127,1359.3,58.8,19,0.752,23,0.15,0.125,0.286,0.439,Console,Standard,0.47,0.561
USR_02607,518.2,35.8,2,0.264,14,0.149,0.127,0.407,0.317,Mobile,Free,0.26,0.393
USR_01386,1334.6,45.1,6,0.746,29,0.077,0.783,0.123,0.017,SmartTV,Standard,0.613,0.35
USR_03836,1670.8,43.2,15,0.723,38,0.363,0.132,0.259,0.246,SmartTV,Basic,0.329,0.81
USR_01400,827.5,47.4,9,0.74,17,0.124,0.741,0.115,0.02,SmartTV,Premium,0.645,0.423
USR_01196,3100.7,75.1,24,0.904,41,0.802,0.041,0.099,0.058,Mobile,Standard,0.363,0.846
USR_01409,991.5,62.0,10,0.719,16,0.101,0.779,0.12,0.0,SmartTV,Premium,0.568,0.576
USR_03825,1505.9,47.0,16,0.812,32,0.306,0.217,0.212,0.265,SmartTV,Premium,0.501,0.717
USR_01799,1146.0,48.4,5,0.592,23,0.134,0.74,0.126,0.0,Tablet,Standard,0.628,0.584
USR_01476,1220.7,43.7,9,0.56,27,0.006,0.636,0.127,0.231,Tablet,Premium,0.613,0.575
USR_04966,3385.9,77.3,15,0.996,43,0.26,0.056,0.229,0.455,SmartTV,Premium,0.479,0.908
USR_00036,2219.5,57.7,22,0.886,38,0.71,0.061,0.125,0.104,Mobile,Premium,0.536,0.927
USR_03542,1480.6,47.3,14,0.716,31,0.241,0.233,0.269,0.257,Mobile,Standard,0.301,0.699
USR_02346,299.6,22.1,3,0.475,13,0.259,0.095,0.555,0.091,Console,Basic,0.372,0.294
USR_04679,2971.2,79.4,13,0.974,37,0.185,0.111,0.181,0.523,Console,Premium,0.574,1.0
USR_02360,313.1,15.3,6,0.379,20,0.076,0.17,0.394,0.36,Tablet,Basic,0.342,0.323
USR_02207,755.4,63.1,7,0.889,11,0.039,0.571,0.129,0.261,SmartTV,Standard,0.759,0.309
USR_03768,1781.0,51.0,17,0.95,34,0.312,0.253,0.336,0.099,Tablet,Standard,0.408,0.573
USR_01287,300.0,66.9,9,0.737,4,0.05,0.763,0.098,0.089,SmartTV,Premium,0.7,0.31
USR_00350,2519.1,61.4,25,0.953,41,0.83,0.09,0.08,0.0,SmartTV,Premium,0.374,0.877
USR_02138,1186.3,30.2,12,0.586,39,0.067,0.73,0.134,0.069,Tablet,Free,0.614,0.587
USR_02692,477.2,13.1,2,0.314,35,0.177,0.106,0.634,0.083,SmartTV,Basic,0.36,0.373
USR_04561,3326.2,88.9,26,0.996,37,0.288,0.0,0.204,0.508,Tablet,Premium,0.708,0.899
USR_03968,1130.7,44.3,18,0.741,25,0.312,0.234,0.221,0.233,Mobile,Standard,0.479,0.506
USR_01682,385.2,52.8,9,0.854,7,0.096,0.708,0.091,0.105,SmartTV,Standard,0.882,0.483
USR_04835,3765.9,88.8,19,0.968,42,0.333,0.095,0.147,0.425,SmartTV,Premium,0.475,0.978
USR_01444,1105.8,53.1,4,0.661,20,0.044,0.756,0.16,0.04,SmartTV,Free,0.728,0.454
USR_03244,485.0,20.9,10,0.436,23,0.306,0.148,0.47,0.076,Mobile,Basic,0.372,0.175
USR_01672,949.2,57.9,7,0.569,16,0.178,0.739,0.083,0.0,SmartTV,Standard,0.66,0.457
USR_03837,1581.3,31.5,17,0.768,50,0.42,0.115,0.19,0.275,SmartTV,Basic,0.517,0.469
USR_01180,2108.9,44.8,29,0.832,47,0.673,0.073,0.094,0.16,SmartTV,Premium,0.404,0.963
USR_02799,296.7,9.6,10,0.393,30,0.0,0.144,0.561,0.295,Tablet,Free,0.126,0.175
USR_01693,1015.4,27.1,5,0.587,37,0.069,0.64,0.236,0.055,Tablet,Premium,0.86,0.177
USR_03957,880.8,46.7,14,0.752,18,0.188,0.225,0.243,0.344,Web,Basic,0.183,0.844
USR_00373,2832.1,60.5,17,0.89,46,0.76,0.11,0.131,-0.001,SmartTV,Premium,0.481,0.855
USR_03611,1875.4,49.0,17,0.622,38,0.295,0.255,0.201,0.249,Web,Standard,0.392,0.811
USR_01917,778.0,43.7,6,0.779,17,0.075,0.59,0.097,0.238,Mobile,Standard,0.36,0.361
USR_01358,819.5,68.5,10,0.734,11,0.094,0.598,0.125,0.183,Tablet,Free,0.612,0.201
USR_01826,819.5,43.8,6,0.621,18,0.139,0.688,0.072,0.101,Mobile,Standard,0.634,0.427
USR_00787,3054.2,49.2,19,0.888,62,0.855,0.092,0.029,0.024,Mobile,Standard,0.573,0.799
USR_00470,1770.0,56.0,19,0.985,31,0.874,0.03,0.033,0.063,Web,Standard,0.389,0.885
USR_00141,3151.5,59.7,17,0.907,52,0.873,0.035,0.092,0.0,Console,Standard,0.421,0.787
USR_00789,3213.4,74.7,22,0.98,43,0.766,0.05,0.103,0.081,Console,Standard,0.41,0.833
USR_00324,2025.6,65.1,22,0.802,31,0.732,0.036,0.096,0.136,Mobile,Standard,0.454,0.883
USR_00051,2444.7,64.0,15,0.913,38,0.72,0.083,0.062,0.135,SmartTV,Premium,0.276,0.72
USR_00715,2553.9,78.0,15,0.811,32,0.784,0.065,0.152,-0.001,SmartTV,Basic,0.419,0.781
USR_04890,2185.2,96.6,17,0.967,22,0.225,0.109,0.214,0.452,SmartTV,Standard,0.542,0.93
USR_02841,409.5,18.7,7,0.411,21,0.155,0.116,0.426,0.303,Mobile,Free,0.363,0.45
USR_02447,533.0,11.3,10,0.474,35,0.272,0.147,0.354,0.227,Mobile,Free,0.206,0.223
USR_04814,4064.8,73.4,16,0.987,55,0.417,0.161,0.085,0.337,SmartTV,Premium,0.529,0.924
USR_04420,3311.5,87.4,13,0.97,37,0.16,0.179,0.261,0.4,SmartTV,Premium,0.646,0.94
USR_04597,2424.3,84.8,9,0.99,28,0.216,0.1,0.15,0.534,SmartTV,Premium,0.374,0.964
USR_03016,113.4,17.4,7,0.511,6,0.201,0.062,0.69,0.047,Tablet,Free,0.187,0.211
USR_02667,512.8,24.7,11,0.243,20,0.281,0.17,0.456,0.093,SmartTV,Free,0.24,0.137
USR_00407,2369.3,59.4,30,0.789,39,0.847,0.095,0.058,0.0,Mobile,Premium,0.436,0.813
USR_03725,634.1,44.9,12,0.682,14,0.34,0.228,0.228,0.204,Tablet,Basic,0.352,0.6
USR_01005,2482.3,32.8,23,0.873,75,0.878,0.033,0.089,0.0,Console,Premium,0.51,0.961
USR_03788,1775.1,44.3,18,0.693,40,0.374,0.319,0.215,0.092,SmartTV,Standard,0.479,0.761
USR_00891,2721.9,50.3,15,0.868,54,0.829,0.131,0.04,0.0,SmartTV,Standard,0.386,0.819
USR_02412,366.0,14.2,7,0.572,25,0.108,0.059,0.519,0.314,Mobile,Free,0.354,0.292
USR_02546,609.8,5.9,11,0.503,35,0.228,0.067,0.472,0.233,Mobile,Basic,0.423,0.395
USR_04834,2892.1,72.0,17,0.928,40,0.163,0.081,0.186,0.57,Console,Standard,0.58,0.994
USR_02391,283.9,17.6,8,0.456,16,0.162,0.205,0.58,0.053,Mobile,Basic,0.472,0.0
USR_03941,2178.9,32.9,23,0.6,65,0.364,0.1,0.234,0.302,Web,Standard,0.509,0.696
USR_00043,3076.1,55.9,28,0.797,55,0.627,0.058,0.119,0.196,Tablet,Standard,0.417,0.685
USR_02831,395.7,12.1,4,0.463,32,0.247,0.135,0.513,0.105,Mobile,Free,0.453,0.261
USR_03966,1447.9,43.0,19,0.601,33,0.195,0.218,0.322,0.265,Mobile,Premium,0.508,0.577
USR_00304,2095.4,65.8,23,0.951,31,0.674,0.127,0.176,0.023,SmartTV,Standard,0.479,0.993
USR_04514,2535.5,55.7,18,0.968,45,0.234,0.138,0.181,0.447,SmartTV,Free,0.589,0.954
USR_03748,1626.3,22.2,23,0.772,65,0.273,0.308,0.233,0.186,SmartTV,Basic,0.387,0.609
USR_00665,2149.4,55.4,26,0.904,38,0.808,0.015,0.042,0.135,SmartTV,Premium,0.446,0.741
USR_01178,1706.7,40.3,25,0.861,42,0.725,0.031,0.104,0.14,Tablet,Premium,0.401,0.828
USR_02677,446.5,14.8,3,0.537,30,0.136,0.138,0.554,0.172,Mobile,Basic,0.248,0.323
USR_01948,995.1,40.2,8,0.656,24,0.088,0.815,0.097,0.0,SmartTV,Standard,0.74,0.424
USR_02502,445.9,27.9,1,0.512,15,0.182,0.088,0.398,0.332,Mobile,Free,0.44,0.271
USR_01474,329.4,36.1,11,0.482,9,0.019,0.49,0.248,0.243,Tablet,Premium,0.713,0.499
USR_03484,314.8,22.3,7,0.607,14,0.142,0.106,0.423,0.329,Mobile,Basic,0.503,0.225
USR_03521,1947.8,55.0,12,0.687,35,0.342,0.249,0.244,0.165,SmartTV,Premium,0.357,0.745
USR_02133,874.1,64.4,5,0.71,13,0.153,0.649,0.122,0.076,SmartTV,Premium,0.915,0.477
USR_01027,3140.4,52.2,19,0.839,60,0.731,0.036,0.036,0.197,Console,Premium,0.33,0.784
USR_00962,2875.1,61.0,26,0.79,47,0.765,0.071,0.095,0.069,Mobile,Premium,0.222,0.89
USR_02890,314.9,22.2,11,0.44,14,0.125,0.124,0.547,0.204,Mobile,Free,0.502,0.27
USR_03135,320.0,19.0,3,0.525,16,0.157,0.142,0.551,0.15,SmartTV,Basic,0.55,0.475
USR_02010,1022.2,56.3,9,0.628,18,0.104,0.627,0.077,0.192,SmartTV,Basic,0.568,0.423
USR_02150,803.4,58.6,8,0.831,13,0.027,0.781,0.192,0.0,SmartTV,Premium,0.559,0.496
USR_03324,628.6,22.8,9,0.494,27,0.236,0.18,0.585,-0.001,Tablet,Free,0.204,0.272
USR_02339,602.4,13.5,7,0.263,35,0.289,0.165,0.546,0.0,Mobile,Standard,0.303,0.09
USR_03889,1770.0,39.0,17,0.832,45,0.291,0.174,0.222,0.313,Console,Premium,0.477,0.708
USR_00305,2069.1,63.7,17,0.925,32,0.817,0.079,0.103,0.001,Mobile,Premium,0.341,0.782
USR_01441,1147.7,61.2,8,0.864,18,0.036,0.671,0.153,0.14,SmartTV,Standard,0.768,0.442
USR_01497,702.3,39.5,10,0.684,17,0.0,0.892,0.108,0.0,SmartTV,Standard,0.64,0.451
USR_02653,516.5,15.7,5,0.39,33,0.247,0.159,0.517,0.077,Mobile,Free,0.255,0.414
USR_02876,196.0,14.9,8,0.512,13,0.295,0.114,0.592,-0.001,Mobile,Free,0.28,0.261
USR_00917,2527.8,54.9,20,0.797,46,0.869,0.029,0.061,0.041,Console,Standard,0.499,0.699
USR_04183,1487.8,57.7,18,0.744,25,0.326,0.187,0.279,0.208,SmartTV,Basic,0.41,0.699
USR_03722,1208.0,39.4,18,0.749,30,0.279,0.237,0.188,0.296,Web,Basic,0.407,0.822
USR_02773,469.9,11.8,8,0.411,35,0.275,0.122,0.551,0.052,Mobile,Free,0.339,0.334
USR_01625,1114.7,44.8,9,0.864,24,0.11,0.805,0.085,0.0,SmartTV,Premium,0.848,0.325
USR_03838,1653.7,40.3,16,0.825,41,0.36,0.241,0.238,0.161,Tablet,Premium,0.423,0.747
USR_00822,2091.0,59.6,25,0.947,35,0.809,0.05,0.14,0.001,Console,Premium,0.393,0.922
USR_03965,1853.5,26.6,15,0.668,65,0.234,0.299,0.242,0.225,SmartTV,Standard,0.341,0.56
USR_01355,660.1,44.1,5,0.681,14,0.081,0.658,0.118,0.143,Tablet,Premium,0.657,0.517
USR_04498,3052.0,62.6,14,0.981,48,0.328,0.049,0.207,0.416,SmartTV,Standard,0.673,0.974
USR_00851,2681.5,52.3,20,0.962,51,0.771,0.093,0.089,0.047,SmartTV,Premium,0.553,0.796
USR_01001,3435.0,37.7,27,0.919,90,0.737,0.125,0.008,0.13,Tablet,Basic,0.378,0.753
USR_03378,226.5,24.5,3,0.341,9,0.143,0.135,0.602,0.12,Tablet,Standard,0.555,0.66
USR_00019,2299.4,63.6,23,0.876,36,0.704,0.0,0.078,0.218,Console,Premium,0.489,0.867
USR_01638,1025.7,46.2,6,0.752,22,0.014,0.86,0.125,0.001,SmartTV,Standard,0.705,0.487
USR_01668,1449.0,49.6,10,0.801,29,0.078,0.749,0.16,0.013,SmartTV,Premium,0.453,0.229
USR_00494,2207.1,44.8,25,0.86,49,0.734,0.066,0.139,0.061,SmartTV,Premium,0.611,0.916
USR_01348,1103.1,30.5,8,0.741,36,0.116,0.755,0.124,0.005,SmartTV,Free,0.779,0.428
USR_03728,2106.6,40.8,17,0.563,51,0.291,0.161,0.285,0.263,Console,Premium,0.297,0.676
USR_04826,3377.0,86.2,15,0.927,39,0.194,0.0,0.156,0.65,Tablet,Premium,0.491,0.865
USR_03615,1405.5,36.2,13,0.702,38,0.292,0.239,0.199,0.27,SmartTV,Standard,0.472,0.507
USR_03482,431.3,22.0,6,0.573,19,0.329,0.072,0.599,0.0,Mobile,Free,0.411,0.676
USR_00688,2435.3,57.2,18,0.777,42,0.801,0.096,0.089,0.014,Mobile,Basic,0.535,0.794
USR_03732,1599.1,31.8,21,0.823,50,0.381,0.242,0.233,0.144,SmartTV,Premium,0.358,0.709
USR_01609,1230.8,46.9,6,0.697,26,0.083,0.744,0.0,0.173,Web,Standard,0.573,0.319
USR_04085,2090.6,48.0,14,0.811,43,0.286,0.272,0.327,0.115,Tablet,Standard,0.389,0.755
USR_03403,501.8,15.5,11,0.271,32,0.279,0.177,0.545,-0.001,Mobile,Free,0.378,0.249
USR_01010,1650.6,72.2,18,0.92,22,0.674,0.116,0.112,0.098,Mobile,Premium,0.496,0.713
USR_02409,559.2,19.2,6,0.352,29,0.26,0.171,0.526,0.043,Mobile,Free,0.649,0.065
USR_01093,2668.2,43.6,17,0.904,61,0.723,0.0,0.149,0.128,Web,Premium,0.532,0.975
USR_01328,934.1,42.2,7,0.645,22,0.034,0.631,0.202,0.133,SmartTV,Standard,0.497,0.614
USR_01678,751.2,62.7,7,0.808,11,0.049,0.791,0.097,0.063,SmartTV,Standard,0.583,0.407
USR_02000,1080.3,63.1,8,0.575,17,0.0,0.731,0.269,0.0,SmartTV,Standard,0.578,0.44
USR_01311,912.8,54.7,11,0.691,16,0.083,0.684,0.234,-0.001,Tablet,Standard,0.643,0.416
USR_03259,369.0,12.8,6,0.455,28,0.259,0.196,0.545,0.0,Web,Free,0.138,0.231
USR_01988,581.4,83.2,10,0.68,6,0.039,0.702,0.145,0.114,Tablet,Basic,0.724,0.6
USR_03649,1420.8,44.6,20,0.848,31,0.283,0.209,0.247,0.261,Tablet,Premium,0.293,0.742
USR_00345,2589.7,58.2,20,0.902,44,0.769,0.078,0.075,0.078,SmartTV,Standard,0.405,0.771
USR_04483,2068.9,80.3,15,0.948,25,0.288,0.051,0.102,0.559,SmartTV,Premium,0.47,0.859
USR_00987,2401.3,57.1,17,0.848,42,0.78,0.052,0.164,0.004,Tablet,Premium,0.437,0.918
USR_04545,2467.6,84.4,12,0.948,29,0.181,0.147,0.172,0.5,Web,Standard,0.573,0.866
USR_03808,1205.7,27.8,16,0.65,43,0.234,0.279,0.32,0.167,SmartTV,Premium,0.423,0.714
USR_04524,2905.4,59.6,12,0.986,48,0.296,0.123,0.089,0.492,SmartTV,Standard,0.601,0.892
USR_04003,1524.8,39.2,20,0.707,38,0.254,0.226,0.181,0.339,SmartTV,Basic,0.571,0.762
USR_03092,270.1,19.4,1,0.419,13,0.333,0.16,0.481,0.026,Mobile,Standard,0.266,0.421
USR_03962,2035.7,64.5,21,0.608,31,0.15,0.223,0.295,0.332,Tablet,Basic,0.445,0.563
USR_01143,2887.1,47.1,21,0.894,61,0.657,0.124,0.099,0.12,Tablet,Basic,0.443,0.804
USR_02359,227.0,15.6,8,0.171,14,0.283,0.098,0.495,0.124,Mobile,Basic,0.38,0.34
USR_01199,1592.2,71.6,27,0.798,22,0.833,0.068,0.098,0.001,Web,Premium,0.549,0.958
USR_00086,2869.9,62.0,20,0.915,46,0.801,0.085,0.114,0.0,Tablet,Premium,0.505,0.944
USR_01519,774.3,46.7,8,0.794,16,0.036,0.694,0.143,0.127,SmartTV,Standard,0.746,0.311
USR_00517,2740.0,52.3,16,0.986,52,0.809,0.004,0.078,0.109,Tablet,Premium,0.429,0.986
USR_01382,1028.9,34.8,8,0.533,29,0.045,0.815,0.139,0.001,Web,Standard,0.492,0.204
USR_02717,630.9,22.3,5,0.625,28,0.336,0.106,0.475,0.083,Tablet,Free,0.307,0.157
USR_03085,454.4,34.0,8,0.269,13,0.257,0.117,0.372,0.254,Tablet,Free,0.179,0.368
USR_01015,2317.8,48.3,26,1.0,47,0.651,0.0,0.088,0.261,Mobile,Premium,0.299,0.854
USR_00129,2596.6,69.3,25,0.791,37,0.562,0.099,0.032,0.307,Web,Premium,0.402,0.756
USR_01365,735.4,40.8,6,0.587,18,0.0,0.808,0.192,0.0,SmartTV,Basic,0.553,0.436
USR_03624,1548.5,45.5,12,0.755,34,0.239,0.228,0.295,0.238,Mobile,Standard,0.35,0.794
USR_04971,2806.3,77.5,12,0.964,36,0.248,0.062,0.147,0.543,SmartTV,Standard,0.568,0.884
USR_00892,3010.1,61.7,20,0.807,48,0.7,0.129,0.119,0.052,Web,Premium,0.429,0.83
USR_02794,221.3,35.1,6,0.191,6,0.048,0.163,0.789,0.0,SmartTV,Basic,0.316,0.249
USR_04239,1608.6,33.0,18,0.743,48,0.278,0.228,0.291,0.203,SmartTV,Premium,0.463,0.525
USR_01360,1025.5,54.7,8,0.593,18,0.008,0.593,0.212,0.187,SmartTV,Premium,0.619,0.379
USR_00308,2070.1,62.2,23,0.918,33,0.828,0.071,0.102,-0.001,Tablet,Premium,0.35,0.793
USR_01662,1373.9,47.4,10,0.72,29,0.092,0.731,0.178,-0.001,SmartTV,Premium,0.647,0.544
USR_02432,456.7,20.3,10,0.349,22,0.223,0.081,0.552,0.144,Mobile,Free,0.282,0.221
USR_03935,1561.8,34.4,15,0.708,45,0.214,0.207,0.253,0.326,Tablet,Standard,0.364,0.374
USR_01318,1304.2,49.3,7,0.36,26,0.007,0.748,0.245,0.0,Tablet,Standard,0.77,0.459
USR_04304,2179.7,44.6,14,0.718,48,0.303,0.131,0.186,0.38,Mobile,Free,0.386,0.55
USR_02475,427.0,14.1,2,0.624,30,0.27,0.18,0.511,0.039,Mobile,Free,0.33,0.374
USR_02543,291.5,21.6,6,0.317,13,0.222,0.198,0.529,0.051,Tablet,Free,0.36,0.349
USR_01247,1830.7,77.6,15,0.949,23,0.773,0.045,0.109,0.073,SmartTV,Standard,0.471,0.778
USR_01209,1755.1,81.3,17,0.893,21,0.623,0.044,0.121,0.212,Tablet,Premium,0.354,0.897
USR_00217,1599.6,58.8,19,0.875,27,0.811,0.041,0.066,0.082,SmartTV,Free,0.423,0.763
USR_04293,2009.7,44.4,17,0.729,45,0.345,0.184,0.142,0.329,SmartTV,Basic,0.38,0.695
USR_03063,613.5,25.8,2,0.355,23,0.278,0.082,0.532,0.108,Mobile,Standard,0.264,0.137
USR_01240,2233.0,53.5,20,0.952,41,0.737,0.028,0.197,0.038,SmartTV,Premium,0.384,0.862
USR_02290,286.6,16.6,4,0.541,17,0.348,0.048,0.588,0.016,SmartTV,Free,0.305,0.08
USR_02741,567.9,12.6,4,0.295,35,0.284,0.194,0.454,0.068,Tablet,Free,0.306,0.252
USR_00276,2737.8,49.6,27,0.848,55,0.812,0.031,0.138,0.019,Console,Standard,0.475,0.998
USR_00490,2016.5,44.6,21,0.888,45,0.912,0.048,0.04,0.0,Mobile,Free,0.442,0.684
USR_01036,2173.7,50.1,29,0.81,43,0.789,0.07,0.046,0.095,SmartTV,Premium,0.475,0.818
USR_01230,2755.8,61.3,18,0.803,44,0.774,0.024,0.14,0.062,SmartTV,Standard,0.485,0.698
USR_04586,3178.6,62.8,19,0.942,50,0.337,0.079,0.098,0.486,Web,Standard,0.598,0.88
USR_01009,2045.5,57.7,29,0.9,35,0.747,0.0,0.089,0.164,Web,Standard,0.439,0.819
USR_04690,3651.8,94.5,14,0.975,38,0.194,0.038,0.128,0.64,SmartTV,Basic,0.547,0.888
USR_04027,1582.5,40.6,19,0.791,39,0.205,0.201,0.265,0.329,Mobile,Standard,0.226,0.806
USR_03183,610.9,17.6,12,0.475,34,0.131,0.103,0.521,0.245,Mobile,Free,0.36,0.488
USR_02533,684.5,8.6,5,0.427,35,0.367,0.172,0.461,0.0,Mobile,Basic,0.237,0.45
USR_04170,1508.5,46.1,21,0.709,32,0.244,0.269,0.281,0.206,Mobile,Standard,0.413,0.792
USR_01059,1866.4,51.1,24,0.911,36,0.804,0.097,0.082,0.017,SmartTV,Premium,0.434,0.58
USR_02167,685.5,40.4,12,0.711,16,0.183,0.695,0.122,0.0,Mobile,Basic,0.673,0.409
USR_04579,2769.7,102.7,13,0.978,26,0.295,0.055,0.291,0.359,SmartTV,Premium,0.746,0.869
USR_00282,2369.1,65.9,22,0.956,35,0.704,0.082,0.11,0.104,Tablet,Premium,0.441,0.952
USR_03566,2297.8,33.2,21,0.817,65,0.197,0.255,0.263,0.285,Tablet,Free,0.225,0.602
USR_01317,938.3,36.8,4,0.45,25,0.073,0.677,0.099,0.151,SmartTV,Standard,0.812,0.317
USR_04979,2229.2,71.3,15,0.937,31,0.31,0.155,0.148,0.387,Tablet,Standard,0.639,0.902
USR_00969,1997.8,41.8,16,0.889,47,0.885,0.053,0.025,0.037,Console,Premium,0.487,0.985
USR_03127,302.9,12.8,6,0.469,23,0.209,0.097,0.659,0.035,Web,Free,0.339,0.118
USR_03921,1699.5,40.1,23,0.802,42,0.229,0.184,0.231,0.356,Mobile,Free,0.504,0.827
USR_03167,503.2,23.3,5,0.472,21,0.232,0.228,0.479,0.061,Tablet,Premium,0.268,0.432
USR_03520,1318.7,29.7,20,0.68,44,0.297,0.257,0.309,0.137,Web,Standard,0.368,0.687
USR_00620,1939.5,34.0,21,0.885,57,0.747,0.0,0.059,0.194,Console,Standard,0.451,0.897
USR_03347,371.3,5.2,2,0.286,35,0.256,0.092,0.471,0.181,SmartTV,Basic,0.282,0.52
USR_01743,1021.7,66.6,8,0.653,15,0.109,0.633,0.148,0.11,SmartTV,Free,0.56,0.43
USR_01391,833.5,39.5,11,0.62,21,0.094,0.736,0.076,0.094,SmartTV,Standard,0.777,0.487
USR_04051,1990.1,49.1,19,0.702,40,0.347,0.133,0.272,0.248,SmartTV,Standard,0.476,0.639
USR_01848,749.6,60.7,11,0.717,12,0.085,0.552,0.185,0.178,Tablet,Premium,0.566,0.37
USR_01580,1108.7,49.2,7,0.494,22,0.042,0.744,0.125,0.089,SmartTV,Basic,0.664,0.381
USR_01656,805.3,57.7,5,0.651,13,0.035,0.574,0.192,0.199,SmartTV,Basic,0.628,0.443
USR_02353,120.2,16.9,10,0.535,7,0.326,0.12,0.461,0.093,Mobile,Premium,0.227,0.135
USR_02213,981.6,37.5,3,0.816,26,0.145,0.677,0.178,0.0,Tablet,Standard,0.641,0.455
USR_02021,697.9,29.0,7,0.946,24,0.092,0.796,0.112,0.0,SmartTV,Standard,0.816,0.669
USR_04973,3731.7,68.3,9,0.95,54,0.165,0.096,0.221,0.518,Mobile,Basic,0.643,0.904
USR_01957,965.4,47.1,11,0.852,20,0.073,0.744,0.145,0.038,Mobile,Standard,0.519,0.38
USR_01308,833.0,36.8,5,0.854,22,0.108,0.771,0.121,0.0,SmartTV,Standard,0.709,0.388
USR_02004,1284.6,58.0,9,0.61,22,0.054,0.676,0.128,0.142,SmartTV,Standard,0.491,0.398
USR_04456,3745.0,72.3,22,0.964,51,0.128,0.0,0.167,0.705,SmartTV,Premium,0.683,0.982
USR_00576,1997.1,39.0,27,0.973,51,0.79,0.106,0.104,0.0,SmartTV,Standard,0.412,0.823
USR_04090,1476.0,62.5,12,0.666,23,0.22,0.206,0.313,0.261,SmartTV,Standard,0.447,0.632
USR_04320,2058.4,18.0,17,0.683,65,0.239,0.216,0.283,0.262,Web,Premium,0.344,0.757
USR_04437,3991.5,68.9,16,0.903,57,0.236,0.075,0.268,0.421,Tablet,Premium,0.479,0.954
USR_01707,662.7,62.4,8,0.594,10,0.115,0.661,0.185,0.039,Tablet,Standard,0.653,0.213
USR_03743,1933.5,70.5,22,0.705,27,0.415,0.221,0.264,0.1,Mobile,Premium,0.376,0.615
USR_03471,326.9,13.7,5,0.414,23,0.306,0.076,0.51,0.108,SmartTV,Basic,0.479,0.332
USR_01281,1622.6,40.0,6,0.584,40,0.144,0.683,0.097,0.076,Console,Premium,0.751,0.254
USR_00862,2470.0,39.8,17,0.886,61,0.735,0.046,0.151,0.068,SmartTV,Basic,0.479,0.96
USR_04146,1862.6,39.9,16,0.766,46,0.195,0.193,0.27,0.342,Mobile,Basic,0.337,0.54
USR_01802,955.5,51.7,6,0.643,18,0.043,0.766,0.191,0.0,SmartTV,Premium,0.736,0.579
USR_01629,1252.5,43.7,3,0.645,28,0.095,0.682,0.222,0.001,SmartTV,Free,0.595,0.426
USR_01994,858.4,47.3,7,0.558,18,0.021,0.88,0.099,0.0,SmartTV,Standard,0.741,0.44
USR_02640,453.1,15.1,2,0.463,29,0.182,0.167,0.521,0.13,Console,Basic,0.429,0.148
USR_00270,2328.4,72.7,17,0.893,32,0.681,0.036,0.058,0.225,Web,Standard,0.371,0.807
USR_00630,2098.8,61.6,18,0.946,34,0.798,0.07,0.083,0.049,Tablet,Standard,0.36,0.877
USR_03082,535.6,24.0,5,0.532,22,0.21,0.139,0.558,0.093,Mobile,Free,0.448,0.055
USR_02335,550.1,27.7,4,0.405,19,0.137,0.045,0.545,0.273,SmartTV,Premium,0.257,0.485
USR_02967,373.2,11.8,4,0.431,31,0.183,0.067,0.645,0.105,Mobile,Free,0.336,0.221
USR_00301,1949.0,46.0,16,0.85,42,0.791,0.073,0.136,0.0,Web,Standard,0.462,0.762
USR_00460,2678.9,49.4,18,0.961,54,0.721,0.028,0.104,0.147,Tablet,Premium,0.475,0.839
USR_01448,1397.9,37.8,10,0.63,37,0.044,0.536,0.155,0.265,SmartTV,Standard,0.617,0.432
USR_01473,1179.8,33.2,9,0.807,35,0.0,0.738,0.0,0.262,SmartTV,Standard,0.668,0.419
USR_02047,1058.8,55.7,10,0.718,19,0.085,0.868,0.047,0.0,SmartTV,Basic,0.85,0.385
USR_04229,2034.2,46.8,13,0.662,43,0.28,0.188,0.142,0.39,SmartTV,Premium,0.333,0.617
USR_03765,1536.6,48.7,16,0.836,31,0.235,0.255,0.217,0.293,Mobile,Premium,0.449,0.528
USR_02114,768.9,42.7,7,0.791,18,0.115,0.725,0.124,0.036,Tablet,Standard,0.503,0.575
USR_00028,2698.0,80.6,14,0.871,33,0.833,0.071,0.069,0.027,Web,Free,0.403,0.811
USR_03840,1070.6,36.3,15,0.825,29,0.274,0.328,0.261,0.137,Tablet,Free,0.494,0.625
USR_04523,3995.4,61.6,14,0.93,60,0.305,0.028,0.204,0.463,SmartTV,Premium,0.426,1.0
USR_00838,1792.7,46.5,24,0.876,38,0.754,0.077,0.063,0.106,Web,Standard,0.392,0.86
USR_03827,2460.4,34.0,21,0.795,65,0.386,0.247,0.271,0.096,SmartTV,Basic,0.477,0.761
USR_02009,1172.9,23.4,5,0.502,40,0.083,0.681,0.235,0.001,SmartTV,Basic,0.771,0.593
USR_04908,3007.6,93.5,15,0.923,32,0.072,0.044,0.243,0.641,Web,Basic,0.646,0.88
USR_00504,2649.1,53.5,18,0.834,49,0.692,0.049,0.162,0.097,SmartTV,Basic,0.356,0.865
USR_03207,275.7,16.5,1,0.573,16,0.079,0.014,0.568,0.339,Mobile,Standard,0.202,0.225
USR_04305,1304.0,41.7,19,0.802,31,0.205,0.189,0.279,0.327,Mobile,Standard,0.267,0.663
USR_00381,2180.3,62.6,22,0.796,34,0.691,0.068,0.096,0.145,SmartTV,Free,0.374,0.812
USR_01852,776.6,38.7,12,0.773,20,0.096,0.768,0.136,0.0,SmartTV,Basic,0.809,0.488
USR_01526,954.8,45.5,9,0.813,20,0.063,0.74,0.196,0.001,SmartTV,Free,0.765,0.358
USR_02366,519.6,28.3,4,0.582,18,0.291,0.21,0.499,0.0,SmartTV,Free,0.255,0.612
USR_04148,2072.1,51.5,15,0.695,40,0.365,0.202,0.196,0.237,SmartTV,Free,0.381,0.812
USR_03053,390.7,22.7,4,0.522,17,0.121,0.029,0.496,0.354,Tablet,Standard,0.1,0.313
USR_02885,560.8,16.1,4,0.467,34,0.317,0.155,0.528,0.0,Tablet,Free,0.68,0.19
USR_02341,180.5,16.9,9,0.51,10,0.208,0.111,0.393,0.288,Mobile,Free,0.318,0.337
USR_00375,2641.9,60.1,20,0.803,43,0.778,0.025,0.197,0.0,SmartTV,Standard,0.466,0.804
USR_03261,592.3,17.3,7,0.272,34,0.216,0.112,0.433,0.239,Console,Basic,0.344,0.016
USR_02382,396.3,12.4,6,0.187,32,0.177,0.142,0.328,0.353,SmartTV,Standard,0.1,0.0
USR_04310,1214.7,35.3,18,0.88,34,0.152,0.22,0.224,0.404,Web,Basic,0.228,0.515
USR_00940,2443.0,34.4,26,0.883,71,0.733,0.027,0.088,0.152,SmartTV,Standard,0.475,0.894
USR_04199,1105.7,62.4,21,0.627,17,0.373,0.223,0.236,0.168,Tablet,Free,0.349,0.671
USR_04166,2163.5,49.8,15,0.799,43,0.266,0.216,0.25,0.268,SmartTV,Free,0.412,0.88
USR_02800,288.6,17.1,4,0.555,16,0.26,0.016,0.452,0.272,Mobile,Basic,0.389,0.16
USR_02148,1111.1,33.8,6,0.578,32,0.019,0.661,0.144,0.176,SmartTV,Premium,0.623,0.381
USR_03818,2021.3,55.3,22,0.803,36,0.209,0.259,0.24,0.292,SmartTV,Standard,0.364,0.568
USR_04541,2965.3,79.8,23,0.946,37,0.251,0.097,0.21,0.442,Web,Premium,0.579,0.857
USR_04217,2225.7,32.6,21,0.688,65,0.296,0.179,0.278,0.247,Mobile,Free,0.497,0.68
USR_02069,794.0,36.5,7,0.721,21,0.102,0.744,0.154,0.0,Web,Standard,0.485,0.293
USR_00530,2576.0,47.3,11,0.951,54,0.88,0.036,0.084,0.0,SmartTV,Standard,0.36,0.881
USR_04605,2821.6,81.6,26,0.953,34,0.142,0.078,0.28,0.5,Web,Standard,0.656,0.871
USR_00637,2550.0,25.1,20,0.952,90,0.707,0.051,0.048,0.194,SmartTV,Standard,0.563,0.985
USR_01270,705.6,47.3,6,0.583,14,0.087,0.579,0.081,0.253,Tablet,Basic,0.885,0.475
USR_00186,1723.7,58.0,23,0.945,29,0.789,0.072,0.08,0.059,SmartTV,Premium,0.442,0.823
USR_04350,1936.8,47.9,16,0.822,40,0.247,0.189,0.19,0.374,Mobile,Free,0.399,0.535
USR_03180,519.8,32.1,1,0.638,16,0.269,0.069,0.662,0.0,Mobile,Free,0.185,0.451
USR_03455,432.4,21.6,1,0.321,20,0.262,0.023,0.58,0.135,Mobile,Basic,0.263,0.145
USR_01798,842.9,51.7,6,0.804,16,0.031,0.701,0.056,0.212,Tablet,Premium,0.645,0.218
USR_02980,248.2,15.3,7,0.617,16,0.205,0.122,0.424,0.249,Tablet,Free,0.365,0.127
USR_01442,1271.4,52.3,7,0.74,24,0.079,0.686,0.136,0.099,SmartTV,Basic,0.683,0.383
USR_03428,316.0,16.3,4,0.541,19,0.183,0.146,0.557,0.114,Tablet,Free,0.13,0.29
USR_04875,3662.8,82.4,15,0.91,44,0.332,0.085,0.084,0.499,Web,Premium,0.588,0.891
USR_01536,732.3,68.0,8,0.822,10,0.175,0.607,0.217,0.001,Tablet,Basic,0.539,0.294
USR_03444,528.9,22.2,4,0.407,23,0.274,0.098,0.479,0.149,Mobile,Free,0.646,0.0
USR_01274,934.2,48.9,8,0.95,19,0.144,0.773,0.083,0.0,SmartTV,Premium,0.694,0.322
USR_02468,323.1,11.6,7,0.187,27,0.227,0.151,0.51,0.112,Mobile,Free,0.481,0.094
USR_00608,2355.8,59.4,19,0.803,39,0.844,0.074,0.082,0.0,Mobile,Premium,0.329,0.784
USR_03514,1682.6,40.4,12,0.736,41,0.284,0.258,0.227,0.231,SmartTV,Standard,0.425,0.639
USR_01713,795.8,59.9,10,0.766,13,0.115,0.744,0.142,-0.001,SmartTV,Standard,0.662,0.565
USR_02200,1029.3,33.2,2,0.88,30,0.037,0.648,0.208,0.107,SmartTV,Basic,0.865,0.236
USR_00956,1887.4,53.6,28,0.92,35,0.807,0.044,0.071,0.078,SmartTV,Premium,0.532,0.866
USR_02580,237.6,26.4,5,0.323,9,0.246,0.057,0.395,0.302,Web,Basic,0.531,0.571
USR_03898,2003.1,39.5,16,0.768,50,0.285,0.139,0.299,0.277,Web,Premium,0.375,0.679
USR_04426,2216.8,76.8,14,0.96,28,0.164,0.057,0.227,0.552,Console,Free,0.523,0.867
USR_03381,306.5,15.1,3,0.512,20,0.277,0.044,0.563,0.116,Mobile,Basic,0.515,0.265
USR_03686,997.6,34.4,17,0.676,28,0.326,0.234,0.345,0.095,Tablet,Premium,0.366,0.616
USR_00404,1705.6,57.0,30,0.91,29,0.775,0.103,0.111,0.011,Console,Standard,0.437,0.763
USR_02072,1536.1,20.0,8,0.72,40,0.061,0.635,0.15,0.154,Tablet,Premium,0.586,0.645
USR_04756,3050.0,115.4,13,0.955,26,0.304,0.052,0.295,0.349,Web,Premium,0.55,0.948
USR_01978,1004.4,44.4,7,0.508,22,0.113,0.709,0.171,0.007,SmartTV,Standard,0.864,0.373
USR_00159,2934.3,86.1,24,0.9,34,0.797,0.046,0.117,0.04,Web,Standard,0.396,0.863
USR_01749,835.0,54.4,5,0.812,15,0.115,0.713,0.172,0.0,SmartTV,Basic,0.605,0.346
USR_02910,670.4,19.1,6,0.56,35,0.18,0.118,0.61,0.092,Mobile,Free,0.499,0.0
USR_03535,2064.0,49.0,20,0.788,42,0.234,0.183,0.273,0.31,Web,Standard,0.539,0.696
USR_00903,1865.0,60.3,22,0.871,30,0.853,0.109,0.024,0.014,Web,Standard,0.372,0.916
USR_00353,1662.9,33.6,19,0.915,49,0.825,0.103,0.04,0.032,Mobile,Standard,0.235,0.919
USR_01231,2191.8,60.5,21,0.845,36,0.847,0.0,0.153,0.0,SmartTV,Premium,0.376,0.844
USR_04671,3789.0,74.3,17,0.954,51,0.207,0.067,0.188,0.538,SmartTV,Premium,0.458,0.866
USR_02141,1053.7,46.8,8,0.532,22,0.041,0.82,0.139,0.0,Console,Basic,0.714,0.354
USR_00445,2295.9,48.1,27,0.838,47,0.687,0.087,0.06,0.166,SmartTV,Premium,0.344,0.735
USR_04949,3183.0,77.4,15,0.96,41,0.329,0.047,0.192,0.432,SmartTV,Basic,0.579,0.909
USR_00755,2048.9,63.8,19,0.852,32,0.873,0.045,0.08,0.002,SmartTV,Basic,0.511,0.978
USR_01738,686.7,42.3,9,0.808,16,0.092,0.717,0.19,0.001,SmartTV,Basic,0.594,0.305
USR_02972,346.0,13.5,1,0.288,25,0.258,0.093,0.649,0.0,Mobile,Standard,0.297,0.407
USR_04980,2616.3,72.4,14,0.926,36,0.291,0.097,0.265,0.347,SmartTV,Premium,0.61,0.941
USR_02921,762.2,22.0,7,0.374,34,0.224,0.095,0.678,0.003,SmartTV,Free,0.157,0.505
USR_00312,1280.5,70.3,23,0.808,18,0.683,0.127,0.053,0.137,SmartTV,Premium,0.328,0.941
USR_00549,1668.5,25.0,23,0.888,66,0.708,0.052,0.239,0.001,Console,Premium,0.399,0.891
USR_04053,1755.6,51.2,12,0.746,34,0.348,0.214,0.326,0.112,Tablet,Free,0.52,0.628
USR_04762,3020.0,86.8,23,0.932,34,0.259,0.111,0.137,0.493,SmartTV,Standard,0.324,0.825
USR_01990,390.8,43.6,6,0.721,8,0.099,0.815,0.084,0.002,SmartTV,Premium,0.649,0.664
USR_00307,2483.1,66.3,22,1.0,37,0.63,0.102,0.091,0.177,SmartTV,Standard,0.482,0.885
USR_02336,200.6,20.9,3,0.322,9,0.263,0.079,0.463,0.195,Mobile,Free,0.253,0.568
USR_00695,2783.2,44.1,20,0.819,63,0.706,0.008,0.055,0.231,Web,Standard,0.534,0.777
USR_02357,358.7,17.9,5,0.428,20,0.413,0.055,0.442,0.09,Mobile,Standard,0.547,0.208
USR_01928,1039.3,43.5,10,0.596,23,0.094,0.689,0.216,0.001,Mobile,Free,0.676,0.209
USR_00685,2284.3,58.3,18,0.82,39,0.842,0.042,0.057,0.059,Mobile,Free,0.369,0.906
USR_00750,2654.2,50.9,22,0.864,52,0.739,0.032,0.123,0.106,SmartTV,Premium,0.525,0.944
USR_04009,1612.9,37.7,15,0.719,42,0.3,0.299,0.286,0.115,Console,Basic,0.331,0.525
USR_01267,893.8,39.2,8,0.687,22,0.079,0.761,0.114,0.046,Tablet,Standard,0.631,0.586
USR_03286,603.1,18.4,5,0.615,32,0.137,0.083,0.441,0.339,Web,Free,0.387,0.308
USR_03530,1670.2,58.8,19,0.815,28,0.267,0.214,0.291,0.228,Console,Standard,0.464,0.5
USR_04424,3168.4,86.8,6,0.946,36,0.24,0.098,0.178,0.484,SmartTV,Standard,0.583,0.854
USR_03985,2133.1,56.7,17,0.847,37,0.227,0.175,0.304,0.294,Mobile,Premium,0.261,0.65
USR_03084,431.3,14.3,2,0.406,30,0.161,0.077,0.389,0.373,Tablet,Standard,0.38,0.243
USR_03062,376.3,12.1,6,0.471,31,0.18,0.176,0.395,0.249,Tablet,Free,0.1,0.342
USR_03026,538.5,22.4,1,0.339,24,0.114,0.136,0.387,0.363,Mobile,Free,0.112,0.264
USR_00971,2637.6,45.8,22,0.799,57,0.842,0.05,0.078,0.03,SmartTV,Basic,0.417,0.853
USR_00014,3097.5,45.6,20,0.929,67,0.669,0.069,0.165,0.097,SmartTV,Premium,0.291,0.865
USR_00874,2315.1,66.3,15,0.79,34,0.796,0.04,0.069,0.095,Console,Standard,0.279,0.852
USR_00809,2687.3,75.4,23,0.919,35,0.751,0.006,0.066,0.177,SmartTV,Premium,0.419,0.855
USR_03199,365.9,18.4,4,0.526,19,0.096,0.088,0.556,0.26,Mobile,Basic,0.454,0.629
USR_00515,2320.1,62.9,25,0.879,36,0.711,0.0,0.066,0.223,SmartTV,Basic,0.371,0.859
USR_04473,3281.2,99.4,13,0.97,33,0.113,0.043,0.093,0.751,SmartTV,Standard,0.567,0.861
USR_00410,2190.9,60.9,23,0.855,35,0.836,0.014,0.15,0.0,SmartTV,Standard,0.432,0.823
USR_03409,390.5,16.7,12,0.501,23,0.107,0.105,0.517,0.271,Mobile,Free,0.217,0.033
USR_04343,979.3,49.5,16,0.841,19,0.295,0.203,0.197,0.305,Tablet,Premium,0.476,0.644
USR_00208,2365.8,45.0,30,0.784,52,0.768,0.136,0.097,-0.001,Web,Standard,0.405,0.821
USR_03692,1242.2,34.5,13,0.72,36,0.15,0.245,0.222,0.383,SmartTV,Standard,0.363,0.72
USR_00459,2371.8,57.9,22,0.928,40,0.842,0.018,0.14,0.0,Mobile,Standard,0.325,0.897
USR_03472,418.4,11.1,1,0.445,35,0.266,0.15,0.584,0.0,Web,Premium,0.525,0.322
USR_02431,526.0,22.5,7,0.372,23,0.171,0.272,0.516,0.041,Mobile,Premium,0.331,0.193
USR_03658,1615.3,43.3,20,0.78,37,0.334,0.241,0.234,0.191,SmartTV,Standard,0.39,0.548
USR_00111,1953.9,29.2,19,0.801,67,0.848,0.092,0.06,0.0,Mobile,Standard,0.6,0.929
USR_04590,2160.8,89.5,17,0.926,24,0.203,0.066,0.193,0.538,Console,Premium,0.585,0.918
USR_04045,2090.2,56.2,20,0.824,37,0.238,0.172,0.272,0.318,Web,Premium,0.402,0.89
USR_01884,967.1,47.8,11,0.608,20,0.121,0.7,0.08,0.099,Mobile,Standard,0.68,0.503
USR_01714,856.6,38.8,7,0.592,22,0.12,0.585,0.146,0.149,Tablet,Free,0.693,0.203
USR_03959,1653.0,46.7,19,0.692,35,0.151,0.158,0.313,0.378,Tablet,Basic,0.479,0.639
USR_03400,595.4,13.1,5,0.568,35,0.122,0.188,0.455,0.235,Mobile,Free,0.247,0.295
USR_00553,1903.6,64.8,22,0.855,29,0.609,0.118,0.039,0.234,SmartTV,Standard,0.373,0.879
USR_01440,1258.2,29.9,9,0.721,40,0.105,0.735,0.16,0.0,SmartTV,Premium,0.95,0.411
USR_02271,215.6,12.4,7,0.358,17,0.243,0.121,0.636,0.0,Tablet,Basic,0.413,0.467
USR_03145,445.2,23.8,11,0.563,18,0.294,0.072,0.626,0.008,Mobile,Standard,0.405,0.398
USR_02822,644.1,15.2,4,0.15,35,0.223,0.096,0.443,0.238,Mobile,Free,0.348,0.309
USR_04782,2930.9,80.8,17,0.947,36,0.27,0.07,0.196,0.464,Console,Premium,0.373,0.944
USR_01926,663.8,47.9,10,0.838,13,0.022,0.641,0.067,0.27,SmartTV,Premium,0.59,0.553
USR_00635,2936.0,53.2,13,0.796,55,0.758,0.013,0.079,0.15,Tablet,Premium,0.423,0.967
USR_04806,2854.9,79.4,23,0.974,35,0.264,0.103,0.174,0.459,SmartTV,Premium,0.67,0.919
USR_00317,1938.1,69.8,18,0.978,27,0.745,0.122,0.132,0.001,Mobile,Premium,0.409,0.808
USR_04218,2375.5,50.5,14,0.745,47,0.32,0.266,0.307,0.107,Mobile,Basic,0.322,0.685
USR_04700,3270.1,81.5,20,0.944,40,0.292,0.064,0.228,0.416,Web,Premium,0.452,0.921
USR_01329,1134.9,68.8,10,0.735,16,0.134,0.548,0.109,0.209,Tablet,Premium,0.589,0.567
USR_00428,1862.6,43.5,16,0.785,42,0.817,0.051,0.119,0.013,SmartTV,Premium,0.475,0.871
USR_04375,1898.0,35.1,20,0.818,54,0.228,0.178,0.256,0.338,Web,Standard,0.535,0.579
USR_00106,1500.8,66.0,23,0.94,22,0.55,0.144,0.093,0.213,SmartTV,Premium,0.509,0.767
USR_03042,400.6,5.0,5,0.549,35,0.072,0.042,0.522,0.364,Console,Free,0.222,0.14
USR_00143,1713.5,70.2,19,1.0,24,0.729,0.067,0.177,0.027,Tablet,Premium,0.58,1.0
USR_02170,1157.5,60.1,2,0.751,19,0.134,0.734,0.132,0.0,SmartTV,Basic,0.663,0.392
USR_03459,321.0,23.8,5,0.408,13,0.231,0.097,0.472,0.2,SmartTV,Free,0.468,0.071
USR_00090,2569.7,73.8,21,0.847,34,0.949,0.002,0.0,0.049,Tablet,Standard,0.455,0.81
USR_02919,250.7,12.1,5,0.345,20,0.24,0.082,0.677,0.001,Mobile,Basic,0.433,0.402
USR_03238,366.0,21.6,9,0.524,16,0.094,0.1,0.551,0.255,SmartTV,Basic,0.321,0.312
USR_02242,889.7,27.2,6,0.611,32,0.149,0.705,0.146,0.0,Mobile,Standard,0.646,0.564
USR_03175,512.1,16.0,8,0.314,31,0.136,0.106,0.611,0.147,Mobile,Free,0.211,0.457
USR_03413,362.8,13.6,9,0.361,26,0.178,0.112,0.677,0.033,SmartTV,Basic,0.486,0.241
USR_02164,893.6,43.4,9,0.787,20,0.125,0.729,0.146,0.0,Mobile,Premium,0.759,0.184
USR_02637,461.8,16.3,14,0.475,28,0.225,0.11,0.386,0.279,Web,Basic,0.418,0.288
USR_01950,983.0,69.7,9,0.849,14,0.052,0.706,0.077,0.165,Mobile,Standard,0.612,0.309
USR_01769,781.1,57.7,6,0.648,13,0.026,0.769,0.17,0.035,SmartTV,Free,0.648,0.506
USR_04291,1167.7,54.4,18,0.673,21,0.193,0.294,0.207,0.306,SmartTV,Standard,0.406,0.533
USR_02273,591.4,21.2,7,0.528,27,0.201,0.14,0.548,0.111,Web,Basic,0.247,0.347
USR_00002,2644.2,57.9,14,0.777,45,0.729,0.019,0.116,0.136,Mobile,Premium,0.347,0.737
USR_03283,290.1,22.6,1,0.612,12,0.198,0.053,0.444,0.305,Mobile,Basic,0.31,0.299
USR_04958,3567.5,84.5,20,1.0,42,0.264,0.099,0.145,0.492,Mobile,Free,0.534,0.938
USR_01952,689.1,44.8,8,0.514,15,0.059,0.771,0.161,0.009,SmartTV,Basic,0.629,0.387
USR_00936,1787.6,41.7,28,0.883,42,0.758,0.012,0.122,0.108,SmartTV,Standard,0.464,0.762
USR_04297,1869.9,51.7,24,0.533,36,0.325,0.243,0.272,0.16,Web,Basic,0.422,0.679
USR_02721,295.3,17.5,4,0.279,16,0.29,0.155,0.373,0.182,Mobile,Free,0.339,0.215
USR_04448,3276.6,99.9,9,0.942,32,0.194,0.005,0.148,0.653,SmartTV,Standard,0.545,0.866
USR_01110,2737.4,68.5,21,1.0,39,0.781,0.105,0.114,0.0,SmartTV,Premium,0.467,0.716
USR_03961,2019.2,39.0,20,0.832,51,0.234,0.144,0.232,0.39,Tablet,Standard,0.515,0.552
USR_00592,2689.0,48.2,20,1.0,55,0.807,0.045,0.0,0.148,Console,Basic,0.531,0.742
USR_01696,1065.1,49.8,8,0.722,21,0.101,0.748,0.15,0.001,SmartTV,Free,0.686,0.5
USR_03451,351.9,32.2,8,0.422,10,0.249,0.0,0.655,0.096,Mobile,Standard,0.411,0.289
USR_02937,238.3,13.1,9,0.209,18,0.23,0.127,0.511,0.132,Mobile,Basic,0.366,0.0
USR_04205,1572.0,37.8,18,0.718,41,0.307,0.229,0.314,0.15,Mobile,Premium,0.352,0.864
USR_03412,213.7,23.3,7,0.309,9,0.334,0.136,0.53,0.0,Tablet,Free,0.329,0.299
USR_01577,1445.8,36.8,5,0.74,39,0.084,0.753,0.154,0.009,SmartTV,Premium,0.571,0.614
USR_03955,1701.0,42.3,16,0.759,40,0.224,0.264,0.25,0.262,Mobile,Standard,0.255,0.623
USR_00214,1970.7,50.1,24,0.886,39,0.833,0.139,0.022,0.006,SmartTV,Standard,0.549,0.858
USR_00779,2172.0,57.9,27,0.757,37,0.76,0.007,0.017,0.216,SmartTV,Premium,0.497,0.894
USR_01416,949.0,55.0,8,0.674,17,0.055,0.656,0.157,0.132,SmartTV,Premium,0.743,0.405
USR_03760,1764.0,30.2,20,0.653,58,0.312,0.299,0.291,0.098,Web,Premium,0.451,0.682
USR_02044,527.8,30.3,8,0.773,17,0.08,0.559,0.163,0.198,SmartTV,Free,0.675,0.401
USR_02849,480.2,26.6,9,0.471,18,0.234,0.029,0.451,0.286,Mobile,Basic,0.316,0.172
USR_04538,3175.9,62.4,17,0.95,50,0.311,0.107,0.248,0.334,Web,Premium,0.456,0.984
USR_03506,2276.7,31.8,24,0.655,65,0.21,0.264,0.296,0.23,Web,Basic,0.45,0.731
USR_03814,1512.3,46.3,16,0.782,32,0.307,0.2,0.164,0.329,SmartTV,Basic,0.32,0.838
USR_01568,589.2,51.2,4,0.548,11,0.164,0.658,0.083,0.095,SmartTV,Premium,0.828,0.541
USR_00166,2676.9,43.8,26,0.848,61,0.762,0.067,0.171,0.0,SmartTV,Standard,0.402,0.822
USR_04715,2847.6,83.6,15,0.888,34,0.252,0.074,0.201,0.473,SmartTV,Premium,0.349,0.946
USR_04273,1970.0,46.9,20,0.747,41,0.266,0.227,0.225,0.282,Tablet,Standard,0.488,0.826
USR_04927,3374.8,75.1,16,0.949,44,0.302,0.066,0.265,0.367,Web,Premium,0.55,0.909
USR_01344,905.5,20.6,5,0.836,40,0.089,0.688,0.207,0.016,SmartTV,Standard,0.567,0.393
USR_02014,786.6,40.2,5,0.599,19,0.095,0.748,0.157,0.0,Tablet,Premium,0.811,0.537
USR_00274,2606.0,48.7,27,0.857,53,0.814,0.066,0.0,0.12,Mobile,Standard,0.481,0.867
USR_00072,2612.7,58.1,25,0.98,44,0.871,0.0,0.036,0.093,SmartTV,Premium,0.37,0.852
USR_03888,1523.9,43.6,23,0.762,34,0.255,0.205,0.212,0.328,SmartTV,Premium,0.308,0.483
USR_01088,3040.8,69.1,22,0.803,44,0.67,0.061,0.117,0.152,Mobile,Free,0.39,0.812
USR_00395,2845.6,52.4,24,0.851,54,0.722,0.063,0.101,0.114,Console,Standard,0.458,0.829
USR_00584,2792.2,74.0,19,0.948,37,0.766,0.054,0.122,0.058,SmartTV,Standard,0.349,0.861
USR_01368,1093.6,42.2,5,0.674,25,0.036,0.736,0.208,0.02,Web,Standard,0.663,0.438
USR_04988,2862.8,108.7,15,0.923,26,0.297,0.09,0.252,0.361,Mobile,Standard,0.535,0.925
USR_04089,1516.4,26.3,14,0.727,57,0.264,0.264,0.157,0.315,Tablet,Basic,0.395,0.638
USR_02549,305.1,25.0,6,0.269,12,0.114,0.071,0.52,0.295,Web,Basic,0.406,0.251
USR_01014,1915.4,61.3,13,0.847,31,0.802,0.041,0.157,0.0,SmartTV,Standard,0.467,0.793
USR_04898,3119.7,81.7,11,0.944,38,0.344,0.075,0.24,0.341,SmartTV,Basic,0.58,0.949
USR_03004,327.9,16.2,8,0.395,20,0.145,0.094,0.529,0.232,Tablet,Basic,0.136,0.394
USR_04789,2622.6,71.2,8,0.964,36,0.267,0.058,0.098,0.577,Console,Premium,0.591,0.947
USR_04408,4333.1,74.4,24,0.982,58,0.178,0.034,0.079,0.709,Tablet,Standard,0.54,0.845
USR_03533,1647.8,35.8,21,0.673,46,0.299,0.258,0.319,0.124,Web,Premium,0.487,0.719
USR_01764,852.8,41.4,8,0.48,20,0.063,0.869,0.068,0.0,SmartTV,Standard,0.809,0.427
USR_01876,581.5,20.0,8,0.778,29,0.053,0.806,0.141,0.0,SmartTV,Free,0.664,0.511
USR_01260,1217.2,50.2,8,0.62,24,0.121,0.534,0.108,0.237,SmartTV,Standard,0.632,0.224
USR_04531,2680.4,80.0,14,0.932,33,0.371,0.097,0.187,0.345,SmartTV,Standard,0.543,0.953
USR_02254,190.2,21.1,6,0.354,9,0.294,0.0,0.513,0.193,Mobile,Basic,0.138,0.163
USR_02782,304.2,18.7,2,0.264,16,0.113,0.222,0.665,0.0,Mobile,Premium,0.248,0.004
USR_03593,1502.9,37.0,24,0.763,40,0.215,0.181,0.231,0.373,SmartTV,Free,0.433,0.708
USR_00527,2322.3,62.7,21,0.793,37,0.787,0.102,0.099,0.012,Web,Standard,0.482,0.766
USR_04264,1997.5,40.2,19,0.656,49,0.328,0.239,0.211,0.222,Web,Basic,0.507,0.618
USR_02947,423.4,17.5,9,0.642,24,0.292,0.107,0.601,0.0,Tablet,Free,0.428,0.289
USR_00378,3051.3,71.4,28,1.0,42,0.679,0.07,0.0,0.251,SmartTV,Basic,0.464,0.806
USR_01560,1182.8,36.7,5,0.682,32,0.003,0.693,0.155,0.149,Tablet,Premium,0.858,0.468
USR_03821,1961.7,32.0,13,0.828,61,0.389,0.24,0.273,0.098,Web,Standard,0.37,0.672
USR_01964,498.8,37.7,10,0.808,13,0.104,0.727,0.17,-0.001,Mobile,Standard,0.6,0.437
USR_04733,2566.1,105.2,14,0.948,24,0.144,0.061,0.238,0.557,SmartTV,Premium,0.61,0.961
USR_00349,2936.3,54.0,17,0.856,54,0.769,0.105,0.126,0.0,Mobile,Premium,0.352,1.0
USR_02435,482.3,15.2,2,0.304,31,0.147,0.12,0.541,0.192,Tablet,Basic,0.332,0.294
USR_02247,845.1,38.5,8,0.686,21,0.133,0.679,0.021,0.167,SmartTV,Standard,0.644,0.225
USR_04167,1471.8,37.8,23,0.776,38,0.326,0.168,0.262,0.244,SmartTV,Standard,0.473,0.569
USR_01710,710.0,61.6,4,0.786,11,0.062,0.597,0.175,0.166,SmartTV,Standard,0.773,0.367
USR_01051,2995.5,54.6,22,0.877,54,0.55,0.124,0.125,0.201,Web,Standard,0.446,0.845
USR_00591,2059.8,59.3,21,0.824,34,0.844,0.091,0.065,0.0,Mobile,Standard,0.46,0.893
USR_00520,3136.5,49.2,26,0.998,63,0.821,0.063,0.102,0.014,Console,Premium,0.229,0.91
USR_04753,3351.8,74.3,15,0.947,45,0.255,0.141,0.154,0.45,Web,Premium,0.569,0.885
USR_04309,1531.7,29.6,19,0.749,51,0.368,0.147,0.311,0.174,Mobile,Standard,0.312,0.691
USR_02478,287.9,19.6,6,0.518,14,0.108,0.223,0.404,0.265,Tablet,Free,0.456,0.412
USR_01084,2556.5,34.8,17,0.869,73,0.836,0.07,0.094,0.0,Web,Basic,0.418,0.793
USR_03589,1640.0,54.7,17,0.731,30,0.231,0.275,0.295,0.199,Mobile,Premium,0.471,0.663
USR_04779,2261.1,54.6,11,0.99,41,0.246,0.124,0.249,0.381,Tablet,Premium,0.474,0.998
USR_04510,3683.0,82.2,18,0.929,44,0.328,0.008,0.244,0.42,SmartTV,Standard,0.478,0.837
USR_01295,1065.3,40.8,12,0.85,26,0.068,0.727,0.205,0.0,Tablet,Standard,0.687,0.717
USR_01810,1226.1,23.9,2,0.522,40,0.056,0.778,0.0,0.166,SmartTV,Premium,0.839,0.44
USR_00792,2746.7,54.3,18,0.846,50,0.727,0.086,0.113,0.074,Tablet,Premium,0.314,0.815
USR_00793,2655.9,59.6,28,0.894,44,0.745,0.023,0.112,0.12,SmartTV,Standard,0.225,0.835
USR_04115,2202.0,42.6,20,0.744,51,0.289,0.164,0.239,0.308,Mobile,Premium,0.238,0.634
USR_01856,747.6,87.0,10,0.551,8,0.037,0.849,0.114,0.0,SmartTV,Premium,0.685,0.305
USR_04758,3180.2,68.0,17,0.933,46,0.203,0.095,0.235,0.467,Tablet,Premium,0.616,0.918
USR_01981,1005.8,49.0,7,0.733,20,0.082,0.707,0.119,0.092,Web,Premium,0.688,0.447
USR_03234,472.1,20.3,7,0.363,23,0.169,0.041,0.454,0.336,Mobile,Free,0.316,0.352
USR_03909,1517.5,49.7,18,0.796,30,0.208,0.215,0.277,0.3,Tablet,Standard,0.512,0.513
USR_04985,3628.7,79.6,16,0.965,45,0.258,0.067,0.271,0.404,Console,Premium,0.774,0.992
USR_03329,348.1,21.2,3,0.489,16,0.181,0.084,0.51,0.225,Mobile,Free,0.219,0.271
USR_01531,988.0,38.4,7,0.672,25,0.002,0.797,0.111,0.09,SmartTV,Premium,0.402,0.417
USR_01411,812.9,51.7,6,0.653,15,0.007,0.825,0.169,-0.001,Web,Free,0.759,0.575
USR_04295,1838.9,22.7,19,0.697,65,0.376,0.238,0.191,0.195,Mobile,Free,0.248,0.576
USR_04649,3393.9,75.2,6,0.906,45,0.251,0.093,0.155,0.501,SmartTV,Standard,0.481,0.935
USR_00084,1717.9,47.6,20,0.897,36,0.739,0.079,0.183,-0.001,SmartTV,Standard,0.406,0.786
USR_00869,2684.1,41.2,26,0.857,65,0.893,0.039,0.049,0.019,Console,Standard,0.383,0.842
USR_02351,569.1,25.1,3,0.384,22,0.3,0.12,0.367,0.213,Mobile,Standard,0.333,0.172
USR_00021,2631.8,61.2,24,1.0,43,0.767,0.097,0.136,0.0,SmartTV,Basic,0.472,0.825
USR_03425,325.9,19.0,4,0.361,17,0.169,0.18,0.651,0.0,SmartTV,Free,0.296,0.35
USR_02796,447.5,10.3,2,0.167,35,0.281,0.096,0.61,0.013,SmartTV,Free,0.398,0.15
USR_04573,2437.3,103.3,21,0.913,23,0.215,0.064,0.094,0.627,Mobile,Standard,0.524,0.948
USR_01563,698.9,42.3,8,0.61,16,0.101,0.738,0.16,0.001,Console,Basic,0.783,0.311
USR_03094,250.3,31.2,5,0.553,8,0.104,0.204,0.624,0.068,SmartTV,Basic,0.543,0.467
USR_03156,385.2,18.8,6,0.325,20,0.177,0.059,0.439,0.325,Mobile,Free,0.5,0.571
USR_00974,2935.3,67.5,22,0.887,43,0.808,0.056,0.1,0.036,SmartTV,Standard,0.373,0.79
USR_01711,619.9,66.1,7,0.475,9,0.045,0.628,0.13,0.197,SmartTV,Premium,0.643,0.441
USR_03202,511.1,14.9,5,0.279,34,0.258,0.062,0.524,0.156,Mobile,Standard,0.41,0.388
USR_04372,1854.3,47.4,17,0.744,39,0.276,0.222,0.181,0.321,Web,Premium,0.468,0.776
USR_04820,3164.9,80.1,15,0.929,39,0.262,0.025,0.183,0.53,SmartTV,Premium,0.532,0.94
USR_01099,3449.9,70.6,22,0.932,48,0.633,0.161,0.07,0.136,Mobile,Basic,0.41,0.702
USR_04162,2236.3,60.0,17,0.848,37,0.216,0.242,0.226,0.316,SmartTV,Premium,0.463,0.756
USR_02845,330.1,22.9,5,0.34,14,0.191,0.013,0.438,0.358,Tablet,Basic,0.201,0.26
USR_00887,2222.2,58.7,27,0.965,37,0.777,0.066,0.156,0.001,Tablet,Premium,0.3,0.824
USR_04932,2799.1,101.3,18,0.979,27,0.16,0.136,0.255,0.449,Web,Premium,0.412,0.943
USR_03679,2530.9,44.3,22,0.706,57,0.344,0.193,0.266,0.197,Mobile,Basic,0.345,0.878
USR_04581,3686.4,98.3,13,0.969,37,0.182,0.03,0.251,0.537,SmartTV,Basic,0.431,0.855
USR_03567,1148.2,34.4,15,0.697,33,0.249,0.213,0.265,0.273,Web,Basic,0.56,0.755
USR_04402,3427.2,89.7,13,1.0,38,0.177,0.0,0.133,0.69,SmartTV,Basic,0.581,0.963
USR_00516,2244.7,63.3,19,0.877,35,0.839,0.07,0.092,-0.001,SmartTV,Basic,0.372,0.799
USR_04621,2985.8,81.2,20,0.939,36,0.265,0.124,0.195,0.416,SmartTV,Premium,0.364,0.895
USR_00738,2856.8,57.3,22,0.886,49,0.723,0.058,0.156,0.063,SmartTV,Basic,0.429,0.787
USR_01454,895.1,58.1,6,0.589,15,0.062,0.643,0.084,0.211,Web,Premium,0.519,0.428
USR_03972,1659.2,41.2,14,0.726,40,0.253,0.185,0.197,0.365,SmartTV,Standard,0.391,0.724
USR_04701,3337.4,71.9,17,0.959,46,0.247,0.053,0.24,0.46,Web,Standard,0.455,0.934
USR_02507,319.8,22.6,6,0.402,14,0.023,0.11,0.457,0.41,Mobile,Basic,0.409,0.271
USR_02995,545.9,17.3,1,0.39,31,0.119,0.165,0.516,0.2,Mobile,Free,0.239,0.422
USR_02127,915.8,29.4,4,0.923,31,0.069,0.763,0.094,0.074,SmartTV,Standard,0.712,0.595
USR_02927,246.9,20.8,10,0.51,11,0.107,0.083,0.628,0.182,Mobile,Basic,0.54,0.334
USR_04746,3184.2,87.4,19,0.965,36,0.173,0.014,0.178,0.635,SmartTV,Premium,0.523,0.822
USR_00907,2230.8,48.3,20,0.715,46,0.816,0.026,0.019,0.139,SmartTV,Premium,0.48,0.763
USR_03648,1814.2,61.3,9,0.805,29,0.226,0.1,0.276,0.398,Web,Standard,0.447,0.732
USR_01031,3038.6,31.6,24,0.939,90,0.66,0.025,0.057,0.258,Web,Premium,0.362,0.811
USR_02508,325.8,24.3,12,0.516,13,0.158,0.067,0.626,0.149,Mobile,Free,0.103,0.288
USR_02429,393.0,30.5,4,0.44,12,0.188,0.167,0.539,0.106,Mobile,Free,0.316,0.011
USR_00948,2053.0,44.8,25,0.935,45,0.857,0.007,0.077,0.059,Tablet,Basic,0.486,0.853
USR_03807,1722.4,47.2,21,0.622,36,0.183,0.295,0.209,0.313,Web,Standard,0.353,0.726
USR_04755,3036.7,86.0,14,0.95,35,0.187,0.078,0.207,0.528,Mobile,Premium,0.523,0.881
USR_00716,2303.9,36.6,17,0.938,62,0.859,0.075,0.014,0.052,SmartTV,Premium,0.391,0.752
USR_04056,1241.9,42.5,20,0.763,29,0.289,0.179,0.194,0.338,SmartTV,Premium,0.414,0.535
USR_00687,2137.0,84.4,29,0.881,25,0.797,0.112,0.091,0.0,Web,Basic,0.367,0.92
USR_00704,2373.9,76.2,31,0.885,31,0.829,0.0,0.171,0.0,SmartTV,Premium,0.482,0.811
USR_03342,488.9,24.0,10,0.413,20,0.231,0.209,0.396,0.164,Tablet,Standard,0.218,0.174
USR_02354,541.1,21.0,6,0.535,25,0.296,0.056,0.55,0.098,Console,Free,0.15,0.32
USR_02258,423.5,12.7,3,0.477,33,0.347,0.0,0.501,0.152,Tablet,Free,0.406,0.417
USR_03552,1462.6,31.5,12,0.77,46,0.27,0.238,0.276,0.216,Tablet,Basic,0.468,0.699
USR_00474,2333.8,52.3,22,0.892,44,0.881,0.0,0.119,0.0,Mobile,Basic,0.411,0.895
USR_00022,2741.5,49.2,22,1.0,55,0.612,0.087,0.019,0.282,SmartTV,Standard,0.382,0.937
USR_02753,327.0,32.3,2,0.374,10,0.153,0.113,0.43,0.304,SmartTV,Basic,0.321,0.192
USR_00886,2327.2,62.3,20,0.899,37,0.823,0.02,0.108,0.049,Web,Premium,0.247,0.889
USR_02449,449.7,22.0,7,0.514,20,0.257,0.044,0.55,0.149,Web,Standard,0.282,0.134
USR_00918,1714.4,60.8,20,1.0,28,0.759,0.051,0.06,0.13,SmartTV,Premium,0.43,0.899
USR_03758,1505.3,54.9,21,0.762,27,0.316,0.172,0.246,0.266,Web,Free,0.431,0.46
USR_03752,1262.9,32.5,21,0.704,38,0.248,0.276,0.219,0.257,SmartTV,Basic,0.274,0.739
USR_02240,985.7,45.6,7,0.808,21,0.07,0.622,0.048,0.26,SmartTV,Standard,0.716,0.329
USR_03845,2466.4,48.2,13,0.847,51,0.235,0.185,0.16,0.42,SmartTV,Standard,0.322,0.56
USR_03396,503.5,8.3,3,0.364,35,0.189,0.083,0.525,0.203,Mobile,Free,0.248,0.625
USR_01266,1198.0,45.6,4,0.589,26,0.037,0.724,0.204,0.035,SmartTV,Basic,0.645,0.15
USR_00484,3446.1,56.0,19,0.771,61,0.716,0.004,0.185,0.095,SmartTV,Premium,0.411,0.822
USR_04338,1791.8,54.9,21,0.682,32,0.342,0.237,0.214,0.207,SmartTV,Basic,0.391,0.525
USR_02964,463.7,25.2,6,0.394,18,0.213,0.147,0.512,0.128,Mobile,Free,0.34,0.46
USR_01220,2469.6,57.4,22,0.894,43,0.787,0.009,0.034,0.17,SmartTV,Premium,0.243,0.915
USR_00278,2496.6,65.4,20,0.827,38,0.763,0.084,0.153,0.0,SmartTV,Standard,0.372,0.832
USR_00989,2542.0,54.4,23,0.891,46,0.644,0.046,0.181,0.129,SmartTV,Standard,0.367,0.825
USR_02085,747.5,59.9,8,0.55,12,0.04,0.876,0.084,0.0,SmartTV,Standard,0.773,0.363
USR_01246,2593.8,48.1,20,0.928,53,0.803,0.024,0.165,0.008,Console,Premium,0.284,0.913
USR_02383,619.1,17.5,4,0.533,35,0.188,0.136,0.523,0.153,SmartTV,Free,0.293,0.344
USR_00572,1999.2,65.4,15,0.929,30,0.767,0.088,0.145,0.0,SmartTV,Premium,0.596,0.822
USR_01436,1047.7,36.2,6,0.3,28,0.175,0.736,0.089,0.0,SmartTV,Standard,0.568,0.361
USR_00994,2432.3,43.2,18,0.82,56,0.788,0.016,0.066,0.13,Mobile,Standard,0.364,0.829
USR_03931,1476.3,27.2,21,0.57,54,0.29,0.178,0.349,0.183,Tablet,Basic,0.402,0.395
USR_03448,453.1,18.5,8,0.347,24,0.06,0.101,0.564,0.275,Web,Free,0.466,0.196
USR_00586,3278.8,60.0,26,0.879,54,0.857,0.099,0.044,0.0,Mobile,Standard,0.366,0.927
USR_03659,2055.1,32.4,18,0.766,63,0.35,0.136,0.234,0.28,Tablet,Standard,0.449,0.86
USR_02515,363.3,11.1,7,0.309,32,0.232,0.21,0.558,0.0,Mobile,Free,0.517,0.192
USR_01350,986.2,74.1,7,0.773,13,0.127,0.74,0.133,0.0,Tablet,Standard,0.61,0.41
USR_01008,1712.1,45.5,17,0.852,37,0.777,0.071,0.07,0.082,Tablet,Free,0.506,0.833
USR_00675,2487.1,70.7,21,0.869,35,0.833,0.064,0.08,0.023,Console,Premium,0.461,0.798
USR_02413,477.6,24.8,4,0.713,19,0.323,0.171,0.505,0.001,Mobile,Free,0.591,0.256
USR_02904,767.6,13.9,10,0.594,35,0.178,0.0,0.497,0.325,Mobile,Free,0.228,0.226
USR_00448,2382.6,47.7,24,0.905,49,0.812,0.063,0.098,0.027,Tablet,Free,0.611,0.945
USR_03835,1922.3,35.8,13,0.757,53,0.245,0.211,0.177,0.367,Mobile,Basic,0.494,0.638
USR_03759,1813.2,32.4,15,0.698,55,0.278,0.154,0.293,0.275,SmartTV,Standard,0.416,0.881
USR_03704,1385.3,56.6,21,0.675,24,0.317,0.234,0.216,0.233,Mobile,Standard,0.411,0.753
USR_00360,2986.5,62.0,20,0.895,48,0.758,0.06,0.084,0.098,SmartTV,Standard,0.407,0.867
USR_02065,873.6,31.4,5,0.478,27,0.057,0.682,0.187,0.074,Tablet,Basic,0.682,0.361
USR_04450,2373.6,76.1,16,0.947,31,0.327,0.072,0.15,0.451,SmartTV,Premium,0.647,0.881
USR_03811,1427.2,62.7,16,0.702,22,0.246,0.196,0.28,0.278,Console,Standard,0.396,0.768
USR_01691,811.5,58.2,10,0.662,13,0.011,0.699,0.134,0.156,Tablet,Premium,0.557,0.464
USR_04327,1405.9,46.4,16,0.741,30,0.194,0.29,0.213,0.303,Tablet,Basic,0.421,0.586
USR_01549,308.1,28.1,9,0.455,10,0.053,0.715,0.09,0.142,Tablet,Premium,0.611,0.453
USR_01248,2032.9,48.0,31,0.822,42,0.845,0.035,0.12,0.0,Tablet,Standard,0.472,0.94
USR_01986,1341.0,41.2,7,0.635,32,0.106,0.737,0.157,0.0,Tablet,Premium,0.669,0.437
USR_00295,2264.6,40.5,23,0.895,55,0.763,0.03,0.152,0.055,SmartTV,Premium,0.552,0.811
USR_01548,845.8,45.9,11,0.631,18,0.128,0.639,0.186,0.047,Console,Standard,0.68,0.462
USR_02013,1430.5,48.2,4,0.649,29,0.083,0.765,0.125,0.027,Web,Premium,0.579,0.289
USR_00589,2280.5,71.4,26,0.878,31,0.747,0.131,0.122,0.0,SmartTV,Premium,0.394,0.736
USR_03330,470.9,22.9,1,0.179,20,0.276,0.159,0.565,0.0,Mobile,Free,0.179,0.574
USR_02404,278.5,20.9,5,0.254,13,0.185,0.251,0.542,0.022,Mobile,Basic,0.626,0.083
USR_02130,1115.3,20.0,8,0.593,40,0.135,0.721,0.098,0.046,SmartTV,Standard,0.86,0.489
USR_04389,2053.1,55.6,15,0.95,36,0.356,0.226,0.319,0.099,SmartTV,Standard,0.342,0.617
USR_02411,371.3,30.6,7,0.304,12,0.241,0.152,0.444,0.163,Mobile,Basic,0.224,0.313
USR_02720,470.6,7.2,6,0.419,35,0.238,0.162,0.6,0.0,Mobile,Basic,0.157,0.291
USR_00426,2874.3,40.7,23,0.829,70,0.83,0.059,0.02,0.091,Mobile,Premium,0.454,0.804
USR_02583,158.7,26.4,6,0.423,6,0.308,0.172,0.436,0.084,Tablet,Standard,0.296,0.133
USR_01055,2084.4,66.7,15,0.904,31,0.79,0.104,0.106,0.0,SmartTV,Basic,0.313,0.773
USR_03967,1525.3,42.9,20,0.691,35,0.256,0.158,0.268,0.318,Web,Standard,0.484,0.769
USR_04563,2909.9,70.2,9,0.955,41,0.158,0.087,0.17,0.585,SmartTV,Standard,0.51,0.972
USR_00557,1672.0,59.6,18,0.899,28,0.564,0.116,0.134,0.186,SmartTV,Standard,0.3,0.732
USR_04359,1498.3,43.8,19,0.648,34,0.289,0.232,0.3,0.179,SmartTV,Basic,0.353,0.643
USR_03939,1564.4,33.0,18,0.814,47,0.217,0.256,0.26,0.267,SmartTV,Standard,0.462,0.621
USR_04713,3480.2,75.3,15,0.992,46,0.183,0.138,0.153,0.526,Web,Free,0.463,0.974
USR_02470,109.6,10.7,7,0.512,10,0.118,0.106,0.693,0.083,SmartTV,Basic,0.428,0.261
USR_04711,3692.3,98.4,19,0.983,37,0.265,0.056,0.214,0.465,Web,Standard,0.385,0.886
USR_00356,2548.1,70.0,20,0.838,36,0.603,0.064,0.202,0.131,Mobile,Premium,0.442,0.848
USR_01194,3033.1,72.6,18,0.881,41,0.799,0.086,0.115,0.0,SmartTV,Basic,0.52,0.84
USR_01717,766.6,35.5,7,0.56,21,0.086,0.699,0.162,0.053,SmartTV,Standard,0.82,0.518
USR_03417,732.3,23.0,2,0.516,31,0.144,0.099,0.541,0.216,Mobile,Standard,0.393,0.31
USR_02605,527.7,17.5,8,0.462,30,0.157,0.184,0.424,0.235,Mobile,Standard,0.425,0.492
USR_04130,1615.7,46.2,16,0.767,34,0.291,0.199,0.18,0.33,Tablet,Basic,0.307,0.545
USR_02829,441.1,21.1,8,0.691,20,0.23,0.164,0.345,0.261,Web,Free,0.304,0.259
USR_01705,1454.5,31.4,10,0.798,40,0.109,0.752,0.139,0.0,SmartTV,Premium,0.622,0.551
USR_02864,335.0,16.6,10,0.516,20,0.264,0.109,0.297,0.33,SmartTV,Premium,0.253,0.203
USR_02619,402.3,22.5,7,0.344,17,0.18,0.096,0.724,0.0,SmartTV,Basic,0.433,0.584
USR_02401,407.7,8.6,1,0.352,35,0.093,0.008,0.644,0.255,Mobile,Free,0.338,0.26
USR_02140,967.9,69.8,10,0.745,13,0.055,0.75,0.085,0.11,SmartTV,Standard,0.718,0.473
USR_03240,463.0,19.9,5,0.42,23,0.285,0.089,0.373,0.253,Tablet,Basic,0.167,0.516
USR_02384,536.0,15.9,1,0.454,33,0.123,0.158,0.51,0.209,Mobile,Free,0.363,0.405
USR_03219,635.2,26.0,6,0.458,24,0.139,0.057,0.392,0.412,Tablet,Basic,0.331,0.459
USR_03936,1591.4,42.3,21,0.706,37,0.358,0.173,0.275,0.194,SmartTV,Basic,0.476,0.733
USR_01286,428.2,49.1,5,0.691,8,0.064,0.785,0.15,0.001,SmartTV,Standard,0.496,0.268
USR_03797,1749.8,42.0,22,0.781,41,0.208,0.252,0.297,0.243,SmartTV,Premium,0.289,0.378
USR_04895,3883.3,76.5,14,0.882,50,0.158,0.102,0.28,0.46,Web,Premium,0.461,0.93
USR_04469,2490.7,71.0,18,0.947,35,0.173,0.083,0.133,0.611,SmartTV,Premium,0.598,0.938
USR_02088,982.9,45.0,10,0.711,21,0.074,0.58,0.23,0.116,SmartTV,Standard,0.614,0.538
USR_01890,1092.9,27.0,13,0.66,40,0.093,0.651,0.169,0.087,SmartTV,Premium,0.776,0.456
USR_04623,2770.0,77.0,19,0.938,35,0.336,0.036,0.218,0.41,SmartTV,Standard,0.605,0.933
USR_01592,956.8,58.0,5,0.916,16,0.081,0.725,0.1,0.094,SmartTV,Standard,0.73,0.281
USR_01347,1149.7,60.9,10,0.741,18,0.02,0.766,0.214,0.0,SmartTV,Premium,0.657,0.376
USR_04432,2672.1,80.8,16,0.882,33,0.229,0.114,0.143,0.514,Mobile,Standard,0.599,0.86
USR_02163,1122.4,70.9,14,0.599,15,0.0,0.766,0.234,0.0,SmartTV,Free,0.761,0.613
USR_02397,424.5,13.9,9,0.274,30,0.191,0.09,0.588,0.131,Mobile,Standard,0.356,0.284
USR_04769,3933.8,74.6,14,0.939,52,0.264,0.051,0.227,0.458,SmartTV,Standard,0.545,0.962
USR_02272,480.3,22.0,6,0.445,21,0.263,0.08,0.441,0.216,Mobile,Free,0.521,0.58
USR_04491,3722.1,86.1,15,0.956,43,0.326,0.121,0.096,0.457,Web,Standard,0.644,0.946
USR_03112,480.8,23.5,4,0.472,20,0.0,0.179,0.431,0.39,Mobile,Free,0.311,0.412
USR_01138,1868.5,53.8,18,0.95,34,0.611,0.047,0.098,0.244,Mobile,Premium,0.421,0.864
USR_03896,1095.4,44.8,16,0.674,24,0.257,0.176,0.31,0.257,Console,Premium,0.333,0.711
USR_00973,2234.8,50.3,29,0.936,44,0.712,0.083,0.106,0.099,SmartTV,Premium,0.451,0.861
USR_00796,2475.9,57.8,26,0.918,42,0.765,0.114,0.0,0.121,Mobile,Free,0.584,0.714
USR_03021,498.5,22.5,8,0.21,22,0.107,0.19,0.434,0.269,SmartTV,Free,0.269,0.111
USR_01712,932.6,54.4,10,0.637,17,0.017,0.836,0.147,0.0,Tablet,Premium,0.694,0.344
USR_03388,691.6,15.3,6,0.258,35,0.158,0.077,0.527,0.238,Mobile,Basic,0.303,0.339
USR_00037,2792.5,57.2,30,0.832,48,0.704,0.036,0.0,0.26,Console,Premium,0.378,0.789
USR_00454,1961.3,62.7,22,0.741,31,0.795,0.055,0.15,0.0,Web,Premium,0.332,0.596
USR_00914,2428.7,61.0,21,0.899,39,0.77,0.101,0.129,0.0,Web,Standard,0.435,0.971
USR_04082,2215.5,51.0,17,0.732,43,0.337,0.213,0.146,0.304,SmartTV,Standard,0.535,0.533
USR_01200,2693.1,50.2,21,0.826,53,0.75,0.045,0.068,0.137,SmartTV,Standard,0.431,0.824
USR_01275,668.9,49.1,5,0.697,13,0.037,0.723,0.185,0.055,SmartTV,Standard,0.675,0.373
USR_02376,732.6,11.8,7,0.489,35,0.224,0.09,0.536,0.15,Mobile,Free,0.382,0.568
USR_00038,2467.7,59.1,29,0.937,41,0.728,0.024,0.125,0.123,Console,Premium,0.314,0.997
USR_00975,2004.1,52.9,22,0.864,37,0.568,0.123,0.154,0.155,Console,Premium,0.456,1.0
USR_03196,667.1,18.2,2,0.225,35,0.293,0.066,0.64,0.001,Mobile,Basic,0.428,0.185
USR_00984,2334.0,83.2,25,0.825,28,0.789,0.047,0.093,0.071,Mobile,Premium,0.322,0.817
USR_03905,1171.9,67.2,13,0.703,17,0.284,0.228,0.348,0.14,SmartTV,Standard,0.491,0.7
USR_04070,2331.4,19.0,20,0.681,65,0.319,0.153,0.322,0.206,Web,Basic,0.493,0.48
USR_01419,1235.8,62.5,10,0.645,19,0.133,0.73,0.137,0.0,Mobile,Standard,0.704,0.384
USR_03333,582.1,22.4,7,0.57,25,0.201,0.145,0.431,0.223,Mobile,Free,0.332,0.368
USR_01561,1106.3,64.3,5,0.662,17,0.18,0.636,0.185,-0.001,Web,Standard,0.776,0.243
USR_00040,2421.1,49.6,24,0.816,48,0.767,0.065,0.126,0.042,Tablet,Standard,0.477,0.76
USR_01487,1029.5,53.8,5,0.688,19,0.035,0.859,0.072,0.034,SmartTV,Premium,0.615,0.273
USR_03884,1368.5,42.0,15,0.679,32,0.313,0.243,0.344,0.1,SmartTV,Standard,0.524,0.507
USR_00170,1679.1,81.1,21,0.887,20,0.771,0.057,0.172,0.0,SmartTV,Standard,0.37,0.866
USR_01356,912.9,56.0,11,0.557,16,0.052,0.832,0.116,0.0,SmartTV,Standard,0.398,0.396
USR_02786,518.1,22.7,7,0.497,22,0.354,0.14,0.453,0.053,Tablet,Basic,0.217,0.469
USR_03633,1778.5,44.3,18,0.693,40,0.235,0.212,0.298,0.255,SmartTV,Standard,0.541,0.783
USR_04749,2611.9,86.6,6,0.957,30,0.304,0.122,0.148,0.426,SmartTV,Premium,0.326,0.788
USR_04005,1946.7,30.3,19,0.755,64,0.352,0.222,0.245,0.181,Mobile,Premium,0.35,0.829
USR_02683,667.3,17.2,4,0.417,35,0.394,0.165,0.417,0.024,Mobile,Basic,0.353,0.35
USR_04705,3401.0,104.3,19,0.994,32,0.241,0.0,0.186,0.573,Mobile,Premium,0.484,0.959
USR_04026,1599.4,32.0,15,0.661,49,0.233,0.156,0.148,0.463,Web,Standard,0.201,0.945
USR_01641,806.3,65.9,11,0.668,12,0.048,0.797,0.154,0.001,Console,Premium,0.706,0.584
USR_01291,1099.6,58.3,6,0.833,18,0.045,0.8,0.155,0.0,SmartTV,Premium,0.501,0.33
USR_01381,896.9,51.5,9,0.553,17,0.082,0.483,0.166,0.269,SmartTV,Premium,0.65,0.302
USR_01934,699.1,71.4,8,0.787,9,0.066,0.617,0.063,0.254,Tablet,Premium,0.589,0.462
USR_00580,2023.4,53.6,22,0.834,37,0.799,0.121,0.061,0.019,SmartTV,Standard,0.514,0.97
USR_04221,1197.2,40.8,17,0.683,29,0.286,0.216,0.281,0.217,Tablet,Standard,0.522,0.666
USR_03161,661.3,16.7,5,0.491,35,0.242,0.149,0.609,0.0,Tablet,Basic,0.429,0.29
USR_02031,484.0,66.4,6,0.717,7,0.169,0.664,0.102,0.065,SmartTV,Standard,0.667,0.424
USR_00893,2531.5,56.4,25,0.881,44,0.692,0.036,0.001,0.271,SmartTV,Standard,0.582,0.919
USR_03952,1994.3,50.2,20,0.737,39,0.354,0.173,0.25,0.223,Mobile,Basic,0.41,0.791
USR_00781,2811.3,43.2,28,0.822,65,0.799,0.06,0.091,0.05,SmartTV,Standard,0.527,0.794
USR_00160,2992.9,70.8,21,0.753,42,0.725,0.112,0.099,0.064,Web,Premium,0.34,0.81
USR_00003,2430.4,37.9,19,0.887,64,0.676,0.075,0.07,0.179,SmartTV,Standard,0.397,0.802
USR_02264,415.7,25.3,4,0.274,16,0.039,0.096,0.565,0.3,Tablet,Free,0.266,0.142
USR_03217,202.7,15.0,8,0.327,13,0.103,0.076,0.467,0.354,Mobile,Standard,0.22,0.333
USR_02110,984.9,40.8,7,0.664,24,0.09,0.647,0.215,0.048,Mobile,Premium,0.495,0.393
USR_00850,1704.7,61.4,27,0.857,27,0.82,0.03,0.15,0.0,SmartTV,Premium,0.485,0.777
USR_02738,563.1,15.1,6,0.533,35,0.215,0.13,0.351,0.304,Mobile,Free,0.342,0.0
USR_02467,535.0,33.1,4,0.32,16,0.338,0.127,0.369,0.166,Mobile,Free,0.312,0.338
USR_03651,1381.9,47.0,15,0.885,29,0.332,0.23,0.276,0.162,Tablet,Standard,0.416,0.606
USR_01597,1067.7,58.3,12,0.706,18,0.083,0.629,0.166,0.122,Web,Standard,0.747,0.397
USR_01777,690.5,38.1,8,0.413,18,0.162,0.724,0.062,0.052,SmartTV,Premium,0.578,0.539
USR_01914,945.7,72.1,7,0.699,13,0.144,0.492,0.111,0.253,Tablet,Standard,0.641,0.38
USR_01044,2364.6,53.4,18,0.936,44,0.787,0.053,0.063,0.097,SmartTV,Standard,0.313,0.955
USR_04714,3482.0,55.4,15,0.927,60,0.301,0.146,0.209,0.344,SmartTV,Standard,0.474,0.964
USR_01545,782.6,26.5,14,0.53,29,0.099,0.602,0.022,0.277,SmartTV,Premium,0.69,0.441
USR_02737,525.6,23.9,6,0.33,21,0.251,0.163,0.303,0.283,Tablet,Basic,0.364,0.271
USR_03707,1449.2,41.2,14,0.816,35,0.267,0.24,0.25,0.243,SmartTV,Standard,0.411,0.544
USR_04618,3491.6,45.0,20,0.985,60,0.395,0.061,0.069,0.475,Tablet,Standard,0.532,0.943
USR_00054,2308.6,59.5,19,0.885,38,0.766,0.107,0.113,0.014,SmartTV,Basic,0.447,0.817
USR_01797,768.6,47.5,6,0.703,16,0.053,0.646,0.099,0.202,Console,Basic,0.73,0.408
USR_01912,971.4,46.1,10,0.705,21,0.068,0.708,0.136,0.088,Mobile,Basic,0.708,0.305
USR_02307,245.0,24.8,3,0.376,9,0.072,0.173,0.647,0.108,Mobile,Free,0.451,0.059
USR_02554,476.1,25.8,11,0.399,18,0.136,0.194,0.67,0.0,Mobile,Basic,0.33,0.267
USR_02801,307.0,11.3,8,0.342,27,0.25,0.051,0.528,0.171,Mobile,Standard,0.274,0.253
USR_04087,1917.4,38.2,27,0.76,50,0.323,0.189,0.313,0.175,Mobile,Basic,0.398,0.635
USR_04128,1660.5,38.3,20,0.828,43,0.222,0.16,0.21,0.408,Web,Standard,0.404,0.693
USR_00825,3116.4,47.9,16,0.918,64,0.826,0.076,0.097,0.001,SmartTV,Standard,0.453,0.963
USR_04734,2474.1,63.7,20,0.985,38,0.232,0.114,0.108,0.546,Tablet,Premium,0.426,0.839
USR_03179,801.3,8.8,3,0.448,35,0.4,0.086,0.403,0.111,SmartTV,Basic,0.416,0.263
USR_03402,88.0,22.0,3,0.75,4,0.179,0.126,0.476,0.219,Mobile,Free,0.291,0.113
USR_01390,741.7,42.3,6,0.809,17,0.027,0.651,0.175,0.147,Tablet,Basic,0.774,0.566
USR_03565,1440.0,33.7,19,0.618,42,0.282,0.18,0.237,0.301,SmartTV,Standard,0.342,0.554
USR_04877,4240.9,80.4,7,0.934,52,0.271,0.047,0.159,0.523,SmartTV,Premium,0.52,0.948
USR_00885,3026.2,52.5,22,0.881,57,0.696,0.063,0.17,0.071,Console,Premium,0.456,0.852
USR_03806,1389.7,29.5,20,0.495,47,0.237,0.153,0.257,0.353,SmartTV,Standard,0.203,0.716
USR_01608,833.3,43.1,10,0.601,19,0.107,0.623,0.129,0.141,Mobile,Basic,0.712,0.3
USR_01595,1257.8,49.5,13,0.77,25,0.114,0.64,0.178,0.068,SmartTV,Standard,0.702,0.482
USR_00772,2069.6,68.0,21,0.918,30,0.867,0.066,0.067,0.0,SmartTV,Standard,0.457,0.806
USR_02612,476.0,17.8,1,0.595,26,0.299,0.154,0.547,0.0,Tablet,Free,0.536,0.179
USR_04662,3256.9,60.1,20,0.943,54,0.239,0.115,0.226,0.42,Tablet,Premium,0.597,0.971
USR_02274,605.7,16.0,6,0.445,35,0.197,0.161,0.445,0.197,SmartTV,Free,0.51,0.394
USR_01869,1165.0,46.4,7,0.62,25,0.158,0.686,0.157,-0.001,SmartTV,Standard,0.696,0.452
USR_01086,1935.4,78.0,25,0.835,24,0.746,0.084,0.122,0.048,Mobile,Standard,0.374,0.729
USR_00011,3248.8,57.1,23,0.876,56,0.607,0.059,0.103,0.231,SmartTV,Standard,0.617,0.835
USR_03612,1192.7,43.6,16,0.739,27,0.33,0.21,0.28,0.18,Console,Premium,0.421,0.688
USR_01326,598.5,53.8,7,0.701,11,0.085,0.698,0.127,0.09,SmartTV,Standard,0.904,0.517
USR_03391,426.2,29.3,5,0.454,14,0.269,0.201,0.53,0.0,Mobile,Free,0.35,0.304
USR_01464,1359.6,47.4,7,0.601,28,0.107,0.565,0.187,0.141,Tablet,Standard,0.739,0.49
USR_00807,1982.7,70.5,19,0.948,28,0.759,0.068,0.075,0.098,Web,Basic,0.339,0.71
USR_04261,1799.2,26.8,15,0.806,65,0.272,0.147,0.27,0.311,Web,Standard,0.348,0.702
USR_03986,2124.9,52.1,14,0.687,40,0.294,0.239,0.198,0.269,Console,Standard,0.568,0.425
USR_03772,1666.0,53.1,19,0.839,31,0.265,0.218,0.2,0.317,SmartTV,Basic,0.578,0.628
USR_02109,1071.7,31.7,4,0.694,33,0.027,0.707,0.098,0.168,SmartTV,Basic,0.594,0.168
USR_04236,1649.7,36.9,17,0.788,44,0.223,0.234,0.207,0.336,Tablet,Premium,0.399,0.64
USR_04957,3080.1,104.5,11,0.918,29,0.407,0.084,0.193,0.316,Tablet,Premium,0.614,0.959
USR_02235,767.2,59.8,7,0.814,12,0.056,0.615,0.092,0.237,Mobile,Standard,0.606,0.319
USR_03212,596.3,15.2,4,0.541,35,0.235,0.101,0.664,0.0,Tablet,Standard,0.316,0.11
USR_00964,2647.3,38.0,22,0.924,69,0.749,0.031,0.22,0.0,Console,Premium,0.318,0.763
USR_03416,651.5,13.5,6,0.486,35,0.307,0.097,0.397,0.199,Web,Standard,0.256,0.445
USR_03754,1468.9,50.9,16,0.697,28,0.191,0.252,0.231,0.326,Web,Premium,0.373,0.857
USR_00399,2893.8,36.2,10,0.914,79,0.802,0.016,0.051,0.131,SmartTV,Basic,0.342,0.859
USR_02633,576.1,13.6,2,0.517,35,0.188,0.101,0.451,0.26,Mobile,Basic,0.293,0.51
USR_04852,3674.4,72.8,11,0.986,50,0.328,0.056,0.209,0.407,SmartTV,Premium,0.546,0.89
USR_02997,235.4,16.0,8,0.513,14,0.186,0.068,0.404,0.342,Web,Basic,0.334,0.32
USR_00705,2193.9,60.7,17,0.941,36,0.685,0.018,0.055,0.242,Mobile,Free,0.481,0.801
USR_00432,2744.8,33.1,19,0.902,82,0.833,0.056,0.097,0.014,Tablet,Premium,0.453,0.832
USR_00293,1581.9,64.1,21,0.905,24,0.702,0.111,0.152,0.035,Web,Standard,0.467,0.84
USR_04868,2657.4,56.5,16,1.0,47,0.312,0.093,0.252,0.343,SmartTV,Standard,0.483,0.946
USR_00146,3234.3,52.3,18,0.858,61,0.737,0.114,0.149,0.0,SmartTV,Free,0.381,0.76
USR_04394,1166.1,53.9,15,0.717,21,0.281,0.193,0.292,0.234,Web,Standard,0.511,0.517
USR_02034,546.9,25.0,7,0.711,21,0.03,0.854,0.116,0.0,SmartTV,Premium,0.67,0.401
USR_04284,1514.6,42.1,15,0.83,35,0.25,0.253,0.301,0.196,Tablet,Basic,0.539,0.488
USR_01166,2971.7,45.7,24,0.894,65,0.769,0.111,0.12,0.0,Web,Premium,0.353,0.796
USR_03501,1302.8,50.9,20,0.66,25,0.208,0.241,0.248,0.303,Web,Standard,0.358,0.777
USR_02051,1283.2,53.0,13,0.747,24,0.132,0.724,0.093,0.051,SmartTV,Standard,0.592,0.442
USR_02625,450.8,22.8,4,0.434,19,0.2,0.211,0.589,0.0,SmartTV,Free,0.423,0.042
USR_04379,1749.6,48.5,16,0.83,36,0.185,0.304,0.153,0.358,SmartTV,Basic,0.276,0.68
USR_00340,1849.7,55.9,16,0.838,33,0.697,0.11,0.08,0.113,Console,Free,0.505,0.898
USR_03880,909.9,37.1,18,0.614,24,0.282,0.214,0.145,0.359,Mobile,Basic,0.307,0.516
USR_04633,3417.8,56.2,25,0.941,60,0.288,0.117,0.186,0.409,Web,Premium,0.689,1.0
USR_02974,618.4,15.2,4,0.483,35,0.19,0.146,0.433,0.231,Tablet,Free,0.315,0.182
USR_00266,2018.2,50.7,23,0.891,39,0.89,0.066,0.044,0.0,SmartTV,Standard,0.412,0.708
USR_02425,591.8,15.9,5,0.445,35,0.151,0.077,0.643,0.129,Mobile,Free,0.284,0.477
USR_01263,1072.2,81.4,10,0.819,13,0.07,0.66,0.093,0.177,Mobile,Premium,0.631,0.174
USR_01772,1125.8,48.2,10,0.659,23,0.076,0.683,0.13,0.111,Console,Basic,0.602,0.314
USR_03512,1789.0,30.0,14,0.68,59,0.268,0.218,0.242,0.272,Tablet,Standard,0.39,0.876
USR_00272,2617.7,59.9,20,0.83,43,0.7,0.081,0.161,0.058,Mobile,Standard,0.369,0.887
USR_00697,2867.1,64.2,28,0.852,44,0.664,0.04,0.11,0.186,Tablet,Standard,0.425,0.819
USR_00748,2279.3,40.7,17,0.764,56,0.731,0.113,0.094,0.062,SmartTV,Standard,0.313,0.811
USR_00245,2786.3,52.2,22,0.793,53,0.723,0.056,0.222,-0.001,SmartTV,Free,0.331,0.967
USR_00318,2246.6,47.9,21,0.885,46,0.588,0.078,0.051,0.283,SmartTV,Premium,0.328,0.715
USR_00477,1452.9,79.5,22,0.904,18,0.775,0.031,0.091,0.103,SmartTV,Basic,0.292,1.0
USR_02033,949.4,26.9,5,0.717,35,0.054,0.698,0.134,0.114,Web,Standard,0.612,0.304
USR_00958,3238.9,51.6,22,0.907,62,0.819,0.03,0.044,0.107,SmartTV,Standard,0.62,0.811
USR_03817,1938.7,28.5,15,0.756,65,0.275,0.264,0.219,0.242,Mobile,Premium,0.313,0.613
USR_00814,1436.4,46.6,21,0.967,30,0.633,0.137,0.107,0.123,Web,Basic,0.412,0.834
USR_04533,2275.7,69.2,11,0.95,32,0.215,0.085,0.231,0.469,SmartTV,Premium,0.526,0.845
USR_01915,1118.4,61.4,8,0.526,18,0.0,0.579,0.165,0.256,SmartTV,Standard,0.683,0.395
USR_04603,3002.9,70.2,11,0.99,42,0.25,0.078,0.127,0.545,SmartTV,Premium,0.707,0.916
USR_03488,400.2,20.7,7,0.399,19,0.193,0.0,0.529,0.278,Tablet,Basic,0.309,0.337
USR_01298,1024.1,34.5,9,0.605,29,0.006,0.641,0.097,0.256,SmartTV,Basic,0.732,0.558
USR_04031,1808.3,52.9,24,0.805,34,0.329,0.316,0.24,0.115,SmartTV,Standard,0.507,0.719
USR_01805,790.2,20.0,9,0.7,39,0.13,0.73,0.14,0.0,SmartTV,Free,0.793,0.572
USR_00759,2975.0,61.8,22,0.97,48,0.752,0.101,0.086,0.061,Web,Standard,0.454,0.841
USR_00251,2488.8,58.7,28,0.944,42,0.797,0.098,0.048,0.057,SmartTV,Standard,0.452,0.995
USR_02462,383.2,8.4,5,0.403,35,0.125,0.113,0.536,0.226,Mobile,Free,0.412,0.312
USR_00546,1931.0,48.8,25,0.882,39,0.826,0.021,0.03,0.123,SmartTV,Premium,0.429,0.824
USR_03242,466.4,20.0,5,0.436,23,0.211,0.083,0.628,0.078,Mobile,Free,0.299,0.287
USR_00739,2433.2,69.3,16,0.861,35,0.793,0.0,0.058,0.149,SmartTV,Standard,0.366,0.786
USR_00311,1431.4,65.5,15,0.97,21,0.75,0.052,0.069,0.129,Console,Premium,0.397,0.963
USR_03781,2210.4,58.6,14,0.694,37,0.249,0.196,0.23,0.325,Tablet,Basic,0.431,0.548
USR_02942,421.9,16.7,6,0.212,25,0.178,0.121,0.58,0.121,Tablet,Basic,0.572,0.421
USR_01132,2142.6,47.3,28,0.939,45,0.799,0.086,0.115,0.0,SmartTV,Premium,0.581,0.854
USR_01450,838.2,68.4,5,0.612,12,0.0,0.871,0.125,0.004,Tablet,Premium,0.636,0.414
USR_04920,2546.1,67.9,14,0.949,37,0.267,0.052,0.2,0.481,Web,Standard,0.413,0.922
USR_00016,2504.5,58.5,19,0.992,42,0.823,0.012,0.133,0.032,SmartTV,Premium,0.342,0.913
USR_03233,382.4,14.9,6,0.237,25,0.166,0.021,0.413,0.4,Tablet,Basic,0.271,0.551
USR_02770,507.3,18.8,3,0.325,27,0.057,0.223,0.632,0.088,Tablet,Standard,0.195,0.42
USR_03469,349.3,15.7,2,0.33,22,0.272,0.166,0.546,0.016,Tablet,Free,0.29,0.134
USR_00921,2446.4,55.3,18,0.862,44,0.78,0.005,0.077,0.138,SmartTV,Premium,0.451,0.748
USR_03030,267.8,11.8,6,0.546,22,0.194,0.069,0.718,0.019,Mobile,Free,0.209,0.323
USR_01373,786.9,80.4,9,0.754,9,0.132,0.689,0.179,0.0,Tablet,Premium,0.752,0.485
USR_03588,1380.6,58.6,13,0.643,23,0.388,0.236,0.187,0.189,Mobile,Basic,0.388,0.622
USR_02545,297.0,9.2,6,0.317,32,0.18,0.112,0.635,0.073,Web,Standard,0.461,0.292
USR_03599,1883.2,37.3,19,0.726,50,0.274,0.179,0.239,0.308,Console,Basic,0.351,0.786
USR_00039,2930.7,49.4,15,0.961,59,0.77,0.11,0.02,0.1,Web,Premium,0.372,0.85
USR_00364,2616.4,67.4,16,0.822,38,0.744,0.11,0.119,0.027,SmartTV,Standard,0.343,0.825
USR_04102,1142.1,35.2,19,0.687,32,0.256,0.229,0.201,0.314,Web,Standard,0.425,0.724
USR_00183,2351.7,60.4,15,0.812,38,0.673,0.066,0.187,0.074,SmartTV,Standard,0.599,0.901
USR_03034,250.7,14.4,4,0.331,17,0.155,0.0,0.53,0.315,Tablet,Basic,0.358,0.18
USR_02984,308.8,6.3,6,0.434,35,0.29,0.105,0.389,0.216,SmartTV,Standard,0.117,0.166
USR_01195,2786.3,59.4,23,0.928,46,0.595,0.072,0.111,0.222,Console,Standard,0.554,0.728
USR_02853,586.9,7.6,9,0.534,35,0.19,0.141,0.506,0.163,SmartTV,Basic,0.424,0.244
USR_04543,3041.3,75.5,19,0.957,40,0.243,0.113,0.303,0.341,SmartTV,Basic,0.506,0.876
USR_01122,2122.5,37.7,22,0.879,56,0.771,0.128,0.1,0.001,SmartTV,Premium,0.468,0.772
USR_02236,806.8,29.4,11,0.627,27,0.097,0.555,0.171,0.177,Tablet,Premium,0.479,0.458
USR_02668,340.9,19.2,9,0.553,17,0.091,0.073,0.663,0.173,Mobile,Free,0.262,0.291
USR_03700,1681.6,47.7,19,0.694,35,0.287,0.103,0.3,0.31,Mobile,Basic,0.552,0.673
USR_03224,510.7,14.1,6,0.308,35,0.274,0.081,0.631,0.014,Tablet,Basic,0.468,0.292
USR_01183,2558.0,71.5,21,0.856,35,0.828,0.0,0.088,0.084,Mobile,Basic,0.409,0.776
USR_04185,1913.1,44.8,18,0.814,42,0.322,0.146,0.241,0.291,Web,Premium,0.238,0.431
USR_04294,1491.8,36.7,16,0.738,40,0.202,0.253,0.12,0.425,SmartTV,Free,0.449,0.688
USR_00615,2581.0,70.9,22,0.826,36,0.865,0.086,0.049,0.0,SmartTV,Standard,0.451,0.93
USR_04909,2977.3,92.5,15,0.988,32,0.243,0.099,0.161,0.497,SmartTV,Free,0.472,0.978
USR_01467,1016.5,49.6,5,0.709,20,0.077,0.572,0.082,0.269,SmartTV,Premium,0.759,0.653
USR_00402,2930.3,77.4,23,0.897,37,0.781,0.0,0.168,0.051,SmartTV,Standard,0.371,0.89
USR_03043,501.2,15.0,1,0.169,33,0.376,0.178,0.446,0.0,Mobile,Free,0.361,0.227
USR_00935,2570.9,51.3,22,0.806,50,0.751,0.116,0.116,0.017,SmartTV,Premium,0.418,1.0
USR_02420,375.1,34.0,5,0.584,11,0.346,0.106,0.547,0.001,Mobile,Free,0.362,0.058
USR_04861,2698.1,66.2,23,0.921,40,0.197,0.111,0.148,0.544,Mobile,Premium,0.494,0.91
USR_04911,3405.8,71.1,15,0.923,47,0.294,0.117,0.254,0.335,Web,Basic,0.517,0.88
USR_02642,424.4,23.9,7,0.49,17,0.119,0.278,0.603,0.0,SmartTV,Premium,0.412,0.125
USR_04018,2102.2,33.3,22,0.768,63,0.269,0.234,0.163,0.334,Tablet,Premium,0.434,0.828
USR_00727,2550.4,51.5,18,0.835,49,0.761,0.0,0.065,0.174,Web,Standard,0.35,0.893
USR_00827,2524.9,58.8,21,0.857,42,0.822,0.079,0.099,0.0,SmartTV,Standard,0.401,0.814
USR_01522,812.4,34.8,4,0.535,23,0.107,0.712,0.181,0.0,SmartTV,Standard,0.747,0.369
USR_04857,3259.3,72.9,17,0.975,44,0.202,0.113,0.178,0.507,SmartTV,Premium,0.375,0.913
USR_02931,330.4,17.4,1,0.523,19,0.114,0.175,0.403,0.308,Mobile,Basic,0.472,0.302
USR_00137,1929.8,31.4,30,0.814,61,0.76,0.049,0.115,0.076,Console,Premium,0.485,0.919
USR_03591,1904.0,50.2,15,0.652,37,0.245,0.28,0.165,0.31,Web,Standard,0.291,0.595
USR_00629,2057.8,50.3,23,0.801,40,0.744,0.058,0.045,0.153,Tablet,Standard,0.564,0.782
USR_00335,3073.8,77.3,21,0.806,39,0.79,0.101,0.109,0.0,Web,Standard,0.355,0.846
USR_00391,2915.7,45.7,28,0.788,63,0.875,0.043,0.083,-0.001,SmartTV,Basic,0.269,0.814
USR_04388,2113.6,54.4,18,0.798,38,0.305,0.187,0.204,0.304,SmartTV,Standard,0.495,0.329
USR_04905,2662.6,76.6,21,0.95,34,0.257,0.051,0.179,0.513,SmartTV,Standard,0.633,0.944
USR_03833,1257.5,30.1,19,0.78,41,0.346,0.248,0.303,0.103,SmartTV,Free,0.388,0.743
USR_01818,1140.0,57.1,11,0.854,19,0.133,0.688,0.048,0.131,Tablet,Basic,0.821,0.584
USR_00401,2420.5,61.7,29,0.851,39,0.809,0.0,0.0,0.191,Tablet,Standard,0.488,0.85
USR_00711,3185.2,83.9,22,0.852,37,0.674,0.079,0.189,0.058,SmartTV,Premium,0.4,0.66
USR_01040,2613.6,77.0,23,0.822,33,0.802,0.09,0.071,0.037,Mobile,Standard,0.507,0.881
USR_03990,1733.8,44.4,16,0.707,39,0.19,0.27,0.21,0.33,SmartTV,Premium,0.445,0.535
USR_03360,309.8,22.1,12,0.505,13,0.166,0.115,0.674,0.045,Tablet,Basic,0.181,0.208
USR_00047,3140.2,52.0,24,0.899,60,0.834,0.087,0.078,0.001,SmartTV,Standard,0.344,0.721
USR_01562,1027.6,37.4,5,0.628,27,0.065,0.721,0.214,0.0,SmartTV,Basic,0.82,0.523
USR_04800,3221.0,94.4,21,0.979,34,0.361,0.093,0.2,0.346,Console,Free,0.585,0.988
USR_03643,1402.1,44.0,20,0.853,31,0.388,0.202,0.309,0.101,SmartTV,Standard,0.418,0.95
USR_03727,1455.8,37.4,19,0.757,38,0.272,0.3,0.166,0.262,SmartTV,Standard,0.272,0.449
USR_04983,2338.2,75.2,13,0.961,31,0.199,0.058,0.169,0.574,Tablet,Standard,0.614,0.925
USR_01113,2247.0,78.4,17,0.888,28,0.778,0.055,0.095,0.072,Mobile,Standard,0.411,0.92
USR_02514,290.1,23.0,5,0.477,12,0.261,0.196,0.387,0.156,SmartTV,Standard,0.46,0.302
USR_03609,1602.5,51.8,14,0.775,30,0.33,0.179,0.241,0.25,Mobile,Free,0.386,0.675
USR_01224,2419.0,75.9,31,0.863,31,0.812,0.064,0.087,0.037,Tablet,Basic,0.353,0.763
USR_04061,1517.0,30.1,23,0.671,50,0.25,0.225,0.176,0.349,SmartTV,Standard,0.261,0.598
USR_03024,684.5,31.8,2,0.322,21,0.211,0.028,0.717,0.044,SmartTV,Free,0.372,0.182
USR_02422,506.5,28.2,5,0.379,17,0.194,0.211,0.595,0.0,Web,Basic,0.524,0.347
USR_01509,1116.3,63.4,4,0.724,17,0.044,0.598,0.114,0.244,Tablet,Premium,0.787,0.375
USR_01751,820.8,44.7,11,0.649,18,0.084,0.677,0.182,0.057,SmartTV,Standard,0.696,0.3
USR_04838,2965.7,50.4,6,0.939,58,0.214,0.094,0.093,0.599,SmartTV,Premium,0.412,0.943
USR_04097,1304.4,57.9,25,0.718,22,0.305,0.227,0.326,0.142,Mobile,Premium,0.275,0.623
USR_01800,776.4,36.3,10,0.737,21,0.078,0.621,0.097,0.204,Web,Standard,0.709,0.249
USR_00339,1828.5,58.4,18,0.842,31,0.707,0.017,0.206,0.07,SmartTV,Basic,0.527,1.0
USR_00216,2210.7,25.0,22,0.906,88,0.816,0.109,0.046,0.029,SmartTV,Premium,0.474,0.945
USR_03664,1766.7,44.2,19,0.861,40,0.357,0.23,0.248,0.165,Mobile,Premium,0.436,0.577
USR_01342,1000.8,41.7,13,0.538,24,0.123,0.674,0.203,0.0,SmartTV,Standard,0.521,0.316
USR_00012,2535.7,68.7,25,0.927,36,0.698,0.116,0.03,0.156,SmartTV,Premium,0.467,1.0
USR_01521,899.5,34.9,7,0.836,25,0.164,0.518,0.205,0.113,SmartTV,Standard,0.705,0.531
USR_03641,1496.0,45.6,16,0.692,32,0.301,0.232,0.278,0.189,Tablet,Premium,0.407,0.706
USR_03938,1166.2,41.0,24,0.705,28,0.176,0.315,0.301,0.208,SmartTV,Standard,0.456,0.609
USR_04428,3014.6,97.4,11,0.982,30,0.293,0.07,0.224,0.413,SmartTV,Premium,0.592,0.953
USR_03005,511.2,18.7,5,0.603,27,0.349,0.088,0.563,0.0,Mobile,Basic,0.265,0.212
USR_02865,378.8,17.8,7,0.453,21,0.313,0.101,0.548,0.038,Mobile,Basic,0.391,0.337
USR_03116,477.2,18.4,5,0.404,25,0.245,0.202,0.453,0.1,Mobile,Free,0.268,0.493
USR_04841,2898.8,72.3,11,0.937,40,0.15,0.089,0.192,0.569,Mobile,Basic,0.584,0.919
USR_02323,487.8,18.2,5,0.639,26,0.232,0.168,0.536,0.064,Web,Free,0.218,0.382
USR_02572,400.8,22.5,7,0.407,17,0.144,0.165,0.418,0.273,SmartTV,Free,0.347,0.292
USR_02914,362.0,18.6,8,0.463,19,0.157,0.121,0.395,0.327,Mobile,Standard,0.372,0.174
USR_00102,2097.8,54.7,26,0.913,38,0.747,0.091,0.0,0.162,SmartTV,Standard,0.512,0.711
USR_03550,1770.0,44.1,18,0.711,40,0.272,0.1,0.31,0.318,SmartTV,Premium,0.481,0.489
USR_01459,616.0,73.9,8,0.731,8,0.075,0.722,0.131,0.072,Mobile,Free,0.782,0.419
USR_00172,1744.1,51.3,18,0.899,34,0.895,0.0,0.105,0.0,SmartTV,Premium,0.407,0.904
USR_00108,2374.1,68.3,26,0.918,34,0.677,0.125,0.043,0.155,Console,Free,0.444,0.79
USR_04197,1456.7,51.3,13,0.76,28,0.344,0.242,0.222,0.192,Tablet,Basic,0.31,0.792
USR_03570,2204.8,35.5,19,0.798,62,0.219,0.182,0.223,0.376,Mobile,Standard,0.322,0.424
USR_04992,3136.9,106.9,13,0.924,29,0.172,0.064,0.35,0.414,SmartTV,Standard,0.697,0.776
USR_04296,1958.4,53.5,18,0.746,36,0.26,0.219,0.311,0.21,Web,Basic,0.369,0.729
USR_04064,1628.3,29.1,18,0.697,55,0.258,0.17,0.247,0.325,Mobile,Basic,0.682,0.873
USR_03862,1076.7,42.0,17,0.867,25,0.15,0.168,0.322,0.36,SmartTV,Premium,0.358,0.494
USR_04123,2281.3,44.1,12,0.603,51,0.287,0.227,0.204,0.282,Tablet,Free,0.264,0.414
USR_04630,3179.5,106.4,15,0.935,29,0.244,0.148,0.285,0.323,Web,Premium,0.453,0.979
USR_00061,3246.9,71.1,28,0.849,45,0.691,0.055,0.103,0.151,SmartTV,Standard,0.508,0.715
USR_01241,2956.0,62.6,28,0.839,47,0.789,0.062,0.113,0.036,SmartTV,Standard,0.304,0.859
USR_04638,3327.6,45.0,14,0.96,60,0.183,0.095,0.155,0.567,Tablet,Premium,0.549,0.892
USR_01041,2217.3,61.4,25,0.892,36,0.835,0.047,0.118,0.0,SmartTV,Free,0.484,0.842
USR_04188,1897.4,44.5,16,0.795,42,0.254,0.139,0.246,0.361,Mobile,Standard,0.472,0.709
USR_02761,497.0,27.5,5,0.666,18,0.222,0.09,0.688,0.0,Mobile,Standard,0.45,0.232
USR_02121,1121.9,39.7,7,0.491,28,0.04,0.674,0.179,0.107,SmartTV,Standard,0.513,0.365
USR_01525,869.3,57.9,11,0.638,15,0.111,0.771,0.118,0.0,SmartTV,Free,0.758,0.349
USR_03522,897.8,49.9,18,0.701,17,0.31,0.201,0.251,0.238,SmartTV,Standard,0.396,0.739
USR_00154,3018.7,47.2,18,0.851,63,0.694,0.065,0.181,0.06,Console,Premium,0.446,0.83
USR_02249,1039.9,59.9,5,0.616,17,0.04,0.797,0.136,0.027,SmartTV,Basic,0.648,0.266
USR_00482,1796.5,55.4,28,0.879,32,0.806,0.013,0.089,0.092,Web,Premium,0.469,0.726
USR_04234,2085.5,38.8,16,0.714,53,0.202,0.307,0.3,0.191,SmartTV,Standard,0.423,0.748
USR_04306,1660.7,45.3,17,0.702,36,0.289,0.269,0.277,0.165,SmartTV,Standard,0.332,0.475
USR_03579,1185.1,51.4,19,0.828,23,0.292,0.275,0.213,0.22,Tablet,Standard,0.489,0.602
USR_04126,1431.0,36.8,12,0.716,38,0.27,0.28,0.199,0.251,Mobile,Basic,0.444,0.66
USR_03563,1750.4,52.3,14,0.7,33,0.334,0.167,0.262,0.237,SmartTV,Basic,0.398,0.626
USR_03316,302.9,15.7,7,0.263,19,0.135,0.107,0.389,0.369,Web,Free,0.122,0.076
USR_01763,914.7,54.7,8,0.722,16,0.044,0.66,0.131,0.165,Console,Standard,0.567,0.415
USR_03539,1648.9,32.3,22,0.853,51,0.297,0.208,0.197,0.298,Tablet,Basic,0.496,0.749
USR_04804,2661.1,87.0,9,0.986,30,0.231,0.11,0.157,0.502,SmartTV,Premium,0.683,0.827
USR_00751,1834.5,70.5,20,0.916,26,0.698,0.066,0.116,0.12,SmartTV,Free,0.301,0.899
USR_03620,1764.2,39.1,16,0.83,45,0.278,0.219,0.321,0.182,Mobile,Basic,0.461,0.738
USR_01786,748.0,44.5,6,0.676,16,0.076,0.532,0.231,0.161,Tablet,Premium,0.582,0.306
USR_04271,1596.9,46.8,12,0.739,34,0.353,0.249,0.155,0.243,Tablet,Standard,0.399,0.562
USR_03384,124.0,21.4,6,0.486,5,0.225,0.079,0.397,0.299,SmartTV,Free,0.318,0.185
USR_04349,1844.6,43.4,18,0.713,42,0.276,0.165,0.25,0.309,Mobile,Basic,0.356,0.515
USR_00406,2622.1,41.5,25,0.872,63,0.733,0.006,0.046,0.215,SmartTV,Standard,0.258,0.842
USR_00758,2389.1,46.5,30,0.9,51,0.681,0.122,0.197,0.0,Console,Standard,0.417,0.81
USR_02712,255.4,23.5,10,0.307,10,0.235,0.186,0.463,0.116,Mobile,Basic,0.431,0.295
USR_02671,424.6,20.2,7,0.383,21,0.127,0.06,0.644,0.169,SmartTV,Standard,0.263,0.238
USR_03984,1260.6,44.6,25,0.7,28,0.358,0.176,0.173,0.293,SmartTV,Premium,0.489,0.624
USR_00098,2488.9,75.8,22,0.841,32,0.736,0.047,0.121,0.096,Tablet,Standard,0.462,0.804
USR_01334,1117.2,52.8,6,0.615,21,0.054,0.857,0.064,0.025,SmartTV,Standard,0.613,0.353
USR_04452,2467.6,92.8,19,0.941,26,0.233,0.082,0.289,0.396,SmartTV,Standard,0.557,0.871
USR_02792,389.1,18.5,4,0.312,21,0.194,0.0,0.447,0.359,Web,Basic,0.218,0.258
USR_02855,419.1,24.2,8,0.401,17,0.097,0.17,0.539,0.194,Web,Premium,0.353,0.23
USR_00187,2569.7,54.6,26,0.877,47,0.62,0.11,0.055,0.215,Mobile,Standard,0.368,0.802
USR_04004,1383.3,47.9,14,0.72,28,0.179,0.247,0.279,0.295,Mobile,Premium,0.383,0.673
USR_02724,168.2,19.4,4,0.467,8,0.35,0.132,0.358,0.16,Mobile,Free,0.1,0.358
USR_03584,1486.1,39.9,20,0.837,37,0.353,0.201,0.265,0.181,SmartTV,Standard,0.534,0.833
USR_02059,1196.5,28.2,8,0.869,40,0.073,0.746,0.181,0.0,SmartTV,Standard,0.577,0.64
USR_01320,876.1,50.9,7,0.566,17,0.039,0.811,0.149,0.001,SmartTV,Premium,0.741,0.312
USR_00149,2354.9,52.6,18,0.83,44,0.76,0.075,0.146,0.019,SmartTV,Standard,0.356,0.969
USR_00029,2134.8,65.2,23,0.838,32,0.802,0.067,0.131,0.0,Web,Premium,0.47,0.784
USR_04141,1375.3,39.2,13,0.693,35,0.348,0.253,0.229,0.17,Tablet,Standard,0.472,0.9
USR_04010,1866.0,51.0,22,0.718,36,0.308,0.263,0.182,0.247,Console,Basic,0.425,0.759
USR_03364,758.6,19.8,1,0.481,35,0.247,0.099,0.55,0.104,Mobile,Basic,0.401,0.515
USR_00693,2685.9,53.6,20,0.895,50,0.769,0.083,0.149,-0.001,Mobile,Standard,0.453,0.74
USR_02867,292.0,16.0,4,0.551,18,0.243,0.056,0.414,0.287,Tablet,Basic,0.575,0.462
USR_03777,1985.3,40.9,13,0.573,48,0.409,0.171,0.216,0.204,Mobile,Standard,0.511,0.505
USR_01387,454.1,40.7,8,0.883,11,0.126,0.601,0.273,0.0,SmartTV,Standard,0.677,0.57
USR_01846,939.9,44.5,8,0.478,21,0.075,0.528,0.117,0.28,Console,Basic,0.766,0.474
USR_04731,4403.0,62.5,10,0.981,60,0.226,0.041,0.163,0.57,SmartTV,Free,0.488,1.0
USR_00130,1589.1,48.1,11,0.847,33,0.815,0.001,0.109,0.075,SmartTV,Standard,0.419,0.896
USR_01600,1000.3,37.3,7,0.699,26,0.175,0.528,0.138,0.159,Tablet,Premium,0.648,0.534
USR_03630,1106.1,35.3,15,0.734,31,0.25,0.144,0.231,0.375,Tablet,Standard,0.347,0.814
USR_04504,3279.6,85.7,17,0.976,38,0.357,0.099,0.178,0.366,SmartTV,Premium,0.651,0.942
USR_00702,1989.8,54.8,21,0.854,36,0.779,0.015,0.151,0.055,SmartTV,Standard,0.276,0.893
USR_03983,1833.0,24.7,12,0.832,65,0.345,0.252,0.209,0.194,SmartTV,Premium,0.371,0.602
USR_03029,537.4,11.2,5,0.33,35,0.25,0.081,0.67,-0.001,Web,Basic,0.376,0.477
USR_02970,363.5,17.2,1,0.342,21,0.314,0.126,0.56,0.0,SmartTV,Standard,0.336,0.017
USR_04357,1183.4,41.4,15,0.748,28,0.227,0.204,0.212,0.357,Mobile,Premium,0.478,0.712
USR_01709,941.5,77.6,6,0.701,12,0.122,0.726,0.153,-0.001,SmartTV,Standard,0.644,0.392
USR_02954,472.1,21.9,5,0.42,21,0.256,0.215,0.529,0.0,Tablet,Basic,0.187,0.272
USR_00455,1639.2,43.3,31,0.862,37,0.846,0.034,0.0,0.12,Console,Standard,0.406,0.829
USR_02869,269.0,29.2,5,0.577,9,0.075,0.164,0.629,0.132,Mobile,Standard,0.506,0.071
USR_02041,1076.2,38.5,8,0.624,27,0.028,0.686,0.182,0.104,SmartTV,Standard,0.684,0.594
USR_01773,1143.9,32.8,7,0.792,34,0.062,0.803,0.105,0.03,Mobile,Basic,0.575,0.229
USR_02316,260.6,16.3,5,0.351,15,0.191,0.09,0.412,0.307,Mobile,Premium,0.453,0.273
USR_00610,1797.2,38.9,20,0.91,46,0.828,0.0,0.094,0.078,SmartTV,Premium,0.309,0.922
USR_00168,2922.8,43.9,22,0.939,66,0.791,0.065,0.144,0.0,SmartTV,Standard,0.204,0.904
USR_00731,2288.7,59.0,27,0.92,38,0.716,0.107,0.085,0.092,Mobile,Premium,0.321,0.836
USR_04249,1886.6,42.2,17,0.735,44,0.258,0.197,0.195,0.35,SmartTV,Free,0.444,0.8
USR_03359,564.0,27.1,7,0.409,20,0.214,0.0,0.442,0.344,SmartTV,Standard,0.462,0.445
USR_02075,1340.6,45.8,8,0.71,29,0.159,0.662,0.127,0.052,Tablet,Standard,0.669,0.556
USR_04040,1489.8,47.9,19,0.508,31,0.22,0.23,0.258,0.292,Mobile,Premium,0.397,0.661
USR_03701,1359.8,43.8,20,0.784,31,0.345,0.227,0.259,0.169,SmartTV,Standard,0.466,0.641
USR_01623,1063.7,55.7,7,0.617,19,0.074,0.77,0.009,0.147,Console,Premium,0.719,0.457
USR_00588,3112.0,54.2,19,0.939,57,0.791,0.041,0.035,0.133,SmartTV,Standard,0.349,0.719
USR_01402,1135.7,55.2,6,0.688,20,0.049,0.647,0.115,0.189,SmartTV,Basic,0.609,0.502
USR_03046,345.1,17.0,8,0.476,20,0.15,0.067,0.47,0.313,Mobile,Basic,0.19,0.223
USR_03225,200.7,28.4,5,0.503,7,0.278,0.0,0.448,0.274,Tablet,Basic,0.451,0.309
USR_01701,1177.0,48.2,9,0.584,24,0.136,0.685,0.179,0.0,Tablet,Standard,0.717,0.519
USR_03089,311.8,11.1,5,0.435,28,0.262,0.031,0.47,0.237,Mobile,Basic,0.1,0.123
USR_04391,1249.4,35.5,16,0.725,35,0.15,0.182,0.222,0.446,Web,Basic,0.57,0.677
USR_02982,341.0,12.4,6,0.394,27,0.183,0.133,0.388,0.296,Web,Basic,0.143,0.621
USR_00041,2549.5,46.0,28,0.887,55,0.769,0.054,0.176,0.001,SmartTV,Free,0.56,0.83
USR_01380,886.6,37.9,9,0.609,23,0.0,0.698,0.059,0.243,Mobile,Free,0.7,0.278
USR_02090,1068.0,36.0,10,0.824,29,0.131,0.686,0.012,0.171,SmartTV,Basic,0.738,0.405
USR_02176,1095.6,65.3,4,0.637,16,0.063,0.633,0.192,0.112,Tablet,Free,0.718,0.335
USR_03218,408.1,21.3,4,0.284,19,0.177,0.023,0.717,0.083,Mobile,Basic,0.367,0.181
USR_02886,306.8,18.9,10,0.307,16,0.36,0.034,0.507,0.099,Tablet,Free,0.371,0.168
USR_00075,2384.3,76.2,19,0.989,31,0.833,0.037,0.13,0.0,SmartTV,Basic,0.498,0.9
USR_03910,1330.4,44.9,14,0.653,29,0.288,0.238,0.239,0.235,Web,Basic,0.303,0.782
USR_04965,3019.4,76.2,23,0.968,39,0.254,0.077,0.163,0.506,SmartTV,Premium,0.603,0.887
USR_02658,604.9,16.6,5,0.578,35,0.252,0.152,0.502,0.094,Tablet,Free,0.445,0.345
USR_03181,247.7,13.5,6,0.321,18,0.057,0.148,0.525,0.27,Mobile,Premium,0.399,0.326
USR_02077,1047.2,57.3,6,0.722,18,0.147,0.624,0.167,0.062,Mobile,Standard,0.597,0.543
USR_00442,3127.3,35.6,21,0.865,87,0.813,0.06,0.127,0.0,SmartTV,Standard,0.476,1.0
USR_04052,1375.5,47.1,21,0.776,29,0.303,0.258,0.294,0.145,SmartTV,Premium,0.33,0.465
USR_02052,897.1,43.5,9,0.678,20,0.076,0.621,0.141,0.162,SmartTV,Standard,0.812,0.439
USR_02542,530.3,22.6,7,0.69,23,0.34,0.143,0.517,0.0,Tablet,Free,0.48,0.212
USR_03307,465.4,20.7,1,0.266,22,0.281,0.211,0.414,0.094,SmartTV,Free,0.381,0.421
USR_01302,482.8,37.8,4,0.627,12,0.052,0.5,0.189,0.259,Web,Basic,0.902,0.493
USR_01782,1365.7,61.9,11,0.849,22,0.121,0.765,0.114,0.0,Mobile,Standard,0.596,0.378
USR_04815,2707.3,82.8,14,0.99,32,0.372,0.104,0.212,0.312,Web,Standard,0.674,0.943
USR_03431,650.6,17.3,2,0.264,35,0.18,0.07,0.367,0.383,SmartTV,Standard,0.572,0.379
USR_01305,915.7,55.9,7,0.61,16,0.059,0.666,0.102,0.173,SmartTV,Free,0.697,0.697
USR_00237,2127.4,75.6,29,0.834,28,0.731,0.094,0.081,0.094,SmartTV,Standard,0.416,0.852
USR_02600,356.7,16.3,4,0.431,21,0.195,0.188,0.423,0.194,SmartTV,Premium,0.142,0.096
USR_00521,2079.8,50.4,20,0.941,41,0.738,0.142,0.12,0.0,Mobile,Standard,0.318,0.84
USR_02574,710.0,11.3,1,0.207,35,0.156,0.0,0.639,0.205,Mobile,Basic,0.401,0.262
USR_03281,491.7,7.3,5,0.49,35,0.218,0.151,0.385,0.246,Tablet,Basic,0.252,0.372
USR_03187,521.7,25.5,6,0.479,20,0.121,0.162,0.668,0.049,Mobile,Free,0.399,0.03
USR_02769,457.5,15.9,3,0.548,28,0.132,0.079,0.584,0.205,Mobile,Free,0.439,0.091
USR_00736,2721.0,72.6,21,1.0,37,0.625,0.088,0.158,0.129,SmartTV,Premium,0.491,0.834
USR_04704,3589.1,82.8,10,1.0,43,0.267,0.052,0.164,0.517,Console,Basic,0.684,0.943
USR_04930,2994.1,67.6,14,0.959,44,0.3,0.091,0.157,0.452,Tablet,Basic,0.574,0.928
USR_02107,789.6,50.0,3,0.59,15,0.108,0.579,0.247,0.066,SmartTV,Standard,0.8,0.361
USR_02680,499.7,21.0,10,0.342,23,0.202,0.1,0.528,0.17,Tablet,Premium,0.651,0.305
USR_03230,453.1,15.2,2,0.491,29,0.146,0.049,0.665,0.14,Mobile,Free,0.455,0.358
USR_02762,432.6,18.8,3,0.218,23,0.229,0.128,0.578,0.065,Tablet,Free,0.281,0.099
USR_00593,1948.5,51.0,27,0.926,38,0.766,0.072,0.07,0.092,Tablet,Premium,0.431,0.856
USR_01304,924.7,43.0,7,0.684,21,0.024,0.678,0.035,0.263,SmartTV,Standard,0.588,0.431
USR_01388,661.2,20.0,13,0.704,33,0.034,0.765,0.151,0.05,SmartTV,Standard,0.742,0.565
USR_04696,2452.1,96.3,21,1.0,25,0.248,0.091,0.244,0.417,Mobile,Basic,0.527,0.873
USR_04527,3513.1,101.1,16,0.975,34,0.224,0.116,0.266,0.394,SmartTV,Premium,0.627,0.914
USR_03948,1731.4,28.1,16,0.807,61,0.259,0.18,0.174,0.387,Console,Standard,0.362,0.566
USR_01891,884.3,51.2,9,0.705,17,0.016,0.751,0.118,0.115,SmartTV,Basic,0.622,0.424
USR_02988,459.2,24.3,4,0.242,18,0.31,0.147,0.512,0.031,Web,Standard,0.338,0.454
USR_04925,3164.4,78.3,23,0.964,40,0.072,0.0,0.252,0.676,Web,Standard,0.367,0.893
USR_03298,241.2,16.7,4,0.294,14,0.256,0.152,0.591,0.001,Console,Basic,0.231,0.324
USR_00905,2117.6,30.4,23,0.884,69,0.83,0.051,0.078,0.041,SmartTV,Basic,0.581,0.732
USR_04610,2770.7,81.6,18,0.988,33,0.339,0.067,0.211,0.383,Mobile,Basic,0.634,0.914
USR_01280,1287.7,32.3,12,0.654,39,0.056,0.546,0.16,0.238,SmartTV,Premium,0.695,0.238
USR_00934,2226.8,61.7,30,0.916,36,0.823,0.081,0.046,0.05,Tablet,Premium,0.429,0.848
USR_04900,3910.5,83.0,15,0.945,47,0.28,0.116,0.05,0.554,Tablet,Premium,0.55,0.821
USR_02309,184.6,27.2,9,0.505,6,0.166,0.0,0.604,0.23,Mobile,Standard,0.394,0.244
USR_01556,909.6,48.5,10,0.514,18,0.119,0.69,0.191,0.0,SmartTV,Standard,0.637,0.26
USR_04534,2034.9,79.6,17,1.0,25,0.128,0.04,0.175,0.657,SmartTV,Premium,0.436,0.846
USR_03191,418.6,19.1,8,0.561,21,0.189,0.036,0.499,0.276,Mobile,Free,0.324,0.343
USR_04442,2977.1,87.3,13,0.926,34,0.198,0.042,0.12,0.64,Mobile,Premium,0.559,0.91
USR_00707,1843.6,70.3,21,0.984,26,0.578,0.068,0.196,0.158,Console,Premium,0.392,0.832
USR_04691,3062.4,58.7,6,0.972,52,0.26,0.025,0.206,0.509,SmartTV,Premium,0.593,0.905
USR_03071,482.9,11.0,7,0.49,35,0.16,0.177,0.49,0.173,Tablet,Standard,0.173,0.532
USR_00746,2764.6,73.3,29,1.0,37,0.699,0.173,0.082,0.046,Web,Basic,0.373,0.876
USR_03595,1208.3,38.9,14,0.798,31,0.23,0.275,0.245,0.25,Console,Standard,0.47,0.698
USR_01940,869.7,58.3,8,0.75,14,0.116,0.545,0.075,0.264,Console,Free,0.578,0.322
USR_04401,3395.1,50.5,20,0.925,60,0.313,0.132,0.186,0.369,SmartTV,Standard,0.45,0.884
USR_02863,390.7,20.5,4,0.47,19,0.206,0.042,0.554,0.198,Mobile,Free,0.325,0.318
USR_03997,1478.0,39.1,14,0.715,37,0.28,0.283,0.198,0.239,SmartTV,Free,0.432,0.717
USR_00514,2164.4,46.5,24,0.857,46,0.614,0.038,0.042,0.306,Mobile,Premium,0.423,0.755
USR_00082,2303.7,41.5,23,0.89,55,0.737,0.064,0.199,0.0,SmartTV,Basic,0.369,0.808
USR_04977,3369.0,52.8,12,0.902,60,0.195,0.073,0.276,0.456,SmartTV,Premium,0.629,0.905
USR_01309,971.0,37.0,9,0.699,26,0.084,0.793,0.123,0.0,SmartTV,Premium,0.756,0.666
USR_04615,2869.6,114.0,13,0.918,25,0.257,0.07,0.237,0.436,Mobile,Premium,0.497,0.912
USR_00915,2673.1,32.9,27,0.888,81,0.775,0.071,0.083,0.071,SmartTV,Standard,0.438,0.803
USR_03453,594.6,18.2,4,0.256,32,0.164,0.192,0.542,0.102,Tablet,Free,0.338,0.494
USR_03696,1719.8,38.5,18,0.663,44,0.262,0.221,0.173,0.344,Mobile,Standard,0.305,0.571
USR_04805,3295.1,88.3,10,0.99,37,0.278,0.085,0.203,0.434,Tablet,Premium,0.563,0.962
USR_03157,372.3,26.4,6,0.419,14,0.16,0.028,0.604,0.208,Web,Free,0.392,0.357
USR_02199,1119.4,51.7,8,0.509,21,0.133,0.731,0.134,0.002,SmartTV,Standard,0.62,0.325
USR_04233,2155.1,48.1,19,0.84,44,0.27,0.266,0.187,0.277,Tablet,Premium,0.438,0.717
USR_00775,2188.2,68.5,28,0.972,31,0.848,0.05,0.0,0.102,SmartTV,Standard,0.444,0.85
USR_00330,1452.5,68.8,27,0.862,21,0.554,0.046,0.098,0.302,SmartTV,Premium,0.339,0.809
USR_02055,903.8,55.5,6,0.433,16,0.104,0.661,0.235,0.0,SmartTV,Premium,0.459,0.51
USR_02002,924.5,56.0,9,0.679,16,0.083,0.712,0.062,0.143,SmartTV,Basic,0.696,0.35
USR_00944,2047.1,74.1,24,0.851,27,0.779,0.063,0.064,0.094,Web,Premium,0.347,0.906
USR_00823,2590.6,35.7,17,0.886,72,0.628,0.093,0.144,0.135,Mobile,Premium,0.446,0.76
USR_04528,3325.7,94.0,17,1.0,35,0.299,0.06,0.264,0.377,Mobile,Standard,0.596,0.913
USR_00910,2970.9,65.3,28,0.712,45,0.819,0.003,0.125,0.053,SmartTV,Standard,0.43,0.901
USR_02517,475.2,19.4,1,0.314,24,0.074,0.076,0.58,0.27,Tablet,Free,0.373,0.325
USR_00182,2350.7,51.9,28,0.914,45,0.753,0.088,0.083,0.076,Console,Standard,0.514,0.88
USR_00165,2159.1,53.9,23,0.891,40,0.834,0.042,0.124,0.0,SmartTV,Premium,0.399,0.909
USR_01524,498.2,38.6,12,0.761,12,0.033,0.691,0.276,0.0,Tablet,Premium,0.556,0.483
USR_00452,2444.0,52.2,20,0.848,46,0.807,0.0,0.164,0.029,Tablet,Standard,0.367,0.908
USR_02539,318.3,5.0,4,0.285,35,0.149,0.163,0.471,0.217,Web,Standard,0.212,0.367
USR_04138,1551.0,51.0,13,0.747,30,0.199,0.283,0.252,0.266,Tablet,Free,0.467,0.673
USR_04776,3381.7,77.6,11,0.951,43,0.258,0.169,0.158,0.415,SmartTV,Standard,0.578,0.886
USR_01312,1315.9,35.2,7,0.843,37,0.046,0.705,0.155,0.094,Mobile,Premium,0.581,0.37
USR_03150,417.5,31.3,6,0.367,13,0.135,0.1,0.407,0.358,Mobile,Basic,0.134,0.595
USR_01112,3010.2,49.0,24,0.818,61,0.842,0.082,0.076,0.0,Console,Premium,0.358,0.841
USR_04548,3973.3,65.7,18,0.951,60,0.296,0.06,0.124,0.52,SmartTV,Premium,0.526,0.945
USR_04086,2042.8,52.5,15,0.761,38,0.322,0.307,0.273,0.098,SmartTV,Standard,0.426,0.802
USR_03490,244.2,11.2,7,0.377,21,0.146,0.203,0.455,0.196,Mobile,Basic,0.251,0.288
USR_01288,1329.1,26.0,11,0.684,40,0.056,0.737,0.184,0.023,SmartTV,Free,0.817,0.458
USR_04178,1025.1,42.1,20,0.636,24,0.233,0.247,0.258,0.262,Web,Standard,0.335,0.728
USR_04646,2654.5,69.6,25,0.895,38,0.328,0.109,0.222,0.341,Web,Standard,0.56,0.987
USR_03681,2349.0,38.2,23,0.623,61,0.307,0.19,0.274,0.229,SmartTV,Basic,0.242,0.496
USR_04512,2883.2,89.3,11,0.964,32,0.335,0.089,0.179,0.397,SmartTV,Premium,0.573,0.953
USR_04169,1222.5,46.3,15,0.628,26,0.325,0.254,0.233,0.188,Console,Premium,0.463,0.553
USR_03301,297.2,15.3,9,0.249,19,0.164,0.15,0.408,0.278,Mobile,Basic,0.413,0.326
USR_03311,387.7,12.6,5,0.529,30,0.366,0.071,0.301,0.262,Mobile,Basic,0.286,0.436
USR_04557,3202.3,50.4,12,0.973,60,0.204,0.025,0.165,0.606,Tablet,Premium,0.25,0.89
USR_03126,384.5,24.4,9,0.511,15,0.189,0.123,0.688,0.0,Web,Standard,0.504,0.599
USR_00328,2230.7,75.3,29,0.889,29,0.872,0.067,0.033,0.028,Console,Premium,0.387,0.861
USR_01791,465.3,32.1,9,0.54,14,0.057,0.821,0.123,-0.001,SmartTV,Free,0.714,0.306
USR_02491,554.3,25.5,4,0.273,21,0.171,0.103,0.703,0.023,Tablet,Free,0.613,0.352
USR_02007,1265.8,68.2,7,0.625,18,0.071,0.708,0.221,0.0,SmartTV,Basic,0.797,0.485
USR_02008,592.2,60.3,7,0.891,9,0.027,0.614,0.103,0.256,SmartTV,Standard,0.61,0.483
USR_01859,970.8,53.9,10,0.824,18,0.094,0.613,0.124,0.169,SmartTV,Free,0.58,0.624
USR_04686,2509.4,104.9,18,0.971,23,0.218,0.111,0.103,0.568,SmartTV,Premium,0.422,0.899
USR_00313,2497.5,42.7,26,0.944,58,0.759,0.068,0.172,0.001,SmartTV,Standard,0.42,0.755
USR_00833,2683.2,51.4,24,0.837,52,0.59,0.043,0.103,0.264,Web,Standard,0.398,0.757
USR_03080,312.5,21.1,1,0.534,14,0.105,0.096,0.475,0.324,Mobile,Standard,0.283,0.29
USR_04718,2538.4,102.6,16,0.955,24,0.349,0.061,0.18,0.41,SmartTV,Premium,0.751,0.933
USR_03463,317.9,33.7,3,0.493,9,0.062,0.113,0.56,0.265,Tablet,Free,0.216,0.525
USR_01202,2622.1,60.7,22,0.921,43,0.638,0.024,0.179,0.159,Mobile,Premium,0.223,0.839
USR_04392,1346.8,38.2,15,0.696,35,0.309,0.151,0.196,0.344,Web,Basic,0.317,0.518
USR_03548,1536.3,36.7,12,0.939,41,0.32,0.2,0.309,0.171,Web,Basic,0.484,0.709
USR_04923,3491.8,114.8,16,0.957,30,0.283,0.068,0.127,0.522,Web,Premium,0.559,0.943
USR_02135,1192.0,41.0,4,0.674,29,0.091,0.673,0.157,0.079,SmartTV,Standard,0.713,0.311
USR_03452,504.9,20.3,8,0.475,24,0.198,0.136,0.666,0.0,Tablet,Standard,0.444,0.126
USR_02210,1081.8,35.5,8,0.563,30,0.025,0.759,0.134,0.082,Console,Standard,0.774,0.369
USR_01902,817.6,23.8,3,0.75,34,0.104,0.734,0.087,0.075,SmartTV,Standard,0.754,0.502
USR_01482,960.8,20.0,8,0.683,40,0.087,0.753,0.159,0.001,SmartTV,Free,0.669,0.426
USR_00778,2039.3,62.3,15,0.815,32,0.789,0.083,0.128,0.0,Console,Premium,0.357,0.772
USR_00800,2629.8,52.2,16,0.891,50,0.703,0.087,0.21,0.0,Mobile,Standard,0.357,0.877
USR_03715,2035.5,44.8,13,0.908,45,0.221,0.344,0.271,0.164,Mobile,Basic,0.343,0.366
USR_03943,1414.4,34.3,24,0.732,41,0.28,0.207,0.316,0.197,SmartTV,Free,0.593,0.658
USR_00055,2577.5,49.9,23,1.0,51,0.806,0.044,0.15,0.0,Mobile,Standard,0.387,0.687
USR_02973,288.2,7.6,7,0.564,35,0.094,0.099,0.452,0.355,Mobile,Free,0.416,0.251
USR_03336,408.9,18.8,6,0.319,21,0.097,0.022,0.515,0.366,Mobile,Basic,0.387,0.577
USR_01921,878.1,44.0,10,0.651,19,0.061,0.585,0.201,0.153,SmartTV,Basic,0.613,0.29
USR_03716,1945.2,61.3,14,0.799,31,0.231,0.277,0.253,0.239,SmartTV,Standard,0.398,0.795
USR_04647,3138.1,78.5,16,0.932,39,0.194,0.137,0.334,0.335,Web,Premium,0.602,0.962
USR_00947,1500.7,46.5,23,0.919,32,0.719,0.048,0.07,0.163,SmartTV,Premium,0.429,0.946
USR_01702,731.7,69.8,5,0.707,10,0.058,0.65,0.157,0.135,Tablet,Basic,0.794,0.474
USR_03294,401.0,15.4,9,0.348,26,0.199,0.115,0.455,0.231,Tablet,Free,0.436,0.001
USR_02162,947.1,44.3,5,0.731,21,0.17,0.464,0.111,0.255,SmartTV,Basic,0.555,0.429
USR_01137,2434.8,65.7,31,0.983,37,0.733,0.002,0.08,0.185,Console,Standard,0.344,0.886
USR_00988,2404.2,55.2,21,0.823,43,0.826,0.058,0.075,0.041,Web,Standard,0.509,0.75
USR_02550,477.7,15.4,9,0.726,31,0.189,0.149,0.564,0.098,Mobile,Standard,0.367,0.398
USR_00194,1842.3,71.3,16,0.699,25,0.73,0.121,0.149,0.0,SmartTV,Premium,0.437,0.811
USR_03058,254.7,12.6,1,0.568,20,0.162,0.144,0.506,0.188,Mobile,Free,0.698,0.366
USR_03247,160.8,21.7,8,0.587,7,0.144,0.117,0.582,0.157,Console,Standard,0.287,0.383
USR_01395,1039.9,53.8,2,0.654,19,0.073,0.793,0.134,0.0,SmartTV,Basic,0.515,0.472
USR_02638,408.3,7.6,8,0.318,35,0.186,0.176,0.638,0.0,Mobile,Basic,0.146,0.305
USR_00769,1966.5,31.8,14,0.804,61,0.7,0.054,0.049,0.197,SmartTV,Premium,0.447,0.831
USR_04703,3597.1,83.1,12,0.947,43,0.241,0.025,0.22,0.514,SmartTV,Premium,0.647,0.926
USR_03091,446.2,19.8,4,0.377,22,0.232,0.129,0.631,0.008,Mobile,Free,0.465,0.378
USR_03496,293.1,10.9,1,0.445,26,0.149,0.193,0.601,0.057,Mobile,Free,0.374,0.346
USR_03216,385.5,21.2,4,0.403,18,0.166,0.142,0.595,0.097,Tablet,Standard,0.61,0.273
USR_00286,2867.3,36.8,10,0.853,77,0.818,0.106,0.076,0.0,Mobile,Standard,0.387,0.942
USR_04939,2707.1,87.0,13,1.0,31,0.345,0.091,0.148,0.416,SmartTV,Premium,0.398,0.939
USR_00429,2696.0,54.2,17,0.943,49,0.727,0.023,0.091,0.159,SmartTV,Premium,0.347,0.817
USR_04449,3058.4,78.0,10,0.948,39,0.203,0.083,0.146,0.568,Web,Premium,0.546,0.854
USR_02333,432.9,9.9,1,0.418,35,0.159,0.141,0.502,0.198,Mobile,Free,0.277,0.044
USR_02718,680.1,22.1,5,0.637,30,0.095,0.115,0.466,0.324,Mobile,Free,0.465,0.353
USR_02080,1224.1,50.9,4,0.749,24,0.018,0.645,0.079,0.258,SmartTV,Standard,0.662,0.378
USR_03390,296.4,20.0,6,0.188,14,0.133,0.183,0.597,0.087,Mobile,Free,0.248,0.145
USR_00723,2882.8,44.8,25,0.922,64,0.915,0.042,0.044,-0.001,Console,Basic,0.391,0.965
USR_00952,2494.4,33.7,24,0.84,73,0.681,0.016,0.122,0.181,SmartTV,Standard,0.402,0.715
USR_04384,2115.2,46.2,19,0.725,45,0.257,0.207,0.3,0.236,Mobile,Basic,0.279,0.658
USR_04367,1986.9,26.1,17,0.81,65,0.273,0.139,0.222,0.366,Web,Standard,0.195,0.617
USR_02263,433.4,15.6,4,0.198,27,0.175,0.163,0.614,0.048,Mobile,Free,0.293,0.495
USR_00990,2156.3,60.8,22,0.926,35,0.685,0.046,0.089,0.18,Web,Premium,0.456,0.787
USR_03213,269.6,16.4,10,0.398,16,0.305,0.129,0.565,0.001,Mobile,Free,0.396,0.357
USR_01760,983.7,39.7,5,0.479,24,0.098,0.785,0.116,0.001,Console,Standard,0.679,0.28
USR_04580,3204.5,82.4,9,0.98,38,0.256,0.065,0.086,0.593,Web,Standard,0.49,0.946
USR_00327,2225.5,50.0,20,0.805,44,0.769,0.038,0.0,0.193,SmartTV,Standard,0.584,0.937
USR_02609,379.9,16.4,1,0.527,23,0.237,0.167,0.25,0.346,Web,Basic,0.344,0.172
USR_01384,716.6,78.9,8,0.79,9,0.082,0.616,0.229,0.073,Mobile,Premium,0.618,0.604
USR_01725,881.2,43.4,8,0.731,20,0.099,0.684,0.191,0.026,SmartTV,Premium,0.658,0.341
USR_01087,2253.4,56.4,21,0.887,39,0.896,0.055,0.042,0.007,SmartTV,Premium,0.407,0.813
USR_02524,306.8,17.3,4,0.272,17,0.161,0.042,0.625,0.172,Mobile,Free,0.362,0.672
USR_00342,2076.4,79.6,22,0.927,26,0.709,0.029,0.154,0.108,Console,Premium,0.312,0.817
USR_03702,1388.6,41.2,13,0.696,33,0.249,0.171,0.305,0.275,SmartTV,Basic,0.492,0.808
USR_00148,1107.5,54.7,29,0.98,20,0.739,0.036,0.123,0.102,Web,Premium,0.34,0.874
USR_00689,2362.8,64.2,18,0.962,36,0.812,0.05,0.138,0.0,Mobile,Premium,0.335,0.936
USR_03433,514.2,20.8,6,0.479,24,0.171,0.236,0.343,0.25,Tablet,Standard,0.489,0.328
USR_01108,2435.1,68.4,10,0.862,35,0.799,0.033,0.168,0.0,SmartTV,Standard,0.539,0.812
USR_00849,1876.7,50.7,25,0.862,37,0.821,0.054,0.113,0.012,Web,Basic,0.402,0.903
USR_00967,2260.1,59.8,24,0.873,37,0.608,0.021,0.145,0.226,Mobile,Premium,0.201,0.945
USR_04728,3626.0,104.3,18,0.953,34,0.252,0.121,0.248,0.379,SmartTV,Standard,0.466,0.938
USR_01493,1327.4,54.1,7,0.582,24,0.076,0.7,0.065,0.159,SmartTV,Standard,0.658,0.324
USR_03954,1808.0,48.2,20,0.769,37,0.263,0.26,0.234,0.243,SmartTV,Standard,0.323,0.84
USR_02204,1144.9,34.6,4,0.539,33,0.083,0.681,0.16,0.076,SmartTV,Standard,0.848,0.404
USR_02714,377.4,21.2,6,0.368,17,0.153,0.048,0.447,0.352,Tablet,Premium,0.345,0.127
USR_00662,3341.0,62.1,25,0.937,53,0.877,0.035,0.085,0.003,Console,Standard,0.482,0.808
USR_01003,2771.8,58.9,23,0.858,47,0.755,0.045,0.096,0.104,Console,Standard,0.487,0.877
USR_00063,2289.4,51.7,11,0.877,44,0.73,0.085,0.185,0.0,SmartTV,Premium,0.51,0.828
USR_00285,2618.7,36.4,26,0.852,71,0.772,0.113,0.036,0.079,SmartTV,Basic,0.308,0.803
USR_02225,1045.0,49.3,8,0.562,21,0.073,0.685,0.204,0.038,Web,Standard,0.718,0.387
USR_04707,3157.0,81.8,9,0.919,38,0.241,0.005,0.173,0.581,SmartTV,Standard,0.461,0.916
USR_01880,811.6,72.7,7,0.667,11,0.13,0.658,0.212,0.0,Mobile,Premium,0.734,0.138
USR_03573,1882.6,43.0,12,0.642,43,0.244,0.253,0.281,0.222,Tablet,Premium,0.378,0.933
USR_04858,2804.1,74.8,17,1.0,37,0.381,0.077,0.198,0.344,Web,Premium,0.61,0.869
USR_01204,2164.3,52.8,24,0.82,40,0.711,0.08,0.147,0.062,Mobile,Standard,0.37,0.743
USR_01991,714.6,55.1,10,0.776,12,0.063,0.711,0.226,0.0,Tablet,Standard,0.787,0.326
USR_00025,1832.6,66.0,30,0.942,27,0.643,0.041,0.163,0.153,Mobile,Basic,0.363,0.886
USR_04853,3493.1,83.0,15,0.943,42,0.181,0.07,0.149,0.6,SmartTV,Premium,0.559,0.86
USR_04103,1925.7,41.6,16,0.88,46,0.24,0.206,0.23,0.324,Tablet,Free,0.436,0.921
USR_04168,1888.8,52.1,21,0.75,36,0.307,0.286,0.23,0.177,Mobile,Basic,0.431,0.604
USR_00763,1818.1,56.0,17,0.809,32,0.742,0.04,0.073,0.145,Console,Standard,0.457,0.856
USR_00876,2370.6,54.8,17,0.862,43,0.711,0.075,0.05,0.164,Console,Basic,0.526,0.716
USR_04743,2734.0,91.4,12,1.0,29,0.354,0.08,0.152,0.414,SmartTV,Premium,0.493,1.0
USR_00939,2498.3,66.6,19,0.928,37,0.779,0.067,0.154,0.0,Mobile,Basic,0.377,0.835
USR_02688,269.7,12.0,4,0.372,22,0.14,0.175,0.483,0.202,SmartTV,Free,0.323,0.101
USR_03601,1406.7,50.1,13,0.562,28,0.186,0.174,0.212,0.428,Web,Premium,0.361,0.603
USR_02395,269.6,16.2,3,0.627,16,0.204,0.173,0.577,0.046,Mobile,Free,0.382,0.306
USR_04568,2339.1,103.8,10,0.949,22,0.226,0.055,0.234,0.485,Tablet,Premium,0.837,0.864
USR_04981,3157.3,96.0,12,1.0,32,0.295,0.161,0.109,0.435,SmartTV,Standard,0.432,0.939
USR_04125,925.6,39.0,19,0.59,23,0.235,0.32,0.259,0.186,Mobile,Standard,0.348,0.675
USR_04565,2906.1,64.9,14,0.952,44,0.186,0.106,0.119,0.589,SmartTV,Premium,0.675,0.909
USR_00386,2601.9,64.0,23,0.823,40,0.809,0.02,0.068,0.103,Tablet,Standard,0.435,0.874
USR_03878,1086.5,36.3,18,0.713,29,0.302,0.247,0.212,0.239,SmartTV,Premium,0.383,0.632
USR_04371,2190.1,33.4,14,0.829,65,0.216,0.161,0.26,0.363,SmartTV,Basic,0.396,0.669
USR_04570,2151.8,57.9,7,0.913,37,0.319,0.069,0.123,0.489,Tablet,Premium,0.358,0.869
USR_00537,2403.3,37.3,20,0.794,64,0.842,0.089,0.013,0.056,Mobile,Standard,0.527,1.0
USR_02292,476.3,21.6,6,0.392,22,0.199,0.07,0.431,0.3,SmartTV,Free,0.434,0.036
USR_04666,3580.8,92.2,15,0.933,38,0.218,0.067,0.117,0.598,Tablet,Premium,0.511,0.847
USR_03875,1885.4,45.4,15,0.721,41,0.269,0.22,0.282,0.229,Mobile,Standard,0.364,0.734
USR_00937,2515.2,41.6,27,0.935,60,0.747,0.051,0.093,0.109,Tablet,Premium,0.358,0.815
USR_03738,2016.8,49.6,18,0.742,40,0.15,0.187,0.219,0.444,SmartTV,Standard,0.39,0.538
USR_04729,3791.8,78.4,13,0.936,48,0.238,0.051,0.128,0.583,SmartTV,Premium,0.461,0.878
USR_02361,412.0,20.6,5,0.494,20,0.311,0.12,0.569,0.0,Web,Free,0.525,0.504
USR_03508,1694.4,38.0,16,0.727,44,0.248,0.253,0.21,0.289,Tablet,Standard,0.482,0.724
USR_00202,2687.3,48.5,21,0.882,55,0.69,0.09,0.074,0.146,Mobile,Standard,0.402,0.77
USR_03209,380.9,16.4,2,0.323,23,0.385,0.048,0.448,0.119,Tablet,Free,0.339,0.291
USR_01333,922.2,45.1,5,0.71,20,0.193,0.67,0.114,0.023,Mobile,Standard,0.736,0.353
USR_03017,617.6,17.0,6,0.471,35,0.364,0.014,0.602,0.02,Tablet,Standard,0.395,0.244
USR_03503,2161.9,27.3,19,0.72,65,0.372,0.179,0.271,0.178,SmartTV,Standard,0.325,0.673
USR_02709,583.7,25.7,1,0.481,22,0.1,0.06,0.61,0.23,Mobile,Basic,0.369,0.409
USR_04022,1224.0,32.9,20,0.814,37,0.243,0.252,0.278,0.227,Mobile,Standard,0.372,0.668
USR_01855,1035.8,54.5,6,0.727,18,0.124,0.702,0.174,0.0,Tablet,Standard,0.697,0.308
USR_04470,2503.4,45.0,17,0.882,55,0.323,0.082,0.171,0.424,SmartTV,Free,0.542,0.945
USR_02873,373.2,18.7,5,0.673,19,0.228,0.147,0.491,0.134,Mobile,Standard,0.292,0.105
USR_03031,531.2,16.8,7,0.15,31,0.26,0.077,0.313,0.35,Mobile,Standard,0.576,0.39
USR_01206,1976.3,38.7,21,0.822,51,0.766,0.086,0.148,0.0,Console,Standard,0.485,0.826
USR_01646,559.0,57.9,5,0.572,9,0.121,0.725,0.154,0.0,SmartTV,Free,0.758,0.369
USR_03418,329.8,25.5,2,0.446,12,0.122,0.07,0.464,0.344,Console,Basic,0.532,0.496
USR_03477,257.2,11.2,7,0.481,23,0.182,0.106,0.659,0.053,Tablet,Free,0.267,0.344
USR_02862,419.9,5.0,6,0.33,35,0.229,0.113,0.549,0.109,Mobile,Free,0.537,0.218
USR_01793,599.7,25.7,8,0.783,23,0.126,0.491,0.128,0.255,SmartTV,Free,0.57,0.437
USR_03798,1254.1,41.0,21,0.669,30,0.313,0.1,0.259,0.328,Mobile,Basic,0.363,0.902
USR_03369,531.3,23.4,6,0.47,22,0.104,0.202,0.51,0.184,Mobile,Basic,0.238,0.322
USR_03368,521.9,24.4,7,0.289,21,0.231,0.057,0.503,0.209,Web,Standard,0.371,0.179
USR_03534,1407.7,34.1,14,0.641,41,0.28,0.184,0.31,0.226,SmartTV,Standard,0.348,0.661
USR_03450,214.6,18.2,1,0.381,11,0.139,0.176,0.425,0.26,Web,Basic,0.281,0.342
USR_00604,2973.5,52.9,26,0.901,56,0.786,0.096,0.104,0.014,Web,Premium,0.585,0.735
USR_03057,483.9,18.4,5,0.561,26,0.31,0.159,0.527,0.004,Tablet,Free,0.307,0.404
USR_04532,3376.5,47.9,23,0.947,60,0.291,0.088,0.235,0.386,SmartTV,Basic,0.544,0.854
USR_00127,2425.5,61.4,21,0.909,39,0.786,0.0,0.053,0.161,Tablet,Premium,0.408,0.753
USR_03877,1765.6,29.5,17,0.64,59,0.249,0.215,0.275,0.261,Mobile,Premium,0.453,0.741
USR_02936,506.5,25.2,5,0.657,20,0.347,0.001,0.407,0.245,Mobile,Premium,0.1,0.251
USR_03532,1336.4,46.3,25,0.702,28,0.38,0.177,0.274,0.169,SmartTV,Premium,0.416,0.635
USR_02731,484.2,21.6,7,0.26,22,0.158,0.174,0.31,0.358,SmartTV,Basic,0.385,0.283
USR_00828,2341.1,36.2,19,0.892,64,0.758,0.119,0.026,0.097,Console,Standard,0.36,0.972
USR_01640,894.2,72.6,6,0.557,12,0.157,0.541,0.079,0.223,Mobile,Premium,0.655,0.233
USR_00985,1279.0,69.6,26,0.858,18,0.845,0.026,0.076,0.053,SmartTV,Free,0.54,0.828
USR_03282,524.5,8.1,4,0.639,35,0.323,0.158,0.503,0.016,Mobile,Free,0.474,0.364
USR_04972,2975.1,94.9,8,0.907,31,0.313,0.036,0.055,0.596,SmartTV,Premium,0.684,0.888
USR_02189,992.7,39.4,8,0.663,25,0.073,0.718,0.084,0.125,SmartTV,Standard,0.708,0.251
USR_04613,4108.3,92.4,20,0.911,44,0.324,0.046,0.223,0.407,SmartTV,Standard,0.514,0.931
USR_02444,399.5,11.7,10,0.434,34,0.176,0.039,0.408,0.377,Tablet,Free,0.305,0.589
USR_00363,2220.0,58.2,21,0.891,38,0.72,0.107,0.041,0.132,SmartTV,Standard,0.459,0.945
USR_02350,430.8,14.3,8,0.417,30,0.118,0.03,0.518,0.334,SmartTV,Basic,0.1,0.222
USR_00346,2384.2,58.1,22,0.927,41,0.741,0.076,0.128,0.055,Console,Premium,0.456,0.784
USR_00815,2203.7,67.6,17,0.901,32,0.742,0.029,0.228,0.001,Tablet,Standard,0.454,0.899
USR_03206,304.1,21.7,1,0.31,14,0.14,0.205,0.655,0.0,Web,Basic,0.275,0.203
USR_04161,1995.5,50.6,18,0.68,39,0.354,0.16,0.202,0.284,Web,Standard,0.415,0.349
USR_04796,3249.3,78.2,19,0.947,41,0.248,0.112,0.174,0.466,SmartTV,Standard,0.556,0.958
USR_03326,618.0,6.9,6,0.256,35,0.374,0.056,0.429,0.141,Mobile,Basic,0.414,0.21
USR_04107,1201.4,39.5,18,0.742,30,0.334,0.24,0.247,0.179,SmartTV,Basic,0.404,0.66
USR_02117,1058.9,44.4,8,0.732,23,0.009,0.736,0.113,0.142,SmartTV,Premium,0.731,0.331
USR_01835,771.8,48.1,10,0.655,16,0.12,0.619,0.13,0.131,SmartTV,Standard,0.673,0.567
USR_00794,2307.4,64.7,22,0.886,35,0.781,0.062,0.157,0.0,Mobile,Premium,0.43,0.733
USR_04947,2270.8,74.6,18,0.982,30,0.281,0.119,0.163,0.437,Web,Premium,0.689,0.938
USR_02675,312.6,23.9,5,0.398,13,0.204,0.141,0.495,0.16,Mobile,Basic,0.364,0.224
USR_00095,1964.9,54.4,21,0.81,36,0.833,0.087,0.081,-0.001,SmartTV,Standard,0.422,0.867
USR_03757,1722.1,34.8,15,0.786,49,0.314,0.238,0.248,0.2,Tablet,Premium,0.418,0.642
USR_02892,661.5,15.5,7,0.474,35,0.229,0.168,0.603,0.0,Tablet,Free,0.591,0.174
USR_02372,367.2,29.0,11,0.478,12,0.209,0.138,0.555,0.098,SmartTV,Basic,0.345,0.366
USR_04150,1485.3,37.1,15,0.817,40,0.313,0.236,0.143,0.308,SmartTV,Standard,0.509,0.672
USR_04433,3071.7,77.0,19,0.951,39,0.206,0.05,0.123,0.621,SmartTV,Standard,0.597,0.904
USR_03229,80.0,25.4,7,0.481,3,0.133,0.059,0.647,0.161,Mobile,Basic,0.379,0.282
USR_02854,491.8,19.1,13,0.338,25,0.2,0.08,0.458,0.262,Tablet,Premium,0.448,0.407
USR_02913,510.4,17.8,10,0.504,28,0.238,0.154,0.476,0.132,Mobile,Basic,0.343,0.0
USR_01866,823.8,27.3,8,0.666,30,0.063,0.755,0.151,0.031,SmartTV,Free,0.726,0.437
USR_01858,812.3,46.2,8,0.581,17,0.112,0.683,0.089,0.116,SmartTV,Free,0.645,0.449
USR_02646,400.0,12.2,8,0.483,32,0.176,0.168,0.503,0.153,Mobile,Free,0.323,0.263
USR_02244,769.4,57.4,6,0.575,13,0.054,0.646,0.154,0.146,Console,Standard,0.688,0.454
USR_02337,389.7,19.3,4,0.396,20,0.252,0.068,0.64,0.04,Mobile,Free,0.492,0.391
USR_00951,2678.4,78.8,22,0.867,33,0.757,0.065,0.059,0.119,Web,Premium,0.43,0.886
USR_03069,579.9,21.6,1,0.48,26,0.139,0.101,0.596,0.164,Mobile,Basic,0.216,0.473
USR_01121,2725.3,69.9,17,0.929,39,0.887,0.057,0.056,0.0,SmartTV,Standard,0.43,0.806
USR_02598,677.2,16.7,13,0.498,35,0.204,0.147,0.298,0.351,Mobile,Free,0.473,0.685
USR_02205,1248.3,46.8,11,0.73,26,0.0,0.731,0.158,0.111,Tablet,Premium,0.788,0.638
USR_00420,1275.9,58.1,14,0.859,21,0.58,0.115,0.046,0.259,SmartTV,Standard,0.52,0.926
USR_00923,2657.6,62.8,21,0.811,42,0.719,0.106,0.076,0.099,Web,Standard,0.431,0.764
USR_01255,949.3,36.8,14,0.661,25,0.145,0.563,0.108,0.184,SmartTV,Basic,0.69,0.311
USR_00478,1844.5,70.5,22,0.806,26,0.805,0.08,0.114,0.001,SmartTV,Standard,0.477,1.0
USR_02036,1065.9,57.4,5,0.638,18,0.072,0.637,0.04,0.251,Tablet,Standard,0.629,0.583
USR_01203,2217.7,56.6,20,0.882,39,0.718,0.104,0.171,0.007,SmartTV,Premium,0.409,0.739
USR_02627,218.2,21.4,4,0.416,10,0.256,0.237,0.375,0.132,Tablet,Basic,0.454,0.43
USR_04819,2359.5,65.8,14,0.972,35,0.37,0.038,0.12,0.472,SmartTV,Standard,0.405,0.949
USR_01971,635.7,44.1,11,0.624,14,0.026,0.785,0.15,0.039,SmartTV,Standard,0.468,0.499
USR_03111,239.2,17.8,1,0.477,13,0.399,0.082,0.501,0.018,SmartTV,Free,0.336,0.448
USR_04019,1529.5,52.8,22,0.705,28,0.302,0.232,0.27,0.196,SmartTV,Premium,0.33,0.787
USR_02152,988.7,37.9,9,0.734,26,0.114,0.807,0.058,0.021,SmartTV,Premium,0.629,0.192
USR_03688,1380.9,50.0,9,0.675,27,0.365,0.235,0.212,0.188,SmartTV,Standard,0.292,0.751
USR_01998,882.5,30.7,6,0.561,28,0.132,0.719,0.149,0.0,SmartTV,Standard,0.616,0.58
USR_04034,1451.9,54.0,15,0.693,26,0.299,0.232,0.23,0.239,SmartTV,Standard,0.552,0.574
USR_03055,444.9,18.0,4,0.389,24,0.162,0.161,0.42,0.257,Tablet,Free,0.359,0.384
USR_01249,2134.8,57.8,22,0.813,36,0.754,0.066,0.078,0.102,Mobile,Premium,0.615,0.783
USR_02193,1061.3,57.3,9,0.65,18,0.093,0.655,0.24,0.012,SmartTV,Standard,0.794,0.55
USR_02713,254.3,19.7,6,0.413,12,0.266,0.064,0.369,0.301,Mobile,Basic,0.29,0.242
USR_00993,1952.7,68.8,29,0.904,28,0.88,0.05,0.033,0.037,Console,Standard,0.469,0.896
USR_02191,892.0,49.0,9,0.435,18,0.08,0.679,0.213,0.028,SmartTV,Standard,0.753,0.225
USR_03763,1996.1,37.1,15,0.693,53,0.236,0.276,0.257,0.231,SmartTV,Standard,0.375,0.654
USR_03598,1768.5,32.9,10,0.657,53,0.364,0.205,0.264,0.167,SmartTV,Premium,0.375,0.717
USR_01319,1487.1,39.8,3,0.449,37,0.144,0.707,0.149,0.0,Console,Premium,0.501,0.33
USR_01864,1132.5,62.0,7,0.853,18,0.031,0.645,0.089,0.235,SmartTV,Free,0.532,0.308
USR_02344,284.8,23.7,9,0.504,12,0.248,0.057,0.402,0.293,Web,Basic,0.249,0.413
USR_02450,376.5,19.1,6,0.547,19,0.312,0.135,0.554,-0.001,Mobile,Premium,0.361,0.415
USR_02137,1023.3,43.9,11,0.639,23,0.0,0.891,0.109,0.0,Tablet,Basic,0.811,0.589
USR_01066,2356.6,69.8,20,0.957,33,0.771,0.026,0.134,0.069,Mobile,Standard,0.396,0.9
USR_04961,2699.3,79.2,16,0.932,34,0.325,0.054,0.174,0.447,SmartTV,Premium,0.657,0.897
USR_02622,296.2,11.1,5,0.368,26,0.127,0.168,0.705,0.0,Tablet,Basic,0.466,0.192
USR_00078,2706.7,66.3,19,0.886,40,0.738,0.043,0.085,0.134,SmartTV,Premium,0.438,0.812
USR_02899,582.1,20.3,1,0.397,28,0.377,0.112,0.41,0.101,Mobile,Free,0.136,0.037
USR_01315,661.3,35.7,9,0.897,18,0.149,0.586,0.191,0.074,Tablet,Premium,0.614,0.35
USR_04373,1273.6,27.8,20,0.742,45,0.29,0.231,0.263,0.216,Web,Premium,0.458,0.639
USR_00873,2945.9,61.4,19,0.952,47,0.876,0.07,0.054,0.0,SmartTV,Standard,0.387,0.873
USR_03851,1398.2,37.9,17,0.67,36,0.343,0.21,0.288,0.159,SmartTV,Standard,0.274,0.567
USR_04788,3663.0,99.0,16,0.934,36,0.249,0.084,0.156,0.511,SmartTV,Standard,0.412,0.902
USR_02966,388.0,17.8,4,0.353,21,0.275,0.142,0.583,0.0,Mobile,Basic,0.39,0.169
USR_03392,263.1,26.3,4,0.548,10,0.213,0.194,0.593,0.0,Tablet,Basic,0.423,0.447
USR_02561,363.0,11.0,1,0.324,32,0.134,0.148,0.652,0.066,Mobile,Free,0.306,0.211
USR_04897,2782.7,77.1,16,1.0,36,0.365,0.086,0.136,0.413,SmartTV,Standard,0.618,0.92
USR_02636,452.0,17.7,5,0.341,25,0.26,0.051,0.566,0.123,Mobile,Free,0.417,0.463
USR_03531,1600.5,45.8,17,0.56,34,0.201,0.269,0.238,0.292,Web,Basic,0.417,0.65
USR_00376,2124.9,68.4,22,0.836,31,0.826,0.054,0.12,0.0,SmartTV,Standard,0.371,0.879
USR_01909,993.6,44.8,3,0.616,22,0.109,0.824,0.067,0.0,SmartTV,Standard,0.564,0.424
USR_04333,1710.1,22.9,21,0.536,65,0.262,0.297,0.286,0.155,Web,Standard,0.262,0.489
USR_04380,1448.3,34.2,19,0.736,42,0.333,0.224,0.229,0.214,Mobile,Standard,0.47,0.43
USR_04028,2053.8,43.0,20,0.862,47,0.242,0.337,0.248,0.173,SmartTV,Premium,0.38,0.717
USR_01605,659.9,68.0,6,0.559,9,0.051,0.847,0.102,0.0,SmartTV,Free,0.647,0.397
USR_01119,2399.8,55.4,19,0.853,43,0.787,0.038,0.029,0.146,SmartTV,Standard,0.437,0.936
USR_03678,1730.5,52.6,20,0.759,32,0.308,0.278,0.22,0.194,Mobile,Premium,0.46,0.859
USR_03491,579.1,14.5,4,0.178,35,0.231,0.075,0.53,0.164,SmartTV,Basic,0.114,0.296
USR_04865,3024.0,89.0,17,0.979,33,0.337,0.148,0.165,0.35,SmartTV,Premium,0.47,0.953
USR_02959,354.7,20.8,5,0.411,17,0.252,0.058,0.677,0.013,SmartTV,Free,0.32,0.319
USR_01995,1121.0,37.3,7,0.554,30,0.171,0.629,0.109,0.091,SmartTV,Premium,0.607,0.43
USR_04956,3120.2,62.6,11,0.97,49,0.322,0.061,0.207,0.41,SmartTV,Basic,0.57,0.941
USR_04356,853.3,58.6,18,0.757,14,0.207,0.164,0.173,0.456,Mobile,Standard,0.528,0.453
USR_02377,462.7,16.5,5,0.548,28,0.0,0.11,0.431,0.459,Mobile,Standard,0.207,0.661
USR_01343,548.4,41.2,8,0.855,13,0.071,0.659,0.159,0.111,SmartTV,Premium,0.727,0.473
USR_00321,2897.7,48.2,18,0.885,60,0.858,0.066,0.021,0.055,SmartTV,Standard,0.356,0.844
USR_01620,300.0,55.4,6,0.696,5,0.0,0.791,0.155,0.054,Tablet,Premium,0.675,0.423
USR_03714,1744.1,35.6,17,0.75,48,0.202,0.236,0.252,0.31,SmartTV,Basic,0.55,0.77
USR_02061,1272.5,66.6,7,0.637,19,0.0,0.767,0.233,0.0,SmartTV,Premium,0.616,0.406
USR_02220,867.4,77.8,8,0.61,11,0.095,0.709,0.196,0.0,SmartTV,Basic,0.725,0.717
USR_01674,965.8,40.4,10,0.815,23,0.012,0.833,0.154,0.001,Tablet,Standard,0.708,0.541
USR_00261,2419.6,61.7,11,0.862,39,0.802,0.014,0.119,0.065,SmartTV,Basic,0.404,0.99
USR_04418,3715.8,89.7,10,0.916,41,0.097,0.068,0.152,0.683,Tablet,Premium,0.601,0.886
USR_02040,1013.8,68.6,9,0.565,14,0.052,0.743,0.04,0.165,Tablet,Premium,0.714,0.209
USR_00902,2935.7,52.6,20,0.942,55,0.758,0.078,0.165,-0.001,SmartTV,Premium,0.346,0.784
USR_03745,1726.2,33.7,18,0.795,51,0.285,0.199,0.236,0.28,Mobile,Basic,0.459,0.518
USR_02027,446.0,20.0,13,0.748,22,0.086,0.756,0.149,0.009,SmartTV,Standard,0.78,0.344
USR_01918,959.4,56.0,9,0.499,17,0.062,0.671,0.093,0.174,Mobile,Basic,0.6,0.203
USR_01829,761.4,29.5,9,0.641,25,0.109,0.653,0.225,0.013,Mobile,Premium,0.78,0.456
USR_01574,895.8,76.5,6,0.565,11,0.109,0.706,0.055,0.13,Mobile,Free,0.903,0.378
USR_04395,1772.8,43.2,19,0.792,41,0.303,0.231,0.25,0.216,SmartTV,Standard,0.521,0.618
USR_04209,1186.4,59.3,11,0.706,20,0.264,0.171,0.255,0.31,Web,Premium,0.396,0.67
USR_00225,2707.6,38.6,26,0.896,70,0.747,0.066,0.011,0.176,Tablet,Standard,0.453,0.768
USR_00724,1577.2,30.2,22,0.853,52,0.781,0.098,0.072,0.049,SmartTV,Standard,0.27,1.0
USR_04486,3777.8,59.5,16,0.977,60,0.213,0.131,0.163,0.493,Web,Premium,0.681,0.902
USR_01142,1918.3,53.8,25,0.98,35,0.798,0.086,0.116,0.0,Tablet,Premium,0.501,0.813
USR_02763,320.0,15.3,5,0.346,20,0.165,0.068,0.674,0.093,Mobile,Free,0.432,0.487
USR_00847,1955.2,81.9,23,0.871,23,0.8,0.118,0.082,0.0,Web,Free,0.448,0.771
USR_02552,293.3,10.2,11,0.269,28,0.063,0.046,0.711,0.18,Mobile,Free,0.135,0.157
USR_02929,342.9,17.7,1,0.362,19,0.22,0.199,0.452,0.129,Mobile,Free,0.447,0.0
USR_00118,2586.2,55.5,21,0.938,46,0.934,0.036,0.03,0.0,Console,Basic,0.413,1.0
USR_00646,2155.4,44.6,24,0.925,48,0.726,0.0,0.099,0.175,SmartTV,Premium,0.406,0.815
USR_00004,3233.5,64.9,17,0.893,49,0.604,0.007,0.11,0.279,SmartTV,Basic,0.479,0.864
USR_04171,1425.8,47.0,15,0.839,30,0.238,0.21,0.208,0.344,Console,Basic,0.416,0.676
USR_00468,2231.0,75.0,23,0.915,29,0.856,0.073,0.071,0.0,Mobile,Basic,0.384,0.869
USR_00006,2226.7,46.9,24,0.942,47,0.864,0.026,0.085,0.025,SmartTV,Basic,0.447,0.928
USR_00920,1916.2,39.6,20,0.907,48,0.774,0.07,0.047,0.109,Web,Basic,0.468,0.801
USR_02596,551.5,29.4,5,0.503,18,0.04,0.046,0.55,0.364,Tablet,Basic,0.229,0.606
USR_01064,1154.7,51.9,22,0.898,22,0.727,0.068,0.093,0.112,Mobile,Basic,0.412,0.865
USR_02591,319.6,23.1,7,0.321,13,0.192,0.1,0.655,0.053,Tablet,Basic,0.374,0.409
USR_00243,1780.1,48.2,26,1.0,36,0.637,0.0,0.194,0.169,Mobile,Standard,0.451,0.781
USR_01161,3103.0,90.3,23,0.84,34,0.808,0.049,0.144,-0.001,SmartTV,Standard,0.316,1.0
USR_02871,328.1,11.9,13,0.496,27,0.172,0.079,0.609,0.14,Mobile,Premium,0.459,0.42
USR_03736,600.0,36.8,20,0.755,16,0.243,0.14,0.245,0.372,Mobile,Standard,0.477,0.734
USR_02398,143.4,18.7,3,0.311,7,0.34,0.014,0.404,0.242,Tablet,Free,0.528,0.396
USR_03518,1651.4,46.6,14,0.682,35,0.257,0.201,0.224,0.318,SmartTV,Basic,0.301,0.685
USR_03422,449.6,31.5,7,0.452,14,0.167,0.156,0.537,0.14,Mobile,Free,0.342,0.374
USR_02564,644.0,13.1,6,0.536,35,0.117,0.088,0.625,0.17,Mobile,Standard,0.424,0.455
USR_01606,912.8,63.1,8,0.558,14,0.063,0.665,0.143,0.129,Tablet,Standard,0.813,0.402
USR_04829,3716.7,63.1,17,0.935,58,0.179,0.117,0.219,0.485,SmartTV,Standard,0.535,0.959
USR_02325,314.7,19.2,9,0.352,16,0.29,0.116,0.594,0.0,Mobile,Standard,0.365,0.295
USR_02710,280.6,23.3,2,0.561,12,0.195,0.083,0.589,0.133,Mobile,Basic,0.42,0.173
USR_04399,1112.8,47.1,24,0.793,23,0.349,0.267,0.23,0.154,Web,Standard,0.408,0.754
USR_01313,1270.1,69.6,5,0.692,18,0.097,0.746,0.157,0.0,Web,Premium,0.709,0.5
USR_03449,501.3,24.8,8,0.325,20,0.164,0.145,0.692,-0.001,SmartTV,Free,0.352,0.275
USR_03813,1549.2,42.8,15,0.673,36,0.26,0.259,0.313,0.168,Web,Standard,0.415,0.582
USR_04656,3042.8,114.0,15,0.943,26,0.315,0.013,0.191,0.481,Web,Standard,0.429,0.811
USR_02363,684.5,20.9,4,0.387,32,0.305,0.076,0.357,0.262,Mobile,Free,0.181,0.041
USR_01976,1303.3,52.5,5,0.661,24,0.08,0.717,0.145,0.058,SmartTV,Premium,0.597,0.333
USR_03515,1607.6,49.4,14,0.723,32,0.276,0.275,0.252,0.197,Tablet,Free,0.426,0.649
USR_01762,907.5,39.2,7,0.827,23,0.023,0.886,0.091,0.0,SmartTV,Standard,0.562,0.436
USR_02740,558.5,29.3,3,0.332,19,0.184,0.087,0.729,0.0,Mobile,Basic,0.286,0.242
USR_04845,3524.3,83.8,17,0.916,42,0.192,0.083,0.191,0.534,Mobile,Premium,0.59,0.99
USR_02473,396.1,6.4,1,0.576,35,0.146,0.219,0.635,0.0,Mobile,Free,0.538,0.202
USR_04008,1277.6,34.1,15,0.5,37,0.314,0.267,0.296,0.123,Web,Standard,0.57,0.831
USR_01494,1096.5,72.0,7,0.573,15,0.118,0.675,0.135,0.072,SmartTV,Premium,0.64,0.322
USR_04207,1963.9,56.6,18,0.729,34,0.283,0.273,0.289,0.155,SmartTV,Basic,0.399,0.426
USR_02159,1081.7,74.9,10,0.534,14,0.112,0.622,0.14,0.126,SmartTV,Standard,0.672,0.226
USR_01170,1808.6,60.9,23,0.857,29,0.751,0.031,0.138,0.08,SmartTV,Premium,0.346,0.918
USR_04517,3520.3,94.1,16,0.935,37,0.299,0.0,0.19,0.511,SmartTV,Free,0.469,0.876
USR_00233,2203.5,35.7,28,0.963,61,0.664,0.088,0.075,0.173,Web,Free,0.441,0.874
USR_00067,2164.0,60.9,17,0.923,35,0.758,0.045,0.136,0.061,Tablet,Standard,0.456,0.821
USR_01604,1119.3,60.3,10,0.711,18,0.072,0.643,0.117,0.168,Tablet,Standard,0.628,0.508
USR_03284,617.7,10.6,13,0.436,35,0.296,0.101,0.409,0.194,Tablet,Free,0.292,0.319
USR_03597,1680.4,33.7,16,0.717,49,0.291,0.262,0.293,0.154,Web,Standard,0.421,0.702
USR_00126,2613.6,54.7,25,0.963,47,0.83,0.06,0.034,0.076,SmartTV,Basic,0.335,0.826
USR_01297,1176.9,63.3,6,0.768,18,0.166,0.604,0.23,0.0,Tablet,Premium,0.625,0.318
USR_01977,763.2,25.3,8,0.778,30,0.12,0.694,0.091,0.095,SmartTV,Premium,0.754,0.497
USR_04518,2859.1,93.9,15,0.957,30,0.152,0.029,0.197,0.622,SmartTV,Premium,0.613,0.907
USR_04482,3213.2,59.7,15,0.937,53,0.319,0.102,0.13,0.449,SmartTV,Standard,0.635,0.839
USR_02076,1286.0,50.5,7,0.81,25,0.104,0.646,0.2,0.05,SmartTV,Premium,0.659,0.38
USR_03087,363.5,35.5,4,0.522,10,0.201,0.176,0.46,0.163,SmartTV,Premium,0.381,0.394
USR_04346,2055.3,58.7,23,0.807,35,0.226,0.235,0.362,0.177,SmartTV,Standard,0.446,0.551
USR_03346,216.2,24.1,4,0.576,8,0.144,0.208,0.539,0.109,Tablet,Basic,0.398,0.149
USR_04465,3341.4,82.1,11,0.989,40,0.154,0.011,0.165,0.67,Tablet,Premium,0.525,0.924
USR_02798,535.5,16.6,11,0.461,32,0.185,0.15,0.627,0.038,SmartTV,Basic,0.361,0.359
USR_00919,2289.3,60.4,24,0.88,37,0.801,0.027,0.172,0.0,Tablet,Standard,0.499,0.742
USR_01647,855.3,59.3,4,0.444,14,0.057,0.792,0.151,0.0,SmartTV,Standard,0.766,0.178
USR_00365,2840.5,38.5,28,0.93,73,0.868,0.041,0.091,0.0,SmartTV,Premium,0.305,0.808
USR_03288,724.6,19.4,5,0.511,35,0.227,0.149,0.543,0.081,Tablet,Standard,0.277,0.26
USR_02126,966.3,29.9,7,0.914,32,0.055,0.653,0.15,0.142,Tablet,Standard,0.633,0.325
USR_04124,1361.5,38.4,20,0.73,35,0.344,0.25,0.276,0.13,Tablet,Standard,0.488,0.484
USR_00526,2828.6,69.7,21,0.858,40,0.63,0.141,0.123,0.106,Tablet,Basic,0.381,0.956
USR_00056,1946.4,55.2,28,0.9,35,0.76,0.093,0.0,0.147,SmartTV,Premium,0.439,0.912
USR_00639,1949.4,43.9,18,0.911,44,0.734,0.053,0.145,0.068,Mobile,Standard,0.359,0.829
USR_00303,2720.7,32.4,20,0.906,83,0.797,0.077,0.111,0.015,Web,Standard,0.522,0.774
USR_02767,321.6,20.5,6,0.457,15,0.248,0.192,0.519,0.041,Mobile,Basic,0.471,0.377
USR_01277,573.7,53.6,7,0.57,10,0.088,0.67,0.241,0.001,Tablet,Basic,0.618,0.593
USR_02056,457.8,34.7,9,0.619,13,0.088,0.686,0.226,0.0,SmartTV,Basic,0.861,0.348
USR_03645,1256.9,44.1,17,0.835,28,0.248,0.304,0.235,0.213,SmartTV,Standard,0.304,0.526
USR_04144,1951.8,27.0,17,0.7,65,0.281,0.145,0.18,0.394,Web,Standard,0.36,0.623
USR_02879,316.9,22.1,7,0.407,14,0.172,0.066,0.476,0.286,Console,Basic,0.229,0.24
USR_04203,1617.8,42.7,16,0.729,37,0.282,0.313,0.252,0.153,Web,Standard,0.52,0.82
USR_02287,375.6,17.3,8,0.416,21,0.175,0.193,0.54,0.092,Mobile,Free,0.281,0.372
USR_02262,268.8,18.1,9,0.347,14,0.11,0.138,0.514,0.238,Mobile,Free,0.47,0.232
USR_02297,417.7,28.6,7,0.551,14,0.147,0.186,0.59,0.077,Mobile,Free,0.17,0.381
USR_01754,624.2,60.2,8,0.807,10,0.076,0.715,0.085,0.124,SmartTV,Standard,0.524,0.643
USR_01969,802.8,67.7,10,0.624,11,0.057,0.753,0.19,0.0,SmartTV,Basic,0.627,0.392
USR_04352,1438.6,33.2,15,0.816,43,0.197,0.168,0.314,0.321,Mobile,Basic,0.365,0.815
USR_03118,407.9,21.1,9,0.631,19,0.272,0.176,0.379,0.173,Tablet,Free,0.545,0.49
USR_02394,586.4,16.0,4,0.47,35,0.214,0.048,0.72,0.018,Mobile,Basic,0.275,0.439
USR_00524,2681.9,46.0,19,0.925,58,0.725,0.026,0.069,0.18,SmartTV,Basic,0.509,0.851
USR_03901,1370.1,46.2,17,0.676,29,0.42,0.17,0.268,0.142,Mobile,Standard,0.405,0.527
USR_03123,572.5,28.8,6,0.246,19,0.286,0.183,0.505,0.026,Tablet,Standard,0.207,0.447
USR_04157,1508.4,51.3,17,0.777,29,0.28,0.213,0.217,0.29,SmartTV,Premium,0.476,0.499
USR_01970,808.5,43.9,4,0.751,18,0.104,0.79,0.094,0.012,SmartTV,Basic,0.482,0.476
USR_00672,1627.8,44.5,16,0.867,36,0.769,0.064,0.085,0.082,Mobile,Standard,0.471,0.819
USR_04189,1588.9,39.7,15,0.702,40,0.219,0.106,0.222,0.453,Web,Basic,0.402,0.726
USR_00667,2607.4,36.7,25,0.847,70,0.781,0.056,0.036,0.127,Tablet,Premium,0.328,0.927
USR_04339,2013.5,41.3,14,0.781,48,0.28,0.273,0.257,0.19,Web,Standard,0.271,0.59
USR_01888,625.0,66.1,6,0.687,9,0.0,0.553,0.185,0.262,SmartTV,Basic,0.501,0.393
USR_03267,358.1,28.3,6,0.474,12,0.2,0.154,0.646,0.0,Web,Premium,0.1,0.463
USR_00281,2162.0,42.3,26,0.864,51,0.812,0.037,0.009,0.142,Mobile,Standard,0.442,0.697
USR_01720,968.7,34.0,12,0.835,28,0.049,0.823,0.128,0.0,Tablet,Standard,0.939,0.437
USR_02948,733.9,23.0,5,0.487,31,0.295,0.134,0.571,0.0,SmartTV,Free,0.363,0.42
USR_00900,1855.8,55.8,28,0.864,33,0.886,0.066,0.048,0.0,Console,Standard,0.568,0.929
USR_04851,3381.8,80.2,6,0.912,42,0.217,0.131,0.216,0.436,SmartTV,Free,0.481,0.91
USR_00761,1886.1,55.7,15,0.885,33,0.719,0.116,0.165,0.0,SmartTV,Standard,0.483,0.824
USR_01907,1071.7,29.6,5,0.653,36,0.143,0.682,0.175,0.0,Mobile,Standard,0.822,0.8
USR_04043,1534.9,48.0,10,0.501,31,0.296,0.27,0.164,0.27,Mobile,Premium,0.447,0.793
USR_03824,1328.3,36.0,19,0.755,36,0.308,0.13,0.242,0.32,Tablet,Premium,0.449,0.74
USR_04139,2222.8,33.0,9,0.677,65,0.207,0.268,0.241,0.284,Web,Standard,0.474,0.654
USR_03819,1714.5,40.3,18,0.784,42,0.262,0.183,0.15,0.405,SmartTV,Standard,0.469,0.659
USR_04301,1258.8,29.4,12,0.785,42,0.27,0.261,0.253,0.216,Web,Standard,0.277,0.607
USR_02594,554.5,16.1,5,0.37,34,0.152,0.179,0.451,0.218,SmartTV,Basic,0.304,0.364
USR_04165,789.6,27.1,19,0.739,29,0.357,0.224,0.213,0.206,Web,Free,0.428,0.772
USR_03032,454.1,13.2,5,0.339,34,0.182,0.045,0.418,0.355,Mobile,Free,0.457,0.35
USR_03580,1651.0,50.2,21,0.696,32,0.289,0.215,0.32,0.176,Tablet,Standard,0.387,0.809
USR_02833,786.8,12.7,10,0.412,35,0.155,0.136,0.633,0.076,Mobile,Premium,0.164,0.405
USR_03473,410.3,26.9,4,0.279,15,0.193,0.093,0.525,0.189,Mobile,Basic,0.248,0.355
USR_00138,2137.6,53.0,23,0.865,40,0.81,0.07,0.12,0.0,SmartTV,Standard,0.473,0.944
USR_02181,673.1,49.5,13,0.642,13,0.032,0.758,0.066,0.144,SmartTV,Basic,0.852,0.588
USR_02129,819.2,37.2,7,0.503,22,0.087,0.534,0.207,0.172,SmartTV,Standard,0.748,0.309
USR_03178,420.0,24.4,10,0.4,17,0.178,0.14,0.534,0.148,Mobile,Basic,0.29,0.371
USR_04368,1389.7,28.7,15,0.649,48,0.344,0.277,0.268,0.111,SmartTV,Standard,0.428,0.506
USR_04262,2671.4,39.5,14,0.822,65,0.244,0.209,0.34,0.207,Web,Free,0.37,0.796
USR_04345,1631.7,48.8,14,0.692,33,0.205,0.234,0.265,0.296,Mobile,Standard,0.498,0.625
USR_01332,698.8,35.8,6,0.674,19,0.109,0.787,0.083,0.021,Tablet,Basic,0.581,0.31
USR_02018,1119.5,70.3,6,0.57,15,0.018,0.879,0.078,0.025,SmartTV,Basic,0.677,0.303
USR_02483,501.7,18.7,4,0.449,26,0.29,0.125,0.531,0.054,Tablet,Standard,0.245,0.472
USR_01359,1214.3,38.3,10,0.777,31,0.108,0.781,0.103,0.008,SmartTV,Basic,0.866,0.425
USR_01330,854.1,35.9,6,0.822,23,0.041,0.732,0.093,0.134,SmartTV,Basic,0.649,0.414
USR_02151,939.2,39.5,3,0.569,23,0.111,0.768,0.122,-0.001,Console,Premium,0.762,0.533
USR_02123,1070.4,49.1,7,0.576,21,0.171,0.574,0.165,0.09,Web,Standard,0.718,0.559
USR_03982,1549.6,38.8,16,0.875,39,0.178,0.178,0.229,0.415,Tablet,Standard,0.402,0.735
USR_01253,1174.6,45.7,10,0.95,25,0.086,0.589,0.105,0.22,Tablet,Standard,0.743,0.227
USR_03279,416.3,18.2,6,0.554,22,0.034,0.137,0.488,0.341,Tablet,Free,0.26,0.187
USR_03375,268.1,12.2,7,0.357,22,0.171,0.109,0.502,0.218,Mobile,Basic,0.458,0.224
USR_02815,452.2,28.3,9,0.54,15,0.423,0.111,0.466,0.0,Mobile,Free,0.453,0.262
USR_01849,833.4,42.3,6,0.548,19,0.048,0.559,0.181,0.212,SmartTV,Premium,0.719,0.487
USR_03038,479.6,14.5,5,0.543,33,0.238,0.2,0.481,0.081,Mobile,Basic,0.553,0.183
USR_00389,1905.6,72.0,21,0.893,26,0.857,0.018,0.125,0.0,SmartTV,Standard,0.373,0.839
USR_00236,2417.1,67.9,31,0.833,35,0.656,0.072,0.136,0.136,Tablet,Standard,0.402,0.966
USR_01078,1591.8,41.7,15,0.879,38,0.823,0.079,0.098,0.0,SmartTV,Standard,0.458,0.848
USR_01985,845.2,67.4,12,0.681,12,0.042,0.801,0.125,0.032,Tablet,Basic,0.74,0.389
USR_04364,2166.4,45.9,24,0.778,47,0.293,0.2,0.197,0.31,Mobile,Basic,0.402,0.655
USR_03963,2356.3,35.3,20,0.948,65,0.269,0.212,0.278,0.241,SmartTV,Standard,0.374,0.811
USR_00771,2526.5,77.0,15,0.873,32,0.698,0.084,0.019,0.199,SmartTV,Standard,0.448,0.8
USR_02166,1001.7,56.8,9,0.734,17,0.075,0.733,0.191,0.001,SmartTV,Premium,0.754,0.35
USR_00674,2235.7,44.9,24,0.854,49,0.704,0.041,0.098,0.157,Console,Standard,0.527,0.695
USR_00250,3055.1,56.0,27,0.905,54,0.703,0.116,0.135,0.046,Console,Premium,0.385,0.812
USR_01575,1382.5,24.5,8,0.91,40,0.086,0.596,0.103,0.215,SmartTV,Standard,0.701,0.58
USR_03420,351.2,20.7,8,0.247,16,0.067,0.066,0.499,0.368,SmartTV,Free,0.494,0.258
USR_02082,1025.5,42.9,6,0.645,23,0.047,0.747,0.142,0.064,SmartTV,Standard,0.629,0.57
USR_01824,1168.5,60.1,9,0.524,19,0.109,0.751,0.124,0.016,Mobile,Standard,0.592,0.503
USR_00717,1911.4,55.4,19,0.969,34,0.714,0.004,0.0,0.282,SmartTV,Premium,0.418,0.805
USR_04669,3156.8,104.4,19,0.923,30,0.232,0.109,0.271,0.388,SmartTV,Premium,0.729,0.909
USR_02049,793.7,44.1,10,0.571,18,0.027,0.774,0.159,0.04,Tablet,Premium,0.603,0.289
USR_04179,1798.1,35.2,17,0.591,51,0.249,0.208,0.281,0.262,Mobile,Premium,0.446,0.56
USR_02725,298.6,12.7,3,0.339,23,0.282,0.154,0.387,0.177,Mobile,Basic,0.221,0.357
USR_04522,2945.5,111.9,17,0.931,26,0.091,0.089,0.239,0.581,SmartTV,Standard,0.736,0.91
USR_01461,992.3,37.1,9,0.678,26,0.071,0.829,0.1,0.0,SmartTV,Basic,0.739,0.328
USR_01669,798.7,40.1,5,0.762,19,0.08,0.699,0.065,0.156,Tablet,Free,0.676,0.105
USR_02757,278.2,24.4,4,0.241,11,0.315,0.12,0.565,0.0,Web,Basic,0.248,0.016
USR_02001,830.0,36.0,10,0.826,23,0.088,0.636,0.113,0.163,Console,Basic,0.617,0.303
USR_00405,2023.8,72.1,21,0.827,28,0.823,0.046,0.131,0.0,SmartTV,Standard,0.397,0.845
USR_00385,2353.0,59.7,19,0.891,39,0.821,0.068,0.049,0.062,SmartTV,Premium,0.437,0.967
USR_04536,2695.6,96.9,14,0.891,27,0.218,0.027,0.128,0.627,SmartTV,Premium,0.453,0.908
USR_02153,1057.7,27.3,11,0.549,38,0.119,0.732,0.129,0.02,SmartTV,Standard,0.653,0.343
USR_01634,1228.3,32.3,6,0.803,37,0.05,0.568,0.172,0.21,Tablet,Premium,0.625,0.635
USR_04587,2429.4,75.3,11,0.924,32,0.217,0.046,0.164,0.573,Console,Premium,0.614,0.882
USR_03926,1952.8,59.1,18,0.852,33,0.365,0.213,0.216,0.206,Mobile,Basic,0.354,0.7
USR_04159,1005.8,30.6,18,0.816,32,0.346,0.253,0.307,0.094,SmartTV,Premium,0.416,0.575
USR_00224,2102.9,60.9,19,0.751,34,0.879,0.041,0.057,0.023,Tablet,Premium,0.475,0.819
USR_02194,1148.5,56.9,8,0.819,20,0.12,0.775,0.039,0.066,SmartTV,Premium,0.671,0.353
USR_03137,519.2,16.5,3,0.197,31,0.228,0.111,0.442,0.219,Mobile,Free,0.358,0.428
USR_01825,978.5,30.9,6,0.649,31,0.201,0.632,0.133,0.034,SmartTV,Basic,0.626,0.48
USR_04601,3013.4,68.3,20,0.919,44,0.268,0.092,0.174,0.466,SmartTV,Premium,0.545,0.837
USR_00798,2170.5,58.4,25,0.844,37,0.702,0.085,0.098,0.115,SmartTV,Standard,0.486,0.778
USR_02872,356.2,12.4,3,0.469,28,0.236,0.153,0.607,0.004,Tablet,Basic,0.53,0.184
USR_00010,2252.6,58.6,23,0.88,38,0.759,0.003,0.079,0.159,Console,Standard,0.393,0.786
USR_01945,1338.4,29.3,13,0.87,40,0.087,0.555,0.137,0.221,SmartTV,Basic,0.641,0.267
USR_01839,1131.9,45.9,6,0.655,24,0.08,0.534,0.133,0.253,SmartTV,Premium,0.546,0.499
USR_00256,2542.3,64.1,24,0.819,39,0.758,0.058,0.093,0.091,SmartTV,Premium,0.447,0.965
USR_04509,3179.6,95.7,22,0.959,33,0.333,0.151,0.171,0.345,SmartTV,Standard,0.494,1.0
USR_01582,1079.3,41.8,8,0.687,25,0.064,0.736,0.201,-0.001,Mobile,Premium,0.678,0.418
USR_02957,278.9,9.8,11,0.366,28,0.405,0.06,0.332,0.203,Mobile,Free,0.505,0.191
USR_00925,2819.9,55.8,24,0.774,50,0.579,0.075,0.03,0.316,Console,Standard,0.403,0.826
USR_04430,3045.9,89.3,13,0.955,34,0.219,0.086,0.228,0.467,Mobile,Standard,0.523,0.949
USR_02509,548.1,19.7,8,0.656,27,0.2,0.277,0.522,0.001,Mobile,Basic,0.464,0.208
USR_03776,1477.2,56.4,19,0.783,26,0.331,0.259,0.312,0.098,SmartTV,Basic,0.453,0.675
USR_04137,1725.9,54.0,20,0.709,31,0.366,0.296,0.161,0.177,SmartTV,Basic,0.403,0.584
USR_02780,604.1,10.1,3,0.556,35,0.352,0.123,0.525,0.0,Mobile,Standard,0.443,0.311
USR_00540,1928.8,50.2,19,0.874,38,0.835,0.059,0.089,0.017,SmartTV,Standard,0.425,0.802
USR_02746,366.0,20.4,4,0.178,17,0.124,0.106,0.497,0.273,Web,Free,0.321,0.243
USR_04499,3234.7,73.2,13,0.935,44,0.248,0.047,0.221,0.484,SmartTV,Premium,0.573,0.929
USR_04572,2962.0,83.1,16,0.964,35,0.249,0.037,0.156,0.558,Web,Standard,0.406,0.956
USR_01146,2442.6,45.3,21,0.832,53,0.809,0.081,0.111,-0.001,SmartTV,Premium,0.519,0.688
USR_00668,2579.5,56.7,15,0.864,45,0.741,0.132,0.128,-0.001,Mobile,Basic,0.543,0.898
USR_03020,116.2,14.6,1,0.392,7,0.337,0.066,0.288,0.309,Web,Basic,0.53,0.229
USR_00358,2176.1,45.6,18,0.774,47,0.822,0.0,0.039,0.139,SmartTV,Premium,0.254,0.843
USR_02832,628.7,20.9,4,0.377,30,0.257,0.175,0.328,0.24,Mobile,Basic,0.425,0.231
USR_02784,719.4,8.0,11,0.283,35,0.24,0.023,0.38,0.357,Web,Basic,0.458,0.454
USR_01354,880.3,43.1,5,0.865,20,0.195,0.713,0.092,0.0,SmartTV,Standard,0.828,0.246
USR_00471,2755.5,66.6,23,0.797,41,0.762,0.102,0.097,0.039,Console,Standard,0.46,0.825
USR_02704,183.7,18.8,8,0.379,9,0.313,0.207,0.481,-0.001,Web,Standard,0.415,0.459
USR_03331,457.8,27.6,6,0.47,16,0.244,0.055,0.302,0.399,Tablet,Standard,0.354,0.088
USR_03638,2182.4,49.0,22,0.736,44,0.32,0.226,0.237,0.217,SmartTV,Basic,0.325,0.512
USR_01397,1240.7,45.9,8,0.514,27,0.12,0.72,0.16,0.0,SmartTV,Basic,0.599,0.327
USR_03585,1317.2,47.9,19,0.814,27,0.355,0.168,0.215,0.262,Mobile,Basic,0.482,0.668
USR_04487,3964.6,93.1,14,0.952,42,0.231,0.081,0.123,0.565,SmartTV,Standard,0.542,0.988
USR_03377,336.4,19.0,6,0.424,17,0.293,0.105,0.602,0.0,Mobile,Free,0.1,0.467
USR_01257,889.9,58.7,7,0.684,15,0.056,0.702,0.22,0.022,SmartTV,Basic,0.689,0.436
USR_03513,1826.4,42.7,19,0.758,42,0.328,0.171,0.286,0.215,Mobile,Basic,0.415,0.433
USR_01251,991.7,68.4,6,0.692,14,0.114,0.57,0.316,0.0,SmartTV,Premium,0.683,0.437
USR_04808,3151.3,85.5,10,0.97,36,0.191,0.055,0.181,0.573,SmartTV,Premium,0.515,0.905
USR_04299,1448.5,45.0,22,0.714,32,0.359,0.276,0.215,0.15,Mobile,Standard,0.3,0.67
USR_03285,351.0,29.5,4,0.293,11,0.285,0.176,0.523,0.016,Mobile,Standard,0.278,0.015
USR_02934,191.6,28.9,9,0.381,6,0.216,0.119,0.665,0.0,Tablet,Basic,0.45,0.179
USR_04176,1161.1,43.9,17,0.791,26,0.3,0.2,0.182,0.318,Tablet,Premium,0.415,0.441
USR_01853,1146.0,44.0,8,0.613,26,0.013,0.647,0.055,0.285,SmartTV,Basic,0.747,0.121
USR_04870,3963.7,71.3,18,0.939,55,0.401,0.057,0.117,0.425,SmartTV,Premium,0.504,1.0
USR_02106,805.2,38.2,7,0.641,21,0.044,0.721,0.107,0.128,SmartTV,Standard,0.69,0.242
USR_00134,2483.1,38.8,18,0.952,63,0.721,0.018,0.127,0.134,SmartTV,Free,0.515,0.908
USR_00929,2470.8,66.7,13,0.868,37,0.729,0.032,0.119,0.12,SmartTV,Free,0.51,0.839
USR_00824,3021.1,61.1,22,0.912,49,0.769,0.059,0.145,0.027,SmartTV,Standard,0.608,0.738
USR_04544,2585.7,89.2,11,0.949,29,0.23,0.142,0.252,0.376,Console,Free,0.396,0.999
USR_01532,764.6,32.6,9,0.607,23,0.041,0.771,0.078,0.11,SmartTV,Premium,0.534,0.627
USR_01215,2649.4,47.6,22,0.913,55,0.678,0.111,0.172,0.039,Web,Basic,0.362,0.865
USR_00505,1720.5,52.4,21,0.912,32,0.8,0.012,0.154,0.034,Tablet,Basic,0.437,0.866
USR_04286,1508.4,45.8,16,0.743,32,0.257,0.255,0.334,0.154,SmartTV,Free,0.335,0.701
USR_01997,1328.0,34.8,12,0.655,38,0.151,0.694,0.155,0.0,SmartTV,Standard,0.677,0.356
USR_03073,470.8,10.0,3,0.251,35,0.24,0.187,0.558,0.015,Mobile,Basic,0.405,0.325
USR_01959,1425.3,47.8,6,0.83,29,0.134,0.766,0.1,0.0,Mobile,Free,0.651,0.457
USR_01385,1407.2,79.3,7,0.591,17,0.0,0.893,0.107,0.0,SmartTV,Standard,0.794,0.331
USR_00895,1962.5,56.0,27,0.776,35,0.708,0.038,0.081,0.173,Tablet,Basic,0.479,0.836
USR_00456,2220.1,53.2,16,0.909,41,0.605,0.0,0.137,0.258,SmartTV,Standard,0.461,0.845
USR_04880,3554.5,91.1,23,0.949,39,0.186,0.083,0.173,0.558,SmartTV,Premium,0.811,0.97
USR_03710,1792.3,50.4,15,0.662,35,0.263,0.111,0.248,0.378,SmartTV,Standard,0.341,0.689
USR_04619,2756.7,80.5,15,1.0,34,0.187,0.103,0.108,0.602,Mobile,Premium,0.584,0.872
USR_04269,2071.7,50.6,16,0.762,40,0.19,0.181,0.333,0.296,Web,Standard,0.296,0.651
USR_03523,1121.0,31.2,19,0.785,35,0.38,0.169,0.315,0.136,Console,Standard,0.226,0.652
USR_04135,810.0,39.6,19,0.662,20,0.294,0.227,0.263,0.216,Mobile,Basic,0.471,0.64
USR_03603,1951.2,41.1,13,0.701,47,0.291,0.115,0.182,0.412,Tablet,Premium,0.578,0.708
USR_00714,2382.0,64.5,27,0.943,36,0.822,0.06,0.051,0.067,Web,Basic,0.479,0.984
USR_04187,1714.8,44.8,13,0.778,38,0.224,0.164,0.214,0.398,Tablet,Premium,0.473,0.458
USR_02215,1118.6,47.8,11,0.541,23,0.051,0.711,0.095,0.143,SmartTV,Standard,0.681,0.458
USR_02924,390.8,16.7,9,0.264,23,0.317,0.008,0.536,0.139,Mobile,Free,0.31,0.073
USR_01811,1076.0,49.2,10,0.654,21,0.1,0.802,0.098,0.0,SmartTV,Standard,0.704,0.193
USR_03487,412.0,27.1,7,0.342,15,0.085,0.122,0.548,0.245,Mobile,Free,0.341,0.571
USR_03142,512.5,15.8,6,0.607,32,0.21,0.158,0.526,0.106,Mobile,Basic,0.337,0.265
USR_01828,1213.3,43.4,8,0.666,27,0.113,0.728,0.159,0.0,Web,Basic,0.427,0.435
USR_01156,2208.3,60.4,26,0.896,36,0.8,0.083,0.118,-0.001,Mobile,Basic,0.367,0.864
USR_01325,1056.7,38.8,8,0.802,27,0.036,0.629,0.067,0.268,Web,Standard,0.563,0.491
USR_04313,1748.8,36.6,13,0.779,47,0.234,0.208,0.304,0.254,SmartTV,Standard,0.38,0.597
USR_00511,1991.1,75.2,25,0.881,26,0.902,0.0,0.033,0.065,SmartTV,Premium,0.246,0.794
USR_01681,730.2,21.1,8,0.867,34,0.104,0.759,0.136,0.001,Tablet,Standard,0.665,0.235
USR_00500,3310.2,58.3,23,0.951,56,0.706,0.104,0.073,0.117,Mobile,Standard,0.313,0.908
USR_04537,2435.6,79.3,14,0.903,30,0.293,0.051,0.164,0.492,SmartTV,Premium,0.528,0.919
USR_01857,756.3,34.1,8,0.685,22,0.119,0.759,0.122,0.0,Console,Basic,0.626,0.401
USR_01389,1156.9,59.2,8,0.92,19,0.058,0.63,0.165,0.147,Mobile,Standard,0.613,0.479
USR_03720,2024.3,35.6,11,0.833,56,0.329,0.351,0.224,0.096,Tablet,Premium,0.34,0.446
USR_02387,433.5,13.1,4,0.456,32,0.239,0.095,0.49,0.176,Mobile,Premium,0.176,0.51
USR_03237,682.1,5.0,8,0.336,35,0.24,0.205,0.552,0.003,Mobile,Standard,0.522,0.226
USR_01541,1091.5,61.5,8,0.802,17,0.065,0.62,0.136,0.179,SmartTV,Basic,0.701,0.276
USR_01218,2416.5,36.1,17,0.951,66,0.899,0.028,0.074,-0.001,Tablet,Premium,0.326,0.705
USR_02682,483.8,16.4,7,0.309,29,0.024,0.162,0.538,0.276,Mobile,Free,0.277,0.079
USR_02994,233.8,18.6,7,0.503,12,0.132,0.107,0.577,0.184,Mobile,Basic,0.318,0.444
USR_01192,2187.3,58.8,15,0.926,37,0.68,0.122,0.098,0.1,SmartTV,Premium,0.32,0.759
USR_01543,939.6,32.1,6,0.623,29,0.087,0.822,0.091,0.0,Mobile,Standard,0.577,0.407
USR_03302,193.0,22.6,6,0.365,8,0.132,0.14,0.424,0.304,Mobile,Basic,0.495,0.487
USR_03325,332.9,13.5,8,0.451,24,0.389,0.068,0.463,0.08,Mobile,Free,0.485,0.108
USR_02540,592.5,21.2,1,0.286,27,0.224,0.105,0.484,0.187,Mobile,Basic,0.232,0.089
USR_00954,2241.4,66.9,23,0.935,33,0.752,0.034,0.046,0.168,SmartTV,Premium,0.449,0.767
USR_04331,1240.4,43.5,15,0.737,28,0.383,0.263,0.261,0.093,Tablet,Basic,0.563,0.641
USR_00733,2218.1,55.0,22,0.78,40,0.839,0.068,0.093,0.0,Web,Standard,0.469,0.907
USR_01157,2548.9,75.1,16,0.909,33,0.797,0.079,0.124,0.0,Mobile,Basic,0.467,0.954
USR_03295,590.5,17.9,9,0.15,32,0.025,0.102,0.576,0.297,Tablet,Free,0.283,0.388
USR_02983,302.7,23.4,4,0.15,12,0.175,0.103,0.501,0.221,Mobile,Basic,0.326,0.203
USR_02157,1096.3,46.1,8,0.783,23,0.03,0.746,0.182,0.042,SmartTV,Standard,0.834,0.654
USR_01063,2897.0,53.5,24,0.857,54,0.697,0.049,0.096,0.158,Mobile,Standard,0.287,0.919
USR_02617,463.5,10.8,4,0.155,35,0.268,0.079,0.399,0.254,Mobile,Basic,0.195,0.237
USR_01168,2587.9,69.0,21,0.917,37,0.854,0.0,0.079,0.067,Console,Basic,0.496,0.872
USR_03223,484.5,7.0,12,0.244,35,0.34,0.149,0.511,0.0,SmartTV,Basic,0.313,0.691
USR_03637,2263.7,41.9,11,0.835,54,0.354,0.281,0.229,0.136,SmartTV,Basic,0.376,0.667
USR_02939,535.7,11.1,5,0.629,35,0.249,0.03,0.367,0.354,Tablet,Basic,0.457,0.405
USR_04492,3928.4,89.0,11,0.991,44,0.307,0.054,0.197,0.442,SmartTV,Premium,0.761,0.896
USR_03141,218.6,15.6,5,0.386,14,0.241,0.031,0.394,0.334,Mobile,Premium,0.486,0.0
USR_00144,2943.8,64.3,19,0.831,45,0.78,0.053,0.077,0.09,Web,Standard,0.476,0.926
USR_03578,1064.1,44.8,17,0.85,23,0.245,0.284,0.261,0.21,SmartTV,Basic,0.41,0.762
USR_02783,467.5,22.4,7,0.286,20,0.244,0.171,0.44,0.145,Mobile,Free,0.386,0.217
USR_00718,1757.0,69.3,24,0.878,25,0.861,0.083,0.056,0.0,Console,Basic,0.337,0.915
USR_01820,1161.0,54.7,9,0.628,21,0.107,0.682,0.147,0.064,SmartTV,Standard,0.697,0.378
USR_02503,394.5,6.0,4,0.527,35,0.102,0.056,0.484,0.358,Web,Free,0.263,0.296
USR_04361,1588.8,39.7,14,0.823,40,0.253,0.293,0.262,0.192,SmartTV,Premium,0.527,0.626
USR_04172,1932.2,43.2,18,0.694,44,0.263,0.15,0.32,0.267,SmartTV,Basic,0.392,0.847
USR_00396,1573.6,51.4,21,0.939,30,0.716,0.0,0.092,0.192,Console,Standard,0.381,0.773
USR_04837,2877.1,63.8,18,0.988,45,0.295,0.074,0.075,0.556,SmartTV,Premium,0.443,0.885
USR_04493,2803.4,94.2,17,0.954,29,0.369,0.043,0.171,0.417,SmartTV,Premium,0.599,0.876
USR_01366,724.4,42.0,13,0.632,17,0.04,0.644,0.203,0.113,SmartTV,Premium,0.515,0.328
USR_04559,2394.4,90.7,10,0.98,26,0.16,0.068,0.146,0.626,Web,Standard,0.664,0.95
USR_00596,2714.5,52.1,27,0.91,52,0.819,0.012,0.134,0.035,SmartTV,Standard,0.346,0.759
USR_03953,1462.9,43.1,19,0.638,33,0.356,0.241,0.207,0.196,SmartTV,Basic,0.369,0.829
USR_02915,296.3,17.3,7,0.275,17,0.178,0.126,0.667,0.029,Mobile,Free,0.1,0.392
USR_02327,598.5,27.5,5,0.425,21,0.262,0.104,0.577,0.057,Mobile,Standard,0.34,0.452
USR_03767,2158.6,44.2,13,0.686,48,0.255,0.23,0.246,0.269,SmartTV,Free,0.445,0.77
USR_03441,632.9,17.9,5,0.448,35,0.203,0.058,0.553,0.186,SmartTV,Basic,0.162,0.321
USR_03852,1976.6,45.0,19,0.683,43,0.301,0.141,0.204,0.354,SmartTV,Standard,0.454,0.654
USR_04133,2586.2,47.6,17,0.72,54,0.327,0.199,0.231,0.243,Tablet,Free,0.531,0.593
USR_04592,2648.3,98.1,17,0.955,27,0.221,0.106,0.29,0.383,SmartTV,Premium,0.588,1.0
USR_02144,854.5,40.4,9,0.588,21,0.146,0.64,0.161,0.053,SmartTV,Premium,0.661,0.298
USR_01572,1491.0,41.6,10,0.546,35,0.0,0.679,0.056,0.265,Mobile,Standard,0.828,0.638
USR_04080,1081.5,46.7,14,0.616,23,0.324,0.144,0.211,0.321,Web,Standard,0.525,0.67
USR_01123,2432.1,53.7,26,0.801,45,0.575,0.051,0.123,0.251,SmartTV,Standard,0.432,0.949
USR_02787,115.6,23.5,5,0.378,4,0.159,0.174,0.587,0.08,Tablet,Premium,0.213,0.325
USR_02968,257.6,9.7,7,0.424,26,0.345,0.133,0.44,0.082,SmartTV,Free,0.124,0.421
USR_02505,214.0,18.5,4,0.387,11,0.379,0.047,0.553,0.021,Mobile,Standard,0.245,0.254
USR_03466,512.4,16.4,5,0.36,31,0.084,0.138,0.604,0.174,Tablet,Free,0.332,0.0
USR_00676,2125.0,48.7,27,0.687,43,0.816,0.061,0.016,0.107,SmartTV,Standard,0.445,0.888
USR_02809,526.0,14.9,6,0.416,35,0.215,0.105,0.545,0.135,Tablet,Free,0.194,0.422
USR_03349,532.7,9.4,6,0.48,35,0.268,0.131,0.538,0.063,Mobile,Basic,0.351,0.32
USR_00729,2678.3,72.5,26,0.795,36,0.775,0.089,0.137,-0.001,SmartTV,Premium,0.331,0.797
USR_00413,2105.7,55.3,21,0.785,38,0.695,0.038,0.0,0.267,SmartTV,Premium,0.424,0.83
USR_03147,292.9,20.3,12,0.459,14,0.196,0.152,0.586,0.066,Mobile,Standard,0.42,0.506
USR_01517,1125.9,61.9,8,0.95,18,0.121,0.696,0.091,0.092,SmartTV,Standard,0.583,0.46
USR_00826,2006.6,41.0,20,0.946,48,0.811,0.084,0.105,0.0,Web,Basic,0.462,0.786
USR_03268,652.1,21.0,4,0.282,31,0.352,0.057,0.591,0.0,Mobile,Basic,0.397,0.607
USR_03975,1258.6,45.6,17,0.594,27,0.292,0.193,0.267,0.248,Web,Premium,0.323,0.505
USR_00617,1849.6,72.1,28,0.933,25,0.711,0.048,0.107,0.134,Mobile,Standard,0.364,0.985
USR_00115,2129.4,58.8,15,0.906,36,0.778,0.082,0.111,0.029,Console,Premium,0.529,0.86
USR_00418,2160.3,44.2,18,0.945,48,0.788,0.072,0.14,0.0,Tablet,Premium,0.35,0.878
USR_03070,367.0,28.2,9,0.347,12,0.116,0.127,0.456,0.301,Mobile,Free,0.54,0.263
USR_01626,1038.4,49.2,10,0.602,21,0.163,0.581,0.256,0.0,SmartTV,Basic,0.78,0.409
USR_04951,3318.4,54.5,17,0.95,60,0.27,0.145,0.222,0.363,Web,Premium,0.527,0.85
USR_04186,1456.6,40.7,16,0.598,35,0.327,0.185,0.274,0.214,SmartTV,Premium,0.339,0.59
USR_02897,432.5,31.1,7,0.368,13,0.279,0.137,0.584,0.0,Tablet,Free,0.186,0.178
USR_04672,2637.4,48.7,21,0.93,54,0.236,0.117,0.094,0.553,SmartTV,Premium,0.406,0.888
USR_02083,1089.5,58.7,12,0.764,18,0.051,0.759,0.178,0.012,Console,Basic,0.581,0.386
USR_00754,2840.0,51.8,16,0.961,54,0.784,0.047,0.168,0.001,Web,Standard,0.427,0.82
USR_02547,280.5,19.2,8,0.42,14,0.339,0.122,0.52,0.019,Web,Free,0.43,0.483
USR_03970,791.1,48.1,23,0.692,16,0.273,0.215,0.262,0.25,Mobile,Standard,0.469,0.846
USR_03374,485.2,8.5,4,0.478,35,0.32,0.093,0.587,0.0,SmartTV,Basic,0.444,0.335
USR_04108,1628.0,43.4,16,0.782,37,0.284,0.221,0.299,0.196,SmartTV,Premium,0.274,0.862
USR_02445,400.4,10.9,4,0.266,35,0.172,0.076,0.353,0.399,SmartTV,Basic,0.532,0.332
USR_04381,1519.5,45.9,8,0.739,33,0.259,0.227,0.155,0.359,Web,Standard,0.635,0.654
USR_01067,2193.2,42.2,19,0.846,51,0.776,0.005,0.116,0.103,Tablet,Premium,0.529,0.872
USR_03914,1595.9,36.2,15,0.718,44,0.18,0.274,0.249,0.297,SmartTV,Premium,0.418,0.76
USR_03499,257.8,18.1,8,0.432,14,0.191,0.195,0.578,0.036,Mobile,Basic,0.336,0.185
USR_02739,535.1,12.0,7,0.596,35,0.169,0.027,0.552,0.252,SmartTV,Basic,0.207,0.177
USR_04001,1678.4,59.0,22,0.774,28,0.279,0.257,0.268,0.196,Tablet,Standard,0.528,0.634
USR_01569,1268.5,34.7,4,0.695,36,0.089,0.699,0.211,0.001,SmartTV,Premium,0.507,0.523
USR_02428,698.4,21.2,15,0.46,32,0.239,0.0,0.567,0.194,Mobile,Free,0.37,0.239
USR_03747,600.0,27.7,11,0.624,21,0.393,0.155,0.197,0.255,Mobile,Premium,0.317,0.95
USR_04640,2951.9,55.5,19,0.996,53,0.117,0.15,0.277,0.456,Web,Standard,0.25,0.811
USR_01688,861.3,37.4,12,0.675,23,0.044,0.817,0.14,-0.001,SmartTV,Standard,0.645,0.443
USR_00852,2123.6,74.2,25,0.871,28,0.617,0.059,0.105,0.219,Web,Standard,0.513,0.977
USR_03547,1661.8,49.5,18,0.82,33,0.158,0.264,0.283,0.295,Web,Standard,0.386,0.601
USR_00896,2587.1,64.3,19,0.927,40,0.785,0.102,0.09,0.023,Console,Standard,0.45,0.847
USR_04593,3353.6,87.9,12,0.948,38,0.22,0.084,0.163,0.533,SmartTV,Premium,0.577,0.942
USR_00336,2327.8,65.6,17,0.963,35,0.756,0.082,0.162,0.0,SmartTV,Standard,0.331,0.847
USR_02840,183.4,17.8,7,0.629,10,0.145,0.088,0.509,0.258,SmartTV,Free,0.233,0.447
USR_03088,311.7,34.5,7,0.393,9,0.164,0.126,0.386,0.324,Tablet,Basic,0.564,0.365
USR_01349,513.5,45.4,9,0.717,11,0.153,0.681,0.166,0.0,Tablet,Basic,0.759,0.701
USR_01016,2737.0,52.7,14,0.882,51,0.786,0.086,0.065,0.063,Console,Premium,0.385,0.732
USR_02817,287.3,20.0,1,0.15,14,0.201,0.087,0.631,0.081,Mobile,Standard,0.369,0.548
USR_01632,1155.7,36.3,7,0.795,31,0.087,0.749,0.164,0.0,SmartTV,Standard,0.7,0.501
USR_02490,541.8,15.3,4,0.492,35,0.188,0.245,0.566,0.001,Tablet,Free,0.353,0.423
USR_03731,1740.1,40.5,21,0.633,42,0.276,0.211,0.196,0.317,SmartTV,Basic,0.479,0.639
USR_03252,280.4,10.8,3,0.457,26,0.157,0.169,0.437,0.237,Mobile,Free,0.379,0.349
USR_04635,3066.7,80.6,14,0.967,38,0.351,0.088,0.215,0.346,Tablet,Premium,0.331,0.926
USR_02071,673.0,72.9,5,0.608,9,0.117,0.823,0.056,0.004,SmartTV,Premium,0.571,0.453
USR_04453,3757.3,89.7,14,0.872,41,0.19,0.094,0.201,0.515,SmartTV,Basic,0.584,0.853
USR_04883,2764.9,82.2,12,0.978,33,0.187,0.009,0.145,0.659,SmartTV,Premium,0.568,0.857
USR_01636,915.1,38.0,9,0.583,24,0.076,0.761,0.163,0.0,Mobile,Free,0.612,0.564
USR_02480,206.5,22.1,1,0.505,9,0.218,0.118,0.283,0.381,Mobile,Free,0.529,0.327
USR_02266,258.0,19.9,6,0.473,12,0.2,0.091,0.43,0.279,Mobile,Free,0.18,0.132
USR_02960,413.3,21.9,6,0.414,18,0.336,0.0,0.657,0.007,Tablet,Basic,0.46,0.025
USR_04732,4276.1,57.5,10,0.937,60,0.202,0.049,0.168,0.581,SmartTV,Premium,0.505,0.852
USR_03060,203.8,14.9,1,0.413,13,0.229,0.213,0.558,0.0,Mobile,Free,0.244,0.226
USR_02142,954.9,20.0,10,0.879,40,0.027,0.626,0.166,0.181,SmartTV,Basic,0.827,0.42
USR_03119,507.2,26.8,5,0.33,18,0.181,0.174,0.309,0.336,Mobile,Basic,0.1,0.434
USR_04726,3174.5,88.6,15,1.0,35,0.29,0.088,0.136,0.486,SmartTV,Standard,0.516,0.996
USR_04046,919.8,34.4,14,0.713,26,0.182,0.293,0.385,0.14,SmartTV,Basic,0.369,0.573
USR_03357,619.8,12.7,1,0.532,35,0.155,0.025,0.468,0.352,Tablet,Free,0.289,0.498
USR_02745,563.6,16.4,3,0.507,34,0.25,0.101,0.48,0.169,Mobile,Free,0.24,0.409
USR_03507,1741.2,38.3,18,0.825,45,0.304,0.112,0.295,0.289,SmartTV,Standard,0.473,0.605
USR_01680,1099.2,65.4,5,0.644,16,0.095,0.782,0.123,0.0,Mobile,Standard,0.672,0.502
USR_04250,1459.8,60.7,19,0.761,24,0.319,0.269,0.227,0.185,Mobile,Free,0.45,0.776
USR_03148,477.9,27.1,9,0.531,17,0.24,0.219,0.541,0.0,Mobile,Basic,0.248,0.337
USR_02295,315.3,21.7,6,0.274,14,0.064,0.233,0.386,0.317,Mobile,Free,0.413,0.527
USR_00581,2535.9,48.4,29,0.882,52,0.708,0.014,0.154,0.124,Mobile,Free,0.374,0.854
USR_01471,1101.5,27.3,7,0.894,40,0.136,0.566,0.137,0.161,SmartTV,Standard,0.716,0.329
USR_04071,1923.3,41.9,20,0.734,45,0.317,0.152,0.249,0.282,Web,Standard,0.504,0.819
USR_03344,532.6,14.6,5,0.375,35,0.2,0.196,0.371,0.233,Tablet,Free,0.155,0.318
USR_04584,4486.6,87.9,21,0.957,51,0.301,0.094,0.176,0.429,SmartTV,Premium,0.508,0.89
USR_03673,1353.2,54.5,25,0.728,24,0.352,0.147,0.208,0.293,Web,Standard,0.309,0.699
USR_00560,1095.2,61.1,21,0.955,17,0.817,0.051,0.055,0.077,Console,Basic,0.484,0.7
USR_02850,457.3,19.5,8,0.333,23,0.337,0.026,0.62,0.017,Web,Free,0.409,0.187
USR_00513,2640.5,56.1,18,0.88,47,0.642,0.106,0.09,0.162,Web,Standard,0.509,0.808
USR_01082,1488.0,55.4,19,0.878,26,0.734,0.048,0.142,0.076,Console,Premium,0.435,0.899
USR_01665,1048.2,47.7,9,0.552,21,0.134,0.749,0.117,0.0,SmartTV,Premium,0.922,0.372
USR_01013,1662.8,51.9,26,0.85,32,0.734,0.095,0.153,0.018,Mobile,Standard,0.413,0.905
USR_01932,836.3,55.7,8,0.671,15,0.001,0.638,0.176,0.185,SmartTV,Standard,0.612,0.565
USR_01151,2227.7,60.2,21,0.884,36,0.698,0.1,0.042,0.16,Console,Standard,0.331,0.879
USR_02839,570.1,22.5,5,0.369,25,0.286,0.124,0.59,0.0,Tablet,Standard,0.1,0.315
USR_00117,2267.3,70.0,19,0.897,32,0.705,0.146,0.041,0.108,SmartTV,Basic,0.445,0.901
USR_00741,2139.5,44.2,20,0.894,48,0.831,0.094,0.075,0.0,Web,Free,0.443,0.927
USR_04807,2166.2,88.0,14,0.954,24,0.086,0.148,0.186,0.58,Mobile,Premium,0.683,0.85
USR_03676,1307.3,41.3,18,0.744,31,0.267,0.182,0.328,0.223,Tablet,Standard,0.349,0.538
USR_00831,2857.0,57.2,22,0.927,49,0.746,0.123,0.061,0.07,SmartTV,Premium,0.473,0.965
USR_00120,1943.4,55.4,18,0.894,35,0.64,0.073,0.142,0.145,SmartTV,Premium,0.261,0.88
USR_04854,3021.1,93.1,19,0.924,32,0.197,0.026,0.205,0.572,Tablet,Basic,0.563,0.84
USR_04739,3099.0,77.0,15,0.97,40,0.314,0.044,0.159,0.483,SmartTV,Standard,0.697,0.902
USR_00636,2269.3,72.2,23,0.762,31,0.806,0.1,0.094,0.0,Web,Premium,0.56,0.919
USR_04466,2485.7,81.7,17,0.897,30,0.22,0.052,0.129,0.599,SmartTV,Standard,0.484,0.892
USR_04365,2090.4,39.4,9,0.868,53,0.227,0.196,0.303,0.274,Console,Standard,0.333,0.414
USR_04143,1200.6,47.4,20,0.796,25,0.168,0.276,0.271,0.285,Tablet,Basic,0.472,0.87
USR_00992,2019.4,45.2,26,0.953,44,0.823,0.077,0.1,0.0,SmartTV,Premium,0.38,0.774
USR_00877,2037.1,75.1,20,0.801,27,0.8,0.041,0.058,0.101,Mobile,Standard,0.332,1.0
USR_00005,2348.0,51.4,16,0.837,45,0.739,0.102,0.117,0.042,SmartTV,Premium,0.279,0.876
USR_03052,304.5,24.5,2,0.199,12,0.218,0.136,0.646,0.0,Mobile,Standard,0.184,0.28
USR_03125,243.7,7.3,9,0.375,33,0.266,0.091,0.392,0.251,SmartTV,Basic,0.428,0.349
USR_02661,537.7,8.4,9,0.308,35,0.287,0.121,0.55,0.042,Mobile,Free,0.279,0.353
USR_02492,421.4,31.1,11,0.557,13,0.31,0.17,0.515,0.005,Mobile,Basic,0.262,0.297
USR_03855,746.2,38.7,20,0.87,19,0.266,0.194,0.249,0.291,Web,Basic,0.437,0.515
USR_01716,782.8,56.0,5,0.614,13,0.099,0.629,0.096,0.176,Tablet,Standard,0.814,0.346
USR_01149,2194.7,61.0,20,0.923,35,0.795,0.079,0.062,0.064,SmartTV,Premium,0.354,0.926
USR_03262,485.8,15.6,5,0.522,31,0.255,0.101,0.397,0.247,Mobile,Premium,0.509,0.099
USR_00575,2790.2,49.0,24,0.789,56,0.751,0.074,0.175,0.0,Console,Premium,0.358,0.748
USR_03770,1340.6,55.3,19,0.7,24,0.286,0.245,0.172,0.297,Console,Premium,0.464,0.699
USR_03737,1149.5,45.1,18,0.74,25,0.239,0.102,0.203,0.456,Web,Standard,0.45,0.684
USR_04147,745.3,34.5,21,0.766,21,0.305,0.129,0.229,0.337,SmartTV,Basic,0.39,0.706
USR_00854,2916.6,25.0,22,0.867,90,0.692,0.0,0.063,0.245,Web,Standard,0.404,0.903
USR_01983,767.9,32.7,10,0.779,23,0.07,0.797,0.0,0.133,Tablet,Standard,0.813,0.401
USR_02775,501.8,13.2,10,0.421,35,0.188,0.155,0.623,0.034,SmartTV,Basic,0.542,0.269
USR_01167,2648.3,77.8,28,0.906,34,0.705,0.008,0.081,0.206,Console,Standard,0.48,0.996
USR_00972,2802.7,62.1,21,0.926,45,0.816,0.043,0.094,0.047,SmartTV,Premium,0.408,0.89
USR_02702,388.6,14.6,7,0.379,26,0.003,0.3,0.536,0.161,Mobile,Free,0.361,0.069
USR_04496,3551.9,84.0,11,0.898,42,0.225,0.139,0.261,0.375,SmartTV,Standard,0.543,0.942
USR_03848,1308.0,36.0,23,0.79,36,0.315,0.274,0.281,0.13,SmartTV,Premium,0.568,0.399
USR_02369,528.9,11.5,7,0.373,35,0.165,0.031,0.627,0.177,Mobile,Standard,0.186,0.292
USR_04116,2151.6,40.0,16,0.667,53,0.329,0.143,0.172,0.356,Console,Standard,0.481,0.675
USR_04132,1716.6,44.2,17,0.793,38,0.207,0.235,0.262,0.296,SmartTV,Standard,0.314,0.577
USR_02951,259.6,22.5,1,0.52,11,0.251,0.105,0.357,0.287,Web,Standard,0.254,0.417
USR_00525,2981.4,46.0,27,0.893,64,0.766,0.16,0.047,0.027,Mobile,Standard,0.392,0.751
USR_02456,622.8,29.1,6,0.399,21,0.215,0.075,0.436,0.274,Tablet,Standard,0.403,0.275
USR_01842,950.0,47.2,6,0.95,20,0.093,0.667,0.041,0.199,Tablet,Premium,0.877,0.4
USR_00538,2420.7,39.2,22,0.891,61,0.858,0.071,0.071,0.0,Mobile,Basic,0.344,0.823
USR_02807,363.4,22.2,1,0.426,16,0.365,0.124,0.511,0.0,Mobile,Standard,0.352,0.241
USR_04342,2106.2,31.2,16,0.796,65,0.286,0.244,0.281,0.189,SmartTV,Basic,0.415,0.84
USR_03176,173.6,5.0,7,0.399,34,0.108,0.089,0.569,0.234,SmartTV,Free,0.306,0.27
USR_00785,2011.1,68.6,20,0.962,29,0.853,0.0,0.05,0.097,SmartTV,Standard,0.496,0.862
USR_04058,1542.4,64.8,18,0.674,23,0.301,0.275,0.209,0.215,SmartTV,Premium,0.339,0.68
USR_01410,817.6,38.3,3,0.743,21,0.0,0.645,0.175,0.18,SmartTV,Standard,0.752,0.342
USR_02538,384.1,5.0,1,0.314,35,0.142,0.089,0.413,0.356,Tablet,Premium,0.181,0.531
USR_00155,2268.7,36.2,25,0.875,62,0.716,0.176,0.108,0.0,Web,Premium,0.36,0.816
USR_03010,721.4,14.3,5,0.601,35,0.229,0.116,0.521,0.134,Mobile,Free,0.655,0.306
USR_01687,853.6,50.3,8,0.715,16,0.023,0.595,0.113,0.269,SmartTV,Standard,0.72,0.333
USR_02902,558.9,18.2,4,0.309,30,0.096,0.208,0.443,0.253,Tablet,Basic,0.239,0.237
USR_04950,2768.1,93.1,14,0.957,29,0.169,0.061,0.194,0.576,Tablet,Standard,0.383,0.972
USR_03864,1591.1,51.6,9,0.791,30,0.309,0.202,0.345,0.144,SmartTV,Standard,0.356,0.457
USR_02734,164.2,6.9,4,0.232,23,0.186,0.066,0.562,0.186,Web,Free,0.37,0.494
USR_01896,1044.6,52.9,8,0.577,19,0.109,0.571,0.101,0.219,Mobile,Standard,0.48,0.607
USR_00570,2600.9,60.7,18,1.0,42,0.797,0.054,0.148,0.001,Mobile,Premium,0.44,0.882
USR_01817,393.1,68.7,7,0.557,5,0.094,0.74,0.121,0.045,SmartTV,Basic,0.695,0.281
USR_02066,921.0,37.0,5,0.77,24,0.109,0.548,0.191,0.152,Web,Standard,0.606,0.375
USR_00128,2670.0,52.4,27,0.889,50,0.75,0.035,0.085,0.13,Mobile,Premium,0.389,0.864
USR_03395,270.5,24.3,7,0.459,11,0.156,0.1,0.382,0.362,Mobile,Standard,0.514,0.63
USR_03328,385.9,5.0,3,0.341,35,0.051,0.193,0.376,0.38,Mobile,Basic,0.404,0.136
USR_04987,3761.9,78.1,14,0.957,48,0.169,0.013,0.154,0.664,SmartTV,Premium,0.454,1.0
USR_02976,396.8,16.6,2,0.615,23,0.199,0.119,0.682,0.0,Mobile,Free,0.268,0.398
USR_00981,2463.5,36.7,21,0.828,67,0.745,0.144,0.111,0.0,SmartTV,Standard,0.261,0.821
USR_02301,502.9,16.3,7,0.367,30,0.154,0.12,0.577,0.149,Mobile,Basic,0.387,0.376
USR_00191,2760.2,64.1,26,0.922,43,0.801,0.101,0.097,0.001,SmartTV,Basic,0.349,0.837
USR_01140,2072.6,47.8,24,0.913,43,0.798,0.089,0.112,0.001,Tablet,Standard,0.33,1.0
USR_00700,1573.9,59.6,27,0.842,26,0.832,0.056,0.091,0.021,Console,Standard,0.358,0.983
USR_04781,2930.5,78.6,17,0.92,37,0.319,0.115,0.219,0.347,Web,Premium,0.529,0.883
USR_00607,2235.4,61.1,24,0.96,36,0.773,0.072,0.078,0.077,Mobile,Standard,0.435,0.885
USR_04277,1857.7,42.2,19,0.693,44,0.277,0.287,0.251,0.185,Tablet,Standard,0.38,0.675
USR_00302,2251.1,40.6,25,0.934,55,0.841,0.039,0.121,-0.001,SmartTV,Standard,0.603,0.801
USR_03421,458.2,20.5,3,0.595,22,0.167,0.214,0.506,0.113,SmartTV,Free,0.309,0.133
USR_04821,3729.9,76.4,16,0.901,48,0.388,0.006,0.175,0.431,Tablet,Premium,0.295,0.879
USR_01061,2244.3,65.2,14,0.987,34,0.802,0.057,0.141,0.0,Mobile,Premium,0.304,0.797
USR_02566,270.0,19.1,3,0.429,14,0.188,0.105,0.707,0.0,Mobile,Free,0.307,0.01
USR_04995,3703.7,98.3,18,0.991,37,0.214,0.139,0.245,0.402,SmartTV,Premium,0.537,0.839
USR_01070,3277.0,69.1,29,0.774,47,0.669,0.028,0.077,0.226,SmartTV,Premium,0.396,0.814
USR_02525,650.1,24.3,7,0.286,26,0.36,0.116,0.473,0.051,SmartTV,Basic,0.487,0.297
USR_02206,1176.9,45.6,4,0.685,25,0.098,0.6,0.22,0.082,SmartTV,Premium,0.781,0.255
USR_01244,1288.2,67.6,20,0.8,19,0.797,0.054,0.148,0.001,Console,Standard,0.455,0.85
USR_00017,2833.5,60.0,25,0.994,47,0.758,0.03,0.056,0.156,Console,Premium,0.355,0.844
USR_03121,323.5,13.0,6,0.478,24,0.238,0.083,0.498,0.181,SmartTV,Basic,0.542,0.087
USR_04643,1805.9,94.3,15,0.983,19,0.361,0.112,0.181,0.346,SmartTV,Basic,0.521,1.0
USR_00816,2912.0,25.0,18,0.852,90,0.832,0.069,0.092,0.007,Tablet,Standard,0.419,0.772
USR_03068,419.2,13.2,5,0.331,31,0.255,0.095,0.65,0.0,Tablet,Free,0.283,0.321
USR_04785,2429.4,78.9,18,0.947,30,0.155,0.052,0.124,0.669,SmartTV,Standard,0.378,1.0
USR_00960,2276.9,40.7,14,0.941,55,0.663,0.053,0.138,0.146,Console,Standard,0.371,0.784
USR_00226,1791.3,47.4,28,0.848,37,0.626,0.015,0.162,0.197,Console,Premium,0.408,0.806
USR_03355,434.3,28.6,1,0.344,15,0.253,0.126,0.294,0.327,Mobile,Basic,0.322,0.671
USR_02486,365.8,14.5,7,0.354,25,0.205,0.087,0.344,0.364,Tablet,Free,0.361,0.343
USR_00563,2960.1,81.8,16,0.926,36,0.78,0.0,0.125,0.095,SmartTV,Standard,0.487,0.802
USR_03437,791.8,15.2,8,0.341,35,0.346,0.122,0.532,0.0,Mobile,Free,0.279,0.446
USR_01694,1086.1,38.8,7,0.598,28,0.059,0.599,0.133,0.209,Tablet,Free,0.53,0.396
USR_01046,2658.1,44.5,18,0.873,59,0.819,0.067,0.063,0.051,Console,Standard,0.38,0.759
USR_03447,548.3,25.4,6,0.404,21,0.271,0.112,0.514,0.103,SmartTV,Standard,0.406,0.223
USR_04566,2757.0,90.1,16,0.983,30,0.11,0.101,0.149,0.64,SmartTV,Premium,0.554,0.916
USR_00955,2523.1,73.8,24,0.891,34,0.693,0.005,0.139,0.163,Mobile,Standard,0.54,0.815
USR_04986,3111.2,81.3,20,0.937,38,0.37,0.112,0.163,0.355,Web,Standard,0.578,0.951
USR_02736,723.7,11.1,8,0.486,35,0.193,0.202,0.564,0.041,Mobile,Free,0.238,0.282
USR_04904,2640.6,85.6,23,0.939,30,0.306,0.124,0.229,0.341,SmartTV,Basic,0.482,0.908
USR_04736,3087.5,71.0,17,0.948,43,0.185,0.042,0.276,0.497,Tablet,Standard,0.368,0.945
USR_04824,2568.4,55.3,12,0.928,46,0.256,0.138,0.145,0.461,SmartTV,Standard,0.637,0.958
USR_01219,2404.7,38.2,28,0.85,62,0.828,0.002,0.09,0.08,SmartTV,Premium,0.443,0.876
USR_01528,1235.4,50.0,5,0.564,24,0.0,0.612,0.144,0.244,Console,Basic,0.624,0.398
USR_03988,625.1,39.0,17,0.758,16,0.16,0.219,0.208,0.413,Web,Standard,0.42,0.711
USR_01301,1018.0,47.3,11,0.536,21,0.118,0.719,0.163,0.0,SmartTV,Standard,0.792,0.409
USR_04892,3387.2,78.1,15,0.966,43,0.294,0.086,0.26,0.36,Web,Free,0.513,0.868
USR_00161,2292.5,50.6,20,0.825,45,0.817,0.042,0.142,-0.001,Mobile,Premium,0.542,0.93
USR_04068,1820.2,26.1,16,0.755,65,0.316,0.194,0.148,0.342,Mobile,Standard,0.285,0.693
USR_00957,1453.8,46.9,18,0.847,30,0.831,0.056,0.096,0.017,Mobile,Basic,0.525,0.794
USR_03792,1897.4,42.3,17,0.748,44,0.217,0.209,0.188,0.386,Web,Standard,0.344,0.794
USR_03235,414.5,15.8,3,0.468,26,0.184,0.144,0.316,0.356,SmartTV,Free,0.39,0.412
USR_02870,314.6,19.8,4,0.606,15,0.381,0.112,0.507,0.0,Mobile,Basic,0.357,0.493
USR_03778,1851.9,37.5,17,0.708,49,0.279,0.285,0.18,0.256,Tablet,Standard,0.458,0.627
USR_04434,3694.1,87.4,15,0.921,42,0.134,0.11,0.195,0.561,SmartTV,Premium,0.572,0.915
USR_02962,333.0,17.2,7,0.524,19,0.24,0.034,0.669,0.057,SmartTV,Basic,0.522,0.317
USR_02201,1183.7,70.9,5,0.836,16,0.045,0.754,0.064,0.137,SmartTV,Standard,0.668,0.407
USR_00099,3177.4,60.2,22,0.887,52,0.835,0.019,0.087,0.059,Web,Standard,0.287,0.882
USR_02558,178.4,17.0,6,0.55,10,0.291,0.094,0.506,0.109,Mobile,Free,0.459,0.441
USR_03184,276.6,15.0,12,0.533,18,0.178,0.193,0.6,0.029,Mobile,Basic,0.426,0.282
USR_00254,1973.2,65.2,17,0.913,30,0.836,0.032,0.129,0.003,SmartTV,Standard,0.441,0.807
USR_03924,972.5,35.5,20,0.792,27,0.36,0.283,0.205,0.152,SmartTV,Standard,0.333,0.566
USR_04200,1957.0,75.8,19,0.817,25,0.223,0.152,0.323,0.302,Tablet,Free,0.506,0.856
USR_01446,1408.6,62.0,5,0.659,22,0.081,0.725,0.194,0.0,SmartTV,Standard,0.721,0.1
USR_01649,1380.5,67.9,5,0.804,20,0.1,0.655,0.127,0.118,Mobile,Basic,0.609,0.424
USR_04683,4305.4,90.0,19,0.944,47,0.24,0.066,0.184,0.51,SmartTV,Premium,0.735,0.86
USR_04724,2671.9,88.0,17,0.978,30,0.24,0.131,0.294,0.335,SmartTV,Premium,0.613,0.936
USR_03992,1414.1,22.3,20,0.782,63,0.248,0.221,0.259,0.272,Mobile,Standard,0.421,0.733
USR_01697,390.2,69.6,2,0.561,5,0.069,0.787,0.0,0.144,SmartTV,Basic,0.677,0.515
USR_03192,544.9,12.2,9,0.395,35,0.179,0.152,0.455,0.214,Tablet,Free,0.348,0.572
USR_04500,2143.0,114.5,10,0.954,18,0.277,0.041,0.296,0.386,Console,Premium,0.745,0.877
USR_01155,1715.7,59.6,22,0.898,28,0.771,0.004,0.126,0.099,SmartTV,Standard,0.574,0.883
USR_02256,343.5,24.6,7,0.637,13,0.234,0.133,0.555,0.078,Web,Basic,0.333,0.427
USR_01683,1263.3,33.5,12,0.377,37,0.142,0.72,0.138,0.0,SmartTV,Standard,0.662,0.647
USR_03171,408.8,17.4,11,0.309,23,0.033,0.139,0.652,0.176,Web,Basic,0.376,0.375
USR_02057,1214.5,53.0,4,0.603,22,0.171,0.656,0.174,-0.001,SmartTV,Standard,0.659,0.355
USR_04091,1930.7,50.6,20,0.564,38,0.281,0.211,0.3,0.208,Tablet,Standard,0.422,0.717
USR_03109,128.1,15.0,11,0.478,8,0.343,0.082,0.47,0.105,Mobile,Free,0.466,0.394
USR_04549,4036.3,79.9,6,0.988,50,0.249,0.073,0.169,0.509,Web,Premium,0.532,1.0
USR_03724,1267.4,30.3,16,0.864,41,0.27,0.235,0.152,0.343,SmartTV,Basic,0.417,0.66
USR_02050,1309.5,53.0,4,0.538,24,0.06,0.769,0.17,0.001,Tablet,Standard,0.793,0.241
USR_03644,2068.2,18.0,20,0.821,65,0.325,0.102,0.187,0.386,Web,Standard,0.443,0.864
USR_04928,3397.3,80.0,21,0.99,42,0.249,0.113,0.164,0.474,SmartTV,Premium,0.607,0.961
USR_00624,2510.3,74.1,22,0.966,33,0.757,0.025,0.113,0.105,SmartTV,Premium,0.403,0.756
USR_00263,2513.9,64.8,21,0.907,38,0.734,0.052,0.09,0.124,SmartTV,Basic,0.36,0.836
USR_03370,531.8,22.5,5,0.48,23,0.156,0.183,0.54,0.121,Mobile,Free,0.493,0.07
USR_04062,1963.7,55.9,20,0.755,35,0.287,0.251,0.363,0.099,Mobile,Basic,0.479,0.686
USR_01803,573.6,44.3,7,0.555,12,0.006,0.769,0.159,0.066,SmartTV,Free,0.563,0.33
USR_04737,2958.0,76.5,22,0.986,38,0.289,0.112,0.115,0.484,SmartTV,Premium,0.624,0.91
USR_04993,3612.9,64.3,11,0.943,56,0.202,0.106,0.16,0.532,Tablet,Standard,0.65,0.879
USR_02386,523.3,15.6,5,0.264,33,0.203,0.101,0.406,0.29,Mobile,Basic,0.336,0.219
USR_01960,1123.6,51.7,11,0.763,21,0.005,0.699,0.084,0.212,SmartTV,Standard,0.737,0.531
USR_02977,450.2,22.7,9,0.35,19,0.322,0.202,0.476,0.0,Mobile,Free,0.349,0.226
USR_00489,2865.2,50.1,25,0.887,57,0.769,0.052,0.137,0.042,SmartTV,Premium,0.446,1.0
USR_01844,560.9,36.4,9,0.811,15,0.147,0.686,0.158,0.009,Mobile,Standard,0.725,0.495
USR_01735,932.7,29.4,7,0.749,31,0.071,0.774,0.156,-0.001,Tablet,Basic,0.592,0.262
USR_02912,350.9,17.5,1,0.484,20,0.219,0.0,0.401,0.38,Tablet,Basic,0.266,0.332
USR_03220,362.5,8.3,11,0.559,35,0.246,0.165,0.589,0.0,Tablet,Free,0.385,0.514
USR_00147,2463.4,33.8,23,0.871,72,0.738,0.0,0.126,0.136,SmartTV,Basic,0.377,0.756
USR_01987,300.0,44.2,7,0.754,6,0.077,0.792,0.075,0.056,Tablet,Free,0.706,0.528
USR_01370,918.6,72.9,8,0.478,12,0.071,0.812,0.117,0.0,Web,Premium,0.533,0.4
USR_02812,407.0,11.6,4,0.593,35,0.258,0.168,0.575,-0.001,Web,Basic,0.294,0.344
USR_00660,2365.1,42.2,21,0.995,56,0.804,0.104,0.092,0.0,SmartTV,Premium,0.446,0.93
USR_01795,532.8,41.8,6,0.583,12,0.045,0.721,0.097,0.137,Tablet,Premium,0.687,0.374
USR_02512,463.4,14.6,7,0.397,31,0.125,0.182,0.559,0.134,Mobile,Free,0.336,0.064
USR_03398,613.7,5.0,5,0.309,35,0.235,0.181,0.365,0.219,Mobile,Free,0.632,0.33
USR_04283,1303.5,37.9,15,0.633,34,0.226,0.219,0.265,0.29,SmartTV,Standard,0.338,0.506
USR_01148,1986.6,53.2,26,0.908,37,0.675,0.054,0.201,0.07,Web,Premium,0.429,0.824
USR_03273,468.9,18.0,7,0.426,25,0.168,0.065,0.543,0.224,SmartTV,Free,0.503,0.266
USR_00609,2152.2,61.1,18,0.97,35,0.891,0.041,0.068,0.0,SmartTV,Premium,0.211,0.731
USR_03583,1977.4,37.5,12,0.754,52,0.316,0.172,0.237,0.275,Mobile,Free,0.319,0.799
USR_01931,926.3,24.8,11,0.707,37,0.028,0.653,0.0,0.319,SmartTV,Premium,0.757,0.346
USR_00198,2353.6,25.7,21,0.965,90,0.768,0.088,0.144,0.0,SmartTV,Basic,0.427,0.866
USR_02932,336.2,15.8,8,0.242,21,0.018,0.192,0.434,0.356,Mobile,Free,0.454,0.307
USR_02328,528.4,29.6,7,0.45,17,0.159,0.114,0.533,0.194,Mobile,Free,0.255,0.256
USR_04390,1826.0,32.6,17,0.778,55,0.26,0.138,0.274,0.328,Mobile,Standard,0.515,0.571
USR_00767,2598.2,48.7,17,0.931,53,0.771,0.04,0.102,0.087,Tablet,Premium,0.631,0.942
USR_04497,2827.3,82.8,14,0.951,34,0.32,0.159,0.17,0.351,Tablet,Free,0.692,0.858
USR_04219,1583.8,53.4,19,0.743,29,0.307,0.246,0.268,0.179,Tablet,Basic,0.348,0.535
USR_03256,275.0,15.3,1,0.288,17,0.24,0.099,0.491,0.17,Mobile,Basic,0.24,0.307
USR_00203,3485.7,64.4,21,0.864,54,0.782,0.082,0.041,0.095,Mobile,Premium,0.509,0.907
USR_03511,1735.0,25.1,20,0.708,65,0.232,0.286,0.264,0.218,Mobile,Premium,0.34,0.577
USR_01734,943.6,72.6,7,0.833,13,0.064,0.623,0.245,0.068,Mobile,Premium,0.732,0.421
USR_02778,541.8,22.2,4,0.623,24,0.153,0.129,0.383,0.335,Mobile,Basic,0.362,0.14
USR_01708,704.4,60.6,12,0.862,11,0.053,0.701,0.115,0.131,SmartTV,Standard,0.613,0.199
USR_03475,517.0,8.1,5,0.465,35,0.197,0.103,0.561,0.139,Mobile,Free,0.398,0.37
USR_00855,1934.0,65.6,22,0.922,29,0.741,0.103,0.115,0.041,SmartTV,Premium,0.366,0.849
USR_04738,3287.7,90.9,15,0.923,36,0.24,0.081,0.216,0.463,Web,Standard,0.311,0.939
USR_04098,1999.4,55.9,18,0.749,35,0.322,0.217,0.253,0.208,Web,Basic,0.329,0.95
USR_02161,989.6,39.5,13,0.564,25,0.139,0.687,0.174,0.0,Web,Free,0.755,0.154
USR_00699,2257.8,58.8,23,0.93,38,0.895,0.063,0.035,0.007,Mobile,Premium,0.392,0.854
USR_04948,3482.1,67.0,12,0.944,51,0.286,0.056,0.162,0.496,SmartTV,Premium,0.543,0.991
USR_03000,474.3,11.3,5,0.37,35,0.231,0.077,0.496,0.196,Mobile,Standard,0.351,0.312
USR_03697,1628.8,31.6,15,0.625,51,0.32,0.154,0.295,0.231,Console,Premium,0.442,0.641
USR_01637,971.7,58.4,11,0.803,16,0.128,0.696,0.177,-0.001,Web,Standard,0.701,0.275
USR_03458,222.6,13.8,7,0.45,16,0.343,0.159,0.498,0.0,SmartTV,Standard,0.475,0.474
USR_03582,2010.0,32.8,14,0.654,61,0.207,0.166,0.296,0.331,SmartTV,Standard,0.45,0.446
USR_01292,503.8,20.0,8,0.621,25,0.006,0.854,0.141,-0.001,SmartTV,Standard,0.651,0.372
USR_04660,3005.3,91.0,23,0.965,33,0.222,0.142,0.22,0.416,SmartTV,Premium,0.505,1.0
USR_01854,783.4,22.0,9,0.54,35,0.137,0.658,0.134,0.071,SmartTV,Standard,0.68,0.449
USR_03764,1732.6,55.4,21,0.77,31,0.335,0.316,0.223,0.126,Mobile,Basic,0.299,0.729
USR_03305,220.2,16.1,5,0.15,13,0.331,0.046,0.5,0.123,Mobile,Free,0.414,0.496
USR_04913,3052.5,71.5,11,0.951,42,0.189,0.081,0.24,0.49,Tablet,Premium,0.52,0.899
USR_03744,795.7,40.1,18,0.707,19,0.296,0.28,0.27,0.154,SmartTV,Free,0.386,0.635
USR_03446,309.7,19.9,12,0.488,15,0.232,0.038,0.6,0.13,Mobile,Basic,0.455,0.347
USR_01999,778.8,44.3,6,0.562,17,0.148,0.672,0.179,0.001,SmartTV,Standard,0.558,0.442
USR_00664,3049.7,65.5,24,0.861,46,0.816,0.059,0.057,0.068,SmartTV,Standard,0.523,0.854
USR_04780,2816.9,83.0,16,0.97,33,0.258,0.064,0.151,0.527,SmartTV,Standard,0.512,0.981
USR_03749,2059.0,50.1,18,0.656,41,0.258,0.167,0.308,0.267,SmartTV,Basic,0.258,0.841
USR_04414,2631.0,94.9,17,1.0,27,0.18,0.009,0.236,0.575,SmartTV,Premium,0.514,0.897
USR_04745,3806.5,99.5,22,0.903,38,0.264,0.084,0.146,0.506,SmartTV,Premium,0.582,0.904
USR_00710,2319.2,75.7,22,0.925,30,0.789,0.033,0.0,0.178,SmartTV,Basic,0.436,0.788
USR_01283,698.6,42.9,2,0.724,16,0.046,0.797,0.157,0.0,SmartTV,Standard,0.792,0.29
USR_02676,472.8,15.7,5,0.449,30,0.297,0.055,0.531,0.117,Mobile,Basic,0.1,0.259
USR_04030,1039.9,35.2,12,0.65,29,0.37,0.239,0.293,0.098,SmartTV,Free,0.505,0.575
USR_01307,749.7,54.4,6,0.762,13,0.154,0.459,0.147,0.24,SmartTV,Premium,0.506,0.713
USR_02238,1093.7,42.4,4,0.71,25,0.133,0.715,0.152,0.0,SmartTV,Standard,0.676,0.509
USR_03303,359.4,16.2,4,0.45,22,0.255,0.194,0.522,0.029,SmartTV,Free,0.182,0.239
USR_02039,1288.4,48.0,8,0.596,26,0.053,0.679,0.227,0.041,SmartTV,Premium,0.673,0.261
USR_01530,1307.9,47.3,10,0.626,27,0.118,0.793,0.088,0.001,Console,Free,0.612,0.506
USR_01664,928.8,48.6,8,0.897,19,0.028,0.724,0.076,0.172,Mobile,Basic,0.631,0.622
USR_04935,3378.3,95.1,15,0.929,35,0.312,0.04,0.059,0.589,SmartTV,Premium,0.607,0.882
USR_04954,2129.0,70.4,12,0.972,30,0.198,0.128,0.292,0.382,Tablet,Premium,0.328,0.946
USR_03628,2025.8,47.6,14,0.839,42,0.233,0.197,0.183,0.387,SmartTV,Basic,0.286,0.637
USR_02694,551.8,18.5,2,0.402,29,0.215,0.218,0.487,0.08,Tablet,Free,0.374,0.438
USR_03061,388.1,15.8,11,0.262,24,0.216,0.0,0.556,0.228,Mobile,Free,0.189,0.465
USR_01598,1086.2,60.8,10,0.693,17,0.028,0.659,0.176,0.137,SmartTV,Premium,0.925,0.379
USR_02730,604.1,17.0,4,0.611,35,0.223,0.211,0.521,0.045,Tablet,Free,0.405,0.213
USR_02626,445.9,8.6,2,0.412,35,0.309,0.085,0.476,0.13,Mobile,Free,0.564,0.255
USR_03158,330.1,23.9,2,0.344,13,0.109,0.132,0.617,0.142,Mobile,Basic,0.317,0.201
USR_03315,606.0,15.5,4,0.37,35,0.067,0.049,0.527,0.357,Mobile,Free,0.396,0.374
USR_01723,1361.6,32.6,9,0.739,40,0.036,0.843,0.121,0.0,Tablet,Standard,0.642,0.673
USR_01060,2197.7,49.4,17,0.94,44,0.829,0.093,0.014,0.064,SmartTV,Standard,0.407,0.828
USR_04637,3247.0,74.5,22,0.97,43,0.302,0.083,0.138,0.477,Console,Standard,0.585,0.89
USR_03243,328.4,15.1,3,0.405,21,0.059,0.161,0.516,0.264,Tablet,Free,0.294,0.068
USR_01679,904.4,49.5,11,0.783,18,0.129,0.725,0.146,0.0,Mobile,Premium,0.557,0.438
USR_01758,1207.9,47.5,8,0.615,25,0.006,0.729,0.266,-0.001,Mobile,Free,0.641,0.608
USR_04192,1764.7,38.0,15,0.772,46,0.3,0.235,0.256,0.209,Tablet,Premium,0.431,0.755
USR_00564,2924.7,56.6,22,0.837,51,0.792,0.075,0.133,0.0,Tablet,Standard,0.41,0.898
USR_02791,660.6,20.1,6,0.577,32,0.276,0.111,0.544,0.069,Mobile,Basic,0.258,0.216
USR_00864,2809.9,54.0,27,0.748,52,0.652,0.087,0.101,0.16,SmartTV,Premium,0.468,0.855
USR_01485,766.6,47.8,6,0.74,16,0.089,0.749,0.162,0.0,SmartTV,Premium,0.704,0.346
USR_00207,2624.2,68.7,28,0.819,38,0.707,0.01,0.088,0.195,Web,Basic,0.457,0.929
USR_04489,3313.7,81.4,14,0.977,40,0.22,0.071,0.109,0.6,Web,Standard,0.664,0.998
USR_00871,2678.1,59.2,17,0.788,45,0.887,0.113,0.0,0.0,SmartTV,Basic,0.383,0.983
USR_04494,3364.8,71.7,14,0.88,46,0.32,0.091,0.169,0.42,Console,Basic,0.383,0.975
USR_00503,2995.2,53.0,22,0.926,56,0.84,0.071,0.089,0.0,Console,Standard,0.395,0.919
USR_01029,2033.9,45.8,23,0.801,44,0.869,0.039,0.092,0.0,SmartTV,Premium,0.313,0.849
USR_03841,2142.3,41.1,19,0.761,52,0.274,0.218,0.2,0.308,Web,Standard,0.399,0.728
USR_02691,117.0,13.1,11,0.348,8,0.321,0.083,0.489,0.107,Tablet,Free,0.412,0.315
USR_01571,1041.6,55.3,11,0.611,18,0.006,0.74,0.055,0.199,Console,Standard,0.925,0.595
USR_02774,570.0,20.6,10,0.623,27,0.132,0.104,0.386,0.378,SmartTV,Basic,0.284,0.468
USR_02732,547.4,13.7,4,0.49,35,0.038,0.138,0.451,0.373,Mobile,Free,0.373,0.352
USR_00805,2641.0,69.5,14,0.944,37,0.809,0.034,0.157,0.0,SmartTV,Free,0.399,0.74
USR_03646,1413.5,33.8,21,0.483,41,0.254,0.153,0.207,0.386,Web,Standard,0.422,0.625
USR_02455,293.2,26.5,9,0.422,11,0.232,0.05,0.665,0.053,Tablet,Basic,0.231,0.427
USR_04599,3365.0,114.5,15,0.985,29,0.168,0.148,0.132,0.552,SmartTV,Premium,0.537,0.946
USR_03105,416.4,20.6,8,0.329,20,0.175,0.078,0.449,0.298,Mobile,Basic,0.399,0.389
USR_04876,3131.9,65.1,18,1.0,48,0.388,0.111,0.183,0.318,Web,Standard,0.578,0.998
USR_00201,1700.8,64.8,23,0.826,26,0.702,0.105,0.041,0.152,Console,Standard,0.551,0.778
USR_03100,756.7,10.8,5,0.474,35,0.174,0.12,0.706,0.0,Mobile,Standard,0.304,0.017
USR_02279,317.5,25.0,4,0.612,12,0.103,0.055,0.479,0.363,Mobile,Basic,0.4,0.267
USR_03562,1904.1,43.8,20,0.811,43,0.231,0.257,0.333,0.179,Mobile,Standard,0.479,0.834
USR_04475,3912.8,74.2,12,0.957,52,0.328,0.082,0.194,0.396,Tablet,Premium,0.661,0.967
USR_04515,2831.2,74.3,16,0.92,38,0.375,0.086,0.168,0.371,Tablet,Premium,0.759,0.865
USR_00392,1932.1,66.5,22,0.898,29,0.681,0.025,0.19,0.104,Mobile,Free,0.361,0.982
USR_01496,895.6,37.5,11,0.518,23,0.102,0.784,0.094,0.02,SmartTV,Premium,0.578,0.542
USR_02696,457.3,9.7,3,0.257,35,0.259,0.049,0.541,0.151,Mobile,Free,0.57,0.514
USR_02028,996.7,65.9,6,0.792,15,0.082,0.844,0.074,0.0,Tablet,Premium,0.572,0.311
USR_02569,183.3,18.8,1,0.282,9,0.316,0.181,0.503,0.0,SmartTV,Free,0.387,0.007
USR_00065,2079.2,56.3,20,0.97,36,0.55,0.104,0.162,0.184,Console,Premium,0.254,0.823
USR_03885,951.1,64.0,23,0.69,14,0.355,0.29,0.154,0.201,Mobile,Standard,0.477,0.591
USR_02063,1375.5,45.9,6,0.683,29,0.168,0.67,0.069,0.093,SmartTV,Premium,0.63,0.435
USR_00493,2234.0,57.6,18,0.984,38,0.723,0.058,0.128,0.091,SmartTV,Premium,0.373,0.702
USR_00380,2255.9,74.7,23,0.828,30,0.777,0.061,0.124,0.038,Mobile,Standard,0.311,0.897
USR_04860,2788.8,82.9,11,0.982,33,0.326,0.043,0.171,0.46,Web,Standard,0.558,0.974
USR_03994,1520.1,44.7,16,0.847,34,0.401,0.282,0.222,0.095,Mobile,Standard,0.445,0.718
USR_04888,2174.0,74.0,15,0.997,29,0.091,0.137,0.196,0.576,SmartTV,Standard,0.651,0.833
USR_01077,2012.4,56.2,21,0.919,35,0.739,0.129,0.036,0.096,SmartTV,Premium,0.52,0.789
USR_00879,1949.5,67.4,19,0.768,28,0.742,0.076,0.077,0.105,Web,Standard,0.395,0.941
USR_00338,2059.5,66.5,22,0.894,30,0.804,0.063,0.133,0.0,Web,Premium,0.396,0.955
USR_01017,1368.9,41.7,15,0.9,32,0.733,0.038,0.051,0.178,SmartTV,Standard,0.161,0.971
USR_01276,1000.8,51.6,11,0.743,19,0.08,0.758,0.162,0.0,Mobile,Standard,0.755,0.177
USR_03799,928.7,36.5,12,0.924,25,0.259,0.209,0.248,0.284,SmartTV,Standard,0.298,0.777
USR_04552,2145.1,83.7,23,0.966,25,0.368,0.064,0.217,0.351,SmartTV,Standard,0.556,0.995
USR_03343,337.0,16.2,4,0.361,20,0.18,0.084,0.34,0.396,Tablet,Premium,0.323,0.007
USR_04912,3877.4,102.7,12,0.949,37,0.305,0.07,0.182,0.443,Web,Basic,0.403,0.864
USR_00996,1552.9,43.5,22,0.874,35,0.653,0.067,0.148,0.132,Mobile,Standard,0.33,0.952
USR_01982,702.7,43.1,5,0.676,16,0.049,0.775,0.175,0.001,SmartTV,Premium,0.588,0.42
USR_04298,1777.8,51.1,20,0.738,34,0.269,0.221,0.229,0.281,Web,Premium,0.56,0.498
USR_00162,2205.8,44.2,23,0.809,49,0.854,0.04,0.106,0.0,SmartTV,Premium,0.443,0.829
USR_04799,3423.4,62.8,14,1.0,54,0.39,0.082,0.164,0.364,SmartTV,Premium,0.432,0.862
USR_01501,1408.3,27.3,5,0.57,40,0.033,0.752,0.106,0.109,SmartTV,Standard,0.887,0.649
USR_03844,1672.9,40.7,19,0.614,41,0.291,0.2,0.157,0.352,SmartTV,Free,0.501,0.397
USR_02614,123.0,16.5,4,0.625,7,0.199,0.113,0.688,0.0,Mobile,Basic,0.308,0.202
USR_03462,223.0,17.4,7,0.44,12,0.108,0.207,0.493,0.192,Web,Free,0.193,0.223
USR_01022,2433.7,46.1,25,0.975,52,0.813,0.096,0.09,0.001,Console,Premium,0.281,0.814
USR_03074,522.4,23.4,8,0.377,22,0.062,0.135,0.556,0.247,SmartTV,Free,0.297,0.328
USR_03944,2568.7,48.7,15,0.793,52,0.249,0.143,0.163,0.445,SmartTV,Premium,0.371,0.7
USR_01586,682.9,29.1,5,0.725,23,0.08,0.689,0.085,0.146,SmartTV,Premium,0.838,0.319
USR_01956,1369.2,35.1,10,0.512,39,0.098,0.693,0.209,0.0,Tablet,Premium,0.797,0.488
USR_03153,372.1,9.9,4,0.253,35,0.121,0.052,0.625,0.202,Tablet,Standard,0.529,0.07
USR_00035,2391.7,51.5,23,0.83,46,0.793,0.116,0.091,0.0,SmartTV,Premium,0.452,0.905
USR_04015,1593.5,44.5,9,0.879,35,0.303,0.215,0.295,0.187,Console,Standard,0.294,0.584
USR_00776,2463.0,61.7,24,0.921,39,0.841,0.082,0.077,0.0,SmartTV,Premium,0.414,0.857
USR_02557,549.4,20.1,5,0.361,27,0.287,0.111,0.443,0.159,Tablet,Free,0.304,0.415
USR_01479,853.3,60.5,14,0.641,14,0.12,0.645,0.133,0.102,SmartTV,Premium,0.683,0.397
USR_01364,1011.5,60.2,9,0.606,16,0.115,0.757,0.063,0.065,SmartTV,Premium,0.595,0.557
USR_02613,569.1,10.8,4,0.623,35,0.253,0.167,0.393,0.187,Tablet,Basic,0.429,0.087
USR_02825,519.4,16.2,7,0.176,32,0.256,0.186,0.325,0.233,Tablet,Free,0.395,0.502
USR_02042,1141.4,44.0,5,0.66,25,0.045,0.682,0.204,0.069,SmartTV,Basic,0.728,0.541
USR_00242,1986.6,66.7,25,0.805,29,0.785,0.032,0.037,0.146,Mobile,Premium,0.403,0.825
USR_02062,1058.6,50.7,8,0.523,20,0.008,0.639,0.201,0.152,SmartTV,Free,0.646,0.356
USR_02364,225.2,17.7,4,0.247,12,0.209,0.016,0.479,0.296,Web,Free,0.598,0.4
USR_00601,2335.4,53.0,22,0.885,44,0.741,0.111,0.042,0.106,Tablet,Standard,0.362,1.0
USR_02436,262.4,17.0,5,0.43,15,0.293,0.063,0.644,0.0,Mobile,Basic,0.401,0.304
USR_02889,626.8,16.6,3,0.424,35,0.359,0.059,0.582,0.0,Tablet,Standard,0.51,0.246
USR_00647,1881.6,56.3,23,0.809,33,0.864,0.0,0.071,0.065,SmartTV,Premium,0.399,0.799
USR_03891,1633.5,51.7,23,0.768,31,0.32,0.193,0.214,0.273,Mobile,Standard,0.491,0.545
USR_03557,1988.8,47.1,18,0.572,42,0.318,0.256,0.188,0.238,Mobile,Standard,0.295,0.712
USR_03203,492.9,15.1,1,0.484,32,0.244,0.181,0.517,0.058,Mobile,Standard,0.158,0.286
USR_01529,1073.2,43.7,5,0.674,24,0.035,0.693,0.221,0.051,SmartTV,Standard,0.653,0.633
USR_01268,1089.8,55.4,10,0.506,19,0.087,0.68,0.233,0.0,Mobile,Premium,0.773,0.344
USR_01900,569.4,20.0,5,0.591,28,0.127,0.649,0.091,0.133,SmartTV,Standard,0.762,0.226
USR_04659,2760.5,94.5,13,0.991,29,0.268,0.044,0.236,0.452,SmartTV,Premium,0.61,0.965
USR_03006,362.1,27.3,8,0.499,13,0.203,0.176,0.259,0.362,Mobile,Free,0.403,0.324
USR_02735,336.3,11.4,8,0.569,29,0.276,0.128,0.413,0.183,Console,Standard,0.487,0.387
USR_00190,2826.4,43.3,16,0.842,65,0.793,0.091,0.116,0.0,Web,Basic,0.478,0.891
USR_01807,1047.0,76.7,6,0.722,13,0.196,0.656,0.148,0.0,SmartTV,Premium,0.586,0.43
USR_00976,1960.2,77.7,18,0.894,25,0.665,0.061,0.119,0.155,Console,Standard,0.408,0.907
USR_02748,252.0,23.7,5,0.618,10,0.237,0.073,0.4,0.29,Mobile,Basic,0.472,0.319
USR_02048,1092.7,43.4,6,0.733,25,0.131,0.762,0.107,0.0,SmartTV,Premium,0.95,0.564
USR_02559,460.2,26.2,8,0.503,17,0.134,0.104,0.496,0.266,Mobile,Free,0.52,0.264
USR_01083,2295.7,50.9,17,0.858,45,0.56,0.037,0.098,0.305,Mobile,Standard,0.465,0.829
USR_00475,2720.1,92.4,25,0.829,29,0.742,0.042,0.01,0.206,Tablet,Premium,0.394,0.909
USR_02905,702.5,13.9,9,0.393,35,0.13,0.151,0.477,0.242,Web,Basic,0.325,0.322
USR_04844,4053.0,96.8,14,0.961,41,0.217,0.076,0.177,0.53,Console,Premium,0.383,0.963
USR_04118,1871.9,51.8,25,0.865,36,0.256,0.263,0.267,0.214,Tablet,Free,0.341,0.701
USR_03386,426.3,14.0,5,0.439,30,0.181,0.013,0.677,0.129,Mobile,Free,0.451,0.28
USR_04556,3129.9,66.4,25,1.0,47,0.421,0.066,0.13,0.383,Mobile,Premium,0.631,0.975
USR_01185,2813.7,64.0,21,0.811,43,0.826,0.019,0.062,0.093,SmartTV,Standard,0.342,0.839
USR_02434,332.6,12.2,3,0.347,27,0.325,0.118,0.361,0.196,Tablet,Free,0.627,0.129
USR_02392,469.6,9.2,9,0.617,35,0.059,0.149,0.588,0.204,SmartTV,Free,0.311,0.226
USR_00770,2404.7,60.0,21,0.86,40,0.853,0.094,0.052,0.001,Console,Standard,0.405,0.872
USR_01686,957.6,31.0,10,0.738,30,0.071,0.687,0.127,0.115,Mobile,Standard,0.681,0.327
USR_00131,2938.5,53.1,21,0.824,55,0.74,0.025,0.091,0.144,Mobile,Premium,0.557,0.74
USR_02920,329.3,13.7,7,0.443,24,0.15,0.244,0.607,-0.001,Mobile,Standard,0.35,0.66
USR_03172,532.9,21.2,1,0.434,25,0.094,0.118,0.466,0.322,Mobile,Standard,0.474,0.337
USR_03445,688.4,14.1,6,0.363,35,0.268,0.119,0.548,0.065,Tablet,Standard,0.504,0.366
USR_04427,4181.6,82.7,18,0.983,50,0.245,0.048,0.192,0.515,Tablet,Free,0.48,0.939
USR_00467,2520.5,45.1,19,0.96,55,0.854,0.066,0.036,0.044,Tablet,Premium,0.437,0.935
USR_03093,331.6,18.5,5,0.514,17,0.319,0.038,0.385,0.258,Mobile,Standard,0.512,0.325
USR_03773,1537.1,48.1,21,0.685,31,0.351,0.205,0.322,0.122,SmartTV,Standard,0.351,0.738
USR_00861,3316.0,78.9,21,0.845,42,0.843,0.046,0.042,0.069,Console,Basic,0.522,0.947
